make: Entering directory '/home/lain/kernel/build/linux-7.1.1'
  GEN     arch/x86/include/generated/asm/orc_hash.h
  WRAP    arch/x86/include/generated/uapi/asm/bpf_perf_event.h
  WRAP    arch/x86/include/generated/uapi/asm/errno.h
  WRAP    arch/x86/include/generated/uapi/asm/fcntl.h
  WRAP    arch/x86/include/generated/uapi/asm/ioctl.h
  WRAP    arch/x86/include/generated/uapi/asm/ioctls.h
  UPD     arch/x86/include/generated/asm/cpufeaturemasks.h
  WRAP    arch/x86/include/generated/uapi/asm/ipcbuf.h
  WRAP    arch/x86/include/generated/uapi/asm/param.h
  WRAP    arch/x86/include/generated/uapi/asm/poll.h
  WRAP    arch/x86/include/generated/uapi/asm/resource.h
  WRAP    arch/x86/include/generated/uapi/asm/socket.h
  UPD     include/generated/uapi/linux/version.h
  WRAP    arch/x86/include/generated/uapi/asm/sockios.h
  WRAP    arch/x86/include/generated/uapi/asm/termbits.h
  WRAP    arch/x86/include/generated/uapi/asm/termios.h
  SYSHDR  arch/x86/include/generated/uapi/asm/unistd_32.h
  WRAP    arch/x86/include/generated/uapi/asm/types.h
  SYSHDR  arch/x86/include/generated/uapi/asm/unistd_64.h
  UPD     include/config/kernel.release
  SYSHDR  arch/x86/include/generated/uapi/asm/unistd_x32.h
  SYSTBL  arch/x86/include/generated/asm/syscalls_32.h
  SYSHDR  arch/x86/include/generated/asm/unistd_32_ia32.h
  SYSHDR  arch/x86/include/generated/asm/unistd_64_x32.h
  SYSTBL  arch/x86/include/generated/asm/syscalls_64.h
  WRAP    arch/x86/include/generated/asm/early_ioremap.h
  WRAP    arch/x86/include/generated/asm/fprobe.h
  WRAP    arch/x86/include/generated/asm/mcs_spinlock.h
  WRAP    arch/x86/include/generated/asm/mmzone.h
  HOSTCC  arch/x86/tools/relocs_32.o
  WRAP    arch/x86/include/generated/asm/ring_buffer.h
  HOSTCC  arch/x86/tools/relocs_64.o
  WRAP    arch/x86/include/generated/asm/irq_regs.h
  HOSTCC  arch/x86/tools/relocs_common.o
  UPD     include/generated/utsrelease.h
  WRAP    arch/x86/include/generated/asm/kmap_size.h
  WRAP    arch/x86/include/generated/asm/local64.h
  WRAP    arch/x86/include/generated/asm/mmiowb.h
  HOSTCC  arch/x86/tools/vdso2c
  WRAP    arch/x86/include/generated/asm/module.lds.h
  UPD     include/generated/compile.h
  HOSTCC  scripts/kallsyms
  WRAP    arch/x86/include/generated/asm/rwonce.h
  DESCEND objtool
  HOSTCC  scripts/sorttable.o
  HOSTCC  scripts/elf-parse.o
  HOSTCC  scripts/asn1_compiler
  HOSTCC  scripts/tracepoint-update.o
  HOSTLD  scripts/tracepoint-update
  HOSTLD  arch/x86/tools/relocs
  INSTALL /home/lain/kernel/build/linux-7.1.1/tools/objtool/libsubcmd/include/subcmd/exec-cmd.h
  INSTALL /home/lain/kernel/build/linux-7.1.1/tools/objtool/libsubcmd/include/subcmd/help.h
  INSTALL /home/lain/kernel/build/linux-7.1.1/tools/objtool/libsubcmd/include/subcmd/pager.h
  INSTALL /home/lain/kernel/build/linux-7.1.1/tools/objtool/libsubcmd/include/subcmd/parse-options.h
  INSTALL /home/lain/kernel/build/linux-7.1.1/tools/objtool/libsubcmd/include/subcmd/run-command.h
  INSTALL libsubcmd_headers
  HOSTLD  scripts/sorttable
  CC      scripts/mod/empty.o
  HOSTCC  scripts/mod/mk_elfconfig
  CC      scripts/mod/devicetable-offsets.s
  UPD     scripts/mod/devicetable-offsets.h
  MKELF   scripts/mod/elfconfig.h
  HOSTCC  scripts/mod/modpost.o
  HOSTCC  scripts/mod/file2alias.o
  HOSTCC  scripts/mod/sumversion.o
  HOSTCC  scripts/mod/symsearch.o
  CC      /home/lain/kernel/build/linux-7.1.1/tools/objtool/libsubcmd/exec-cmd.o
  CC      /home/lain/kernel/build/linux-7.1.1/tools/objtool/libsubcmd/help.o
  CC      /home/lain/kernel/build/linux-7.1.1/tools/objtool/libsubcmd/pager.o
  CC      /home/lain/kernel/build/linux-7.1.1/tools/objtool/libsubcmd/parse-options.o
  CC      /home/lain/kernel/build/linux-7.1.1/tools/objtool/libsubcmd/run-command.o
  CC      /home/lain/kernel/build/linux-7.1.1/tools/objtool/libsubcmd/subcmd-config.o
  CC      /home/lain/kernel/build/linux-7.1.1/tools/objtool/libsubcmd/sigchain.o
  LD      /home/lain/kernel/build/linux-7.1.1/tools/objtool/libsubcmd/libsubcmd-in.o
  AR      /home/lain/kernel/build/linux-7.1.1/tools/objtool/libsubcmd/libsubcmd.a
  CC      /home/lain/kernel/build/linux-7.1.1/tools/objtool/weak.o
  CC      /home/lain/kernel/build/linux-7.1.1/tools/objtool/check.o
  MKDIR   /home/lain/kernel/build/linux-7.1.1/tools/objtool/arch/x86/lib/
  CC      /home/lain/kernel/build/linux-7.1.1/tools/objtool/special.o
  MKDIR   /home/lain/kernel/build/linux-7.1.1/tools/objtool/arch/x86/lib/
  CC      /home/lain/kernel/build/linux-7.1.1/tools/objtool/builtin-check.o
  CC      /home/lain/kernel/build/linux-7.1.1/tools/objtool/arch/x86/orc.o
  CC      /home/lain/kernel/build/linux-7.1.1/tools/objtool/elf.o
  CC      /home/lain/kernel/build/linux-7.1.1/tools/objtool/objtool.o
  CC      /home/lain/kernel/build/linux-7.1.1/tools/objtool/orc_gen.o
  CC      /home/lain/kernel/build/linux-7.1.1/tools/objtool/orc_dump.o
  CC      /home/lain/kernel/build/linux-7.1.1/tools/objtool/libstring.o
  CC      /home/lain/kernel/build/linux-7.1.1/tools/objtool/libctype.o
  GEN     /home/lain/kernel/build/linux-7.1.1/tools/objtool/arch/x86/lib/cpu-feature-names.c
  CC      /home/lain/kernel/build/linux-7.1.1/tools/objtool/str_error_r.o
  GEN     /home/lain/kernel/build/linux-7.1.1/tools/objtool/arch/x86/lib/inat-tables.c
  CC      /home/lain/kernel/build/linux-7.1.1/tools/objtool/arch/x86/special.o
  CC      /home/lain/kernel/build/linux-7.1.1/tools/objtool/arch/x86/decode.o
  CC      /home/lain/kernel/build/linux-7.1.1/tools/objtool/librbtree.o
  CC      /home/lain/kernel/build/linux-7.1.1/tools/objtool/signal.o
  HOSTLD  scripts/mod/modpost
  CC      kernel/bounds.s
  CHKSHA1 include/linux/atomic/atomic-arch-fallback.h
  CHKSHA1 include/linux/atomic/atomic-instrumented.h
  CHKSHA1 include/linux/atomic/atomic-long.h
  UPD     include/generated/timeconst.h
  UPD     include/generated/bounds.h
  CC      arch/x86/kernel/asm-offsets.s
  LD      /home/lain/kernel/build/linux-7.1.1/tools/objtool/arch/x86/objtool-in.o
  UPD     include/generated/asm-offsets.h
  CC      kernel/sched/rq-offsets.s
  UPD     include/generated/rq-offsets.h
  CALL    scripts/checksyscalls.sh 
  LD      /home/lain/kernel/build/linux-7.1.1/tools/objtool/objtool-in.o
  LINK    /home/lain/kernel/build/linux-7.1.1/tools/objtool/objtool
  LDS     scripts/module.lds
  CC      init/main.o
  HOSTCC  usr/gen_init_cpio
  CC      certs/system_keyring.o
  CC      mm/filemap.o
  CC      ipc/compat.o
  CC      fs/open.o
  UPD     init/utsversion-tmp.h
  CC      io_uring/io_uring.o
  AS      arch/x86/lib/bhi.o
  CC      block/bdev.o
  CC      security/keys/gc.o
  AS      arch/x86/boot/startup/la57toggle.o
  CC      lib/argv_split.o
  CC      arch/x86/coco/core.o
  CC      kernel/fork.o
  AR      drivers/cache/built-in.a
  AS      arch/x86/lib/clear_page_64.o
  CC      arch/x86/boot/startup/gdt_idt.o
  CC      crypto/api.o
  CC      drivers/irqchip/irq-msi-lib.o
  CC      arch/x86/lib/cmdline.o
  AR      arch/x86/coco/built-in.a
  CC      arch/x86/boot/startup/map_kernel.o
  AS      arch/x86/lib/cmpxchg16b_emu.o
  CC      arch/x86/lib/copy_mc.o
  CC      lib/bug.o
  HOSTCC  certs/extract-cert
  GEN     usr/initramfs_data.cpio
  AR      sound/built-in.a
  CC [M]  sound/sound_core.o
  COPY    usr/initramfs_inc_data
  AS      usr/initramfs_data.o
  AR      usr/built-in.a
  CC [M]  sound/core/sound.o
  AR      drivers/irqchip/built-in.a
  AR      drivers/bus/mhi/built-in.a
  AR      arch/x86/boot/startup/lib.a
  CC [M]  drivers/bus/mhi/host/init.o
  OBJCOPY arch/x86/boot/startup/gdt_idt.pi.o
  CC      ipc/util.o
  OBJCOPY arch/x86/boot/startup/map_kernel.pi.o
  AR      arch/x86/boot/startup/built-in.a
  AS      arch/x86/lib/copy_mc_64.o
  CERT    certs/x509_certificate_list
  CERT    certs/signing_key.x509
  AS      arch/x86/entry/entry.o
  CC      security/keys/key.o
  AS      certs/system_certificates.o
  AS      arch/x86/lib/copy_page_64.o
  AR      certs/built-in.a
  CC      drivers/phy/phy-core.o
  AS      arch/x86/lib/copy_user_64.o
  AS      arch/x86/entry/entry_64.o
  AS      arch/x86/lib/copy_user_uncached_64.o
  CC      arch/x86/lib/cpu.o
  CC      arch/x86/entry/syscall_64.o
  CC      crypto/cipher.o
  CC      lib/buildid.o
  AR      drivers/phy/allwinner/built-in.a
  CC      security/commoncap.o
  CC      block/fops.o
  CC [M]  sound/core/init.o
  AS      arch/x86/lib/csum-copy_64.o
  CC      arch/x86/lib/csum-partial_64.o
  CC      init/do_mounts.o
  CC      fs/read_write.o
  CC      arch/x86/lib/csum-wrappers_64.o
  CC      crypto/algapi.o
  CC      security/keys/keyring.o
  CC      ipc/msgutil.o
  AR      drivers/phy/amlogic/built-in.a
  CC      lib/clz_tab.o
  AR      drivers/phy/apple/built-in.a
  AR      drivers/phy/broadcom/built-in.a
  AR      drivers/phy/cadence/built-in.a
  CC      lib/cmdline.o
  AR      drivers/phy/canaan/built-in.a
  AR      drivers/phy/eswin/built-in.a
  AR      drivers/phy/freescale/built-in.a
  AR      drivers/phy/hisilicon/built-in.a
  AR      drivers/phy/ingenic/built-in.a
  AR      drivers/phy/intel/built-in.a
  CC      lib/cpumask.o
  AR      drivers/phy/lantiq/built-in.a
  CC      arch/x86/entry/common.o
  CC      arch/x86/lib/delay.o
  AR      drivers/phy/marvell/built-in.a
  AR      drivers/phy/mediatek/built-in.a
  AR      drivers/phy/microchip/built-in.a
  CC [M]  sound/core/memory.o
  AR      drivers/phy/motorola/built-in.a
  AR      drivers/phy/mscc/built-in.a
  CC      kernel/exec_domain.o
  AR      drivers/phy/nuvoton/built-in.a
  AR      drivers/phy/qualcomm/built-in.a
  AR      drivers/phy/ralink/built-in.a
  CC      block/bio.o
  CC [M]  sound/core/control.o
  AR      drivers/phy/realtek/built-in.a
  CC      arch/x86/lib/error-inject.o
  AR      drivers/phy/renesas/built-in.a
  CC [M]  drivers/bus/mhi/host/main.o
  AR      drivers/phy/rockchip/built-in.a
  AR      drivers/phy/samsung/built-in.a
  AR      drivers/phy/socionext/built-in.a
  CC      ipc/msg.o
  AR      drivers/phy/sophgo/built-in.a
  AR      drivers/phy/spacemit/built-in.a
  AR      drivers/phy/st/built-in.a
  AR      drivers/phy/starfive/built-in.a
  AR      drivers/phy/sunplus/built-in.a
  CC      lib/ctype.o
  CC      mm/mempool.o
  AR      drivers/phy/tegra/built-in.a
  AR      drivers/phy/ti/built-in.a
  CC      lib/dec_and_lock.o
  AR      drivers/phy/xilinx/built-in.a
  AR      drivers/phy/built-in.a
  CC      init/do_mounts_initrd.o
  CC      block/elevator.o
  CC      crypto/scatterwalk.o
  CC      arch/x86/entry/vdso/vma.o
  AS      arch/x86/lib/getuser.o
  CC      security/keys/keyctl.o
  CC      lib/decompress.o
  CC      arch/x86/entry/vsyscall/vsyscall_64.o
  CC      kernel/panic.o
  GEN     arch/x86/lib/inat-tables.c
  CC      arch/x86/lib/insn-eval.o
  CC      lib/decompress_bunzip2.o
  CC      fs/file_table.o
  CC      io_uring/opdef.o
  CC      mm/oom_kill.o
  CC      init/initramfs.o
  CC      crypto/proc.o
  CC      arch/x86/entry/vdso/extable.o
  CC      lib/decompress_inflate.o
  CC      ipc/sem.o
  CC [M]  drivers/bus/mhi/host/pm.o
  CC [M]  sound/core/misc.o
  CC      fs/super.o
  CC      kernel/cpu.o
  CC      block/blk-core.o
  AS      arch/x86/entry/vsyscall/vsyscall_emu_64.o
  CC      arch/x86/lib/insn.o
  AR      arch/x86/entry/vsyscall/built-in.a
  CC      fs/char_dev.o
  CC [M]  sound/core/device.o
  CC      security/keys/permission.o
  CC      io_uring/kbuf.o
  CC      lib/decompress_unlz4.o
  AS      arch/x86/lib/memcpy_64.o
  CC      crypto/aead.o
  AS      arch/x86/lib/memmove_64.o
  AS      arch/x86/lib/memset_64.o
  CC      arch/x86/entry/vdso/vdso32-setup.o
  CC      io_uring/rsrc.o
  CC      arch/x86/lib/misc.o
  CC      init/calibrate.o
  CC      arch/x86/lib/pc-conf-reg.o
  CC [M]  sound/core/info.o
  CC      lib/decompress_unlzma.o
  AS      arch/x86/lib/putuser.o
  AS      arch/x86/lib/retpoline.o
  CC      init/init_task.o
  CC      security/min_addr.o
  CC      security/keys/process_keys.o
  CC      arch/x86/lib/usercopy.o
  CC [M]  drivers/bus/mhi/host/boot.o
  CC      mm/fadvise.o
  LDS     arch/x86/entry/vdso/vdso64/vdso64.lds
  AS      arch/x86/entry/vdso/vdso64/note.o
  CC      arch/x86/entry/vdso/vdso64/vclock_gettime.o
  CC      fs/stat.o
  CC      crypto/geniv.o
  CC      ipc/shm.o
  LDS     arch/x86/entry/vdso/vdso32/vdso32.lds
  CC      arch/x86/lib/usercopy_64.o
  AS      arch/x86/entry/vdso/vdso32/note.o
  CC      arch/x86/entry/vdso/vdso32/vclock_gettime.o
  CC      lib/decompress_unlzo.o
  CC [M]  sound/core/info_oss.o
  CC [M]  sound/core/isadma.o
  CC      arch/x86/entry/vdso/vdso64/vgetcpu.o
  CC      init/version.o
  CC      arch/x86/entry/vdso/vdso64/vgetrandom.o
  CC      kernel/exit.o
  AS      arch/x86/entry/vdso/vdso64/vgetrandom-chacha.o
  LD [M]  drivers/bus/mhi/host/mhi.o
  AS      arch/x86/entry/vdso/vdso64/vsgx.o
  AR      drivers/bus/built-in.a
  CC      mm/maccess.o
  VDSO    arch/x86/entry/vdso/vdso64/vdso64.so.dbg
  CC      security/keys/request_key.o
  CC      drivers/pinctrl/core.o
  OBJCOPY arch/x86/entry/vdso/vdso64/vdso64.so
  CC      io_uring/notif.o
  VDSO2C  arch/x86/entry/vdso/vdso64/vdso64-image.c
  CC      arch/x86/entry/vdso/vdso64/vdso64-image.o
  CC      arch/x86/lib/msr-smp.o
  CC      block/blk-sysfs.o
  CC      arch/x86/entry/vdso/vdso32/vgetcpu.o
  CC      lib/decompress_unxz.o
  CC      crypto/lskcipher.o
  AS      arch/x86/entry/vdso/vdso32/system_call.o
  CC      io_uring/tctx.o
  AS      arch/x86/entry/vdso/vdso32/sigreturn.o
  CC [M]  sound/core/sound_oss.o
  AR      arch/x86/entry/vdso/vdso64/built-in.a
  VDSO    arch/x86/entry/vdso/vdso32/vdso32.so.dbg
  OBJCOPY arch/x86/entry/vdso/vdso32/vdso32.so
  CC      arch/x86/lib/cache-smp.o
  VDSO2C  arch/x86/entry/vdso/vdso32/vdso32-image.c
  CC      fs/exec.o
  CC      arch/x86/entry/vdso/vdso32/vdso32-image.o
  AR      init/built-in.a
  CC      drivers/pinctrl/pinctrl-utils.o
  CC      ipc/syscall.o
  CC      arch/x86/lib/msr.o
  AR      arch/x86/entry/vdso/vdso32/built-in.a
  AR      arch/x86/entry/vdso/built-in.a
  CC      ipc/ipc_sysctl.o
  AS      arch/x86/entry/thunk.o
  CC      lib/decompress_unzstd.o
  AS      arch/x86/entry/entry_64_fred.o
  CC      mm/page-writeback.o
  CC      arch/x86/entry/entry_fred.o
  CC      security/keys/request_key_auth.o
  CC      security/device_cgroup.o
  CC [M]  sound/core/timer.o
  CC      net/devres.o
  CC      io_uring/filetable.o
  AR      drivers/pinctrl/actions/built-in.a
  AR      drivers/pinctrl/bcm/built-in.a
  AR      drivers/pinctrl/cirrus/built-in.a
  CC      fs/pipe.o
  CC      block/blk-flush.o
  CC      crypto/skcipher.o
  AR      drivers/pinctrl/cix/built-in.a
  AR      drivers/pinctrl/freescale/built-in.a
  AR      drivers/pinctrl/intel/built-in.a
  CC      ipc/mqueue.o
  AR      drivers/pinctrl/mediatek/built-in.a
  AR      drivers/pinctrl/microchip/built-in.a
  CC      lib/dump_stack.o
  AR      drivers/pinctrl/mvebu/built-in.a
  AR      drivers/pinctrl/nomadik/built-in.a
  AR      drivers/pinctrl/nuvoton/built-in.a
  CC      security/keys/user_defined.o
  CC      kernel/softirq.o
  AR      drivers/pinctrl/nxp/built-in.a
  AR      drivers/pinctrl/qcom/built-in.a
  AS      arch/x86/lib/msr-reg.o
  AR      drivers/pinctrl/sophgo/built-in.a
  CC      arch/x86/lib/msr-reg-export.o
  AR      drivers/pinctrl/spacemit/built-in.a
  AR      drivers/pinctrl/sprd/built-in.a
  AR      drivers/pinctrl/starfive/built-in.a
  AR      drivers/pinctrl/sunplus/built-in.a
  AR      drivers/pinctrl/ti/built-in.a
  AR      drivers/pinctrl/built-in.a
  AS      arch/x86/lib/hweight.o
  AS      arch/x86/entry/entry_64_compat.o
  CC      arch/x86/lib/iomem.o
  CC      drivers/gpio/gpiolib.o
  CC      arch/x86/entry/syscall_32.o
  CC      net/socket.o
  CC      io_uring/rw.o
  CC      net/core/sock.o
  CC      block/blk-settings.o
  CC      lib/earlycpio.o
  CC      ipc/namespace.o
  CC      security/keys/compat.o
  CC      lib/extable.o
  CC      crypto/bpf_crypto_skcipher.o
  CC      arch/x86/lib/inat.o
  CC [M]  sound/core/hrtimer.o
  CC      fs/namei.o
  AR      arch/x86/lib/built-in.a
  AR      arch/x86/lib/lib.a
  CC      drivers/gpio/gpiolib-devres.o
  CC      mm/folio-compat.o
  CC      kernel/resource.o
  CC      lib/flex_proportions.o
  CC      crypto/seqiv.o
  CC      lib/idr.o
  CC      ipc/mq_sysctl.o
  CC      security/keys/proc.o
  CC [M]  sound/core/pcm.o
  AR      arch/x86/entry/built-in.a
  CC      block/blk-ioc.o
  CC      lib/iomem_copy.o
  CC      arch/x86/events/core.o
  AR      ipc/built-in.a
  CC [M]  sound/core/pcm_native.o
  CC      net/core/skbuff.o
  CC      io_uring/poll.o
  CC      security/keys/sysctl.o
  CC      mm/readahead.o
  CC      lib/irq_regs.o
  CC      crypto/echainiv.o
  CC      lib/is_single_threaded.o
  AR      drivers/pwm/built-in.a
  CC      io_uring/tw.o
  CC      security/keys/keyctl_pkey.o
  CC      drivers/gpio/gpiolib-legacy.o
  CC      block/blk-map.o
  CC      kernel/sysctl.o
  CC      lib/klist.o
  CC      arch/x86/events/probe.o
  CC      crypto/ahash.o
  AR      virt/lib/built-in.a
  CC      lib/kobject.o
  CC [M]  virt/lib/irqbypass.o
  AR      security/keys/built-in.a
  AR      security/built-in.a
  CC      crypto/shash.o
  CC      mm/swap.o
  CC      drivers/gpio/gpiolib-cdev.o
  CC      crypto/akcipher.o
  CC      drivers/leds/led-core.o
  CC      io_uring/wait.o
  CC      arch/x86/realmode/init.o
  CC      block/blk-merge.o
  AR      virt/built-in.a
  CC [M]  sound/core/pcm_lib.o
  CC      arch/x86/events/utils.o
  CC      lib/kobject_uevent.o
  CC      kernel/capability.o
  CC      fs/fcntl.o
  AS      arch/x86/realmode/rm/header.o
  CC      mm/truncate.o
  AS      arch/x86/realmode/rm/trampoline_64.o
  CC      drivers/leds/led-triggers.o
  AS      arch/x86/realmode/rm/stack.o
  AS      arch/x86/realmode/rm/reboot.o
  CC      net/compat.o
  CC      crypto/sig.o
  AS      arch/x86/realmode/rm/wakeup_asm.o
  CC      arch/x86/realmode/rm/wakemain.o
  CC      net/core/datagram.o
  CC      arch/x86/realmode/rm/video-mode.o
  AS      arch/x86/realmode/rm/copy.o
  AS      arch/x86/realmode/rm/bioscall.o
  CC      arch/x86/realmode/rm/regs.o
  CC      io_uring/eventfd.o
  CC      arch/x86/events/amd/core.o
  CC      arch/x86/realmode/rm/video-vga.o
  CC      kernel/ptrace.o
  CC      arch/x86/realmode/rm/video-vesa.o
  CC      lib/logic_pio.o
  CC      drivers/gpio/gpiolib-acpi-core.o
  CC      arch/x86/events/amd/lbr.o
  AR      drivers/leds/trigger/built-in.a
  CC      arch/x86/realmode/rm/video-bios.o
  CC [M]  drivers/leds/trigger/ledtrig-oneshot.o
  CC      fs/ioctl.o
  CC      block/blk-timeout.o
  ASN.1   crypto/rsapubkey.asn1.[ch]
  ASN.1   crypto/rsaprivkey.asn1.[ch]
  CC      crypto/rsa.o
  PASYMS  arch/x86/realmode/rm/pasyms.h
  LDS     arch/x86/realmode/rm/realmode.lds
  LD      arch/x86/realmode/rm/realmode.elf
  RELOCS  arch/x86/realmode/rm/realmode.relocs
  OBJCOPY arch/x86/realmode/rm/realmode.bin
  AS      arch/x86/realmode/rmpiggy.o
  CC      mm/vmscan.o
  AR      arch/x86/realmode/built-in.a
  CC      kernel/user.o
  CC [M]  sound/core/pcm_misc.o
  CC      io_uring/uring_cmd.o
  AR      drivers/leds/blink/built-in.a
  CC      io_uring/openclose.o
  CC      lib/maple_tree.o
  CC      block/blk-lib.o
  CC [M]  drivers/leds/trigger/ledtrig-netdev.o
  CC [M]  sound/core/pcm_memory.o
  CC      arch/x86/events/amd/ibs.o
  CC      crypto/rsa_helper.o
  CC      fs/readdir.o
  CC      drivers/gpio/gpiolib-acpi-quirks.o
  CC      io_uring/sqpoll.o
  CC      io_uring/xattr.o
  CC      mm/shrinker.o
  CC      kernel/signal.o
  CC      net/core/stream.o
  CC      crypto/rsa-pkcs1pad.o
  CC      drivers/pci/access.o
  CC      block/blk-mq.o
  CC      drivers/gpio/gpiolib-swnode.o
  CC [M]  sound/core/memalloc.o
  AS      arch/x86/kernel/head_64.o
  CC      arch/x86/kernel/head64.o
  CC [M]  sound/core/pcm_timer.o
  AR      drivers/leds/simatic/built-in.a
  CC [M]  drivers/leds/led-class.o
  CC      fs/select.o
  CC      crypto/rsassa-pkcs1.o
  AR      drivers/gpio/built-in.a
  CC      arch/x86/events/amd/uncore.o
  CC      arch/x86/pci/i386.o
  CC      lib/memcat_p.o
  CC      drivers/pci/bus.o
  CC      net/core/scm.o
  CC      arch/x86/kernel/ebda.o
  CC      arch/x86/pci/init.o
  CC [M]  sound/core/oss/pcm_oss.o
  CC      io_uring/nop.o
  AR      drivers/leds/built-in.a
  CC      arch/x86/events/msr.o
  CC      crypto/acompress.o
  CC      arch/x86/events/intel/core.o
  CC      arch/x86/kernel/platform-quirks.o
  CC      arch/x86/pci/mmconfig_64.o
  CC      drivers/pci/probe.o
  CC      arch/x86/events/amd/iommu.o
  CC      arch/x86/events/intel/bts.o
  CC      lib/nmi_backtrace.o
  CC      io_uring/fs.o
  CC      arch/x86/events/zhaoxin/core.o
  CC      kernel/sys.o
  CC      arch/x86/kernel/process_64.o
  CC      net/core/gen_stats.o
  CC      fs/dcache.o
  CC      arch/x86/pci/direct.o
  CC      crypto/scompress.o
  CC      lib/objpool.o
  CC      io_uring/splice.o
  CC [M]  arch/x86/events/amd/power.o
  CC      crypto/algboss.o
  CC      block/blk-mq-tag.o
  CC [M]  sound/core/oss/pcm_plugin.o
  CC      lib/plist.o
  AR      arch/x86/events/zhaoxin/built-in.a
  CC      drivers/video/aperture.o
  CC      arch/x86/pci/mmconfig-shared.o
  CC      lib/radix-tree.o
  CC      net/core/gen_estimator.o
  CC      arch/x86/kernel/signal.o
  CC      drivers/video/screen_info_generic.o
  CC      io_uring/sync.o
  CC      drivers/pci/host-bridge.o
  CC      lib/ratelimit.o
  AR      arch/x86/events/amd/built-in.a
  CC      crypto/testmgr.o
  CC [M]  sound/core/oss/io.o
  CC      mm/shmem.o
  CC      arch/x86/mm/init.o
  CC      block/blk-mq-dma.o
  CC      fs/inode.o
  CC      kernel/umh.o
  CC      drivers/video/screen_info_pci.o
  CC      arch/x86/kernel/signal_64.o
  CC      arch/x86/mm/init_64.o
  CC      arch/x86/pci/fixup.o
  CC      net/core/net_namespace.o
  CC      drivers/pci/remove.o
  CC      lib/rbtree.o
  CC      io_uring/msg_ring.o
  CC      crypto/hmac.o
  CC [M]  sound/core/oss/copy.o
  CC      block/blk-stat.o
  CC      lib/seq_buf.o
  CC      kernel/workqueue.o
  CC      drivers/video/cmdline.o
  CC      drivers/pci/pci.o
  CC      arch/x86/kernel/traps.o
  CC      mm/util.o
  CC [M]  sound/core/oss/linear.o
  CC      arch/x86/events/intel/ds.o
  CC      io_uring/advise.o
  CC      arch/x86/pci/acpi.o
  CC      crypto/crypto_null.o
  CC      lib/siphash.o
  CC      block/blk-mq-sysfs.o
  CC      arch/x86/mm/fault.o
  CC [M]  sound/core/oss/mulaw.o
  CC      net/core/secure_seq.o
  CC      drivers/video/nomodeset.o
  CC      fs/attr.o
  CC      io_uring/statx.o
  CC      lib/string.o
  CC      crypto/md5.o
  CC      arch/x86/pci/legacy.o
  CC      lib/sys_info.o
  CC      io_uring/timeout.o
  CC      arch/x86/kernel/idt.o
  CC      drivers/video/hdmi.o
  CC      block/blk-mq-cpumap.o
  CC [M]  sound/core/oss/route.o
  CC      crypto/sha1.o
  CC      mm/mmzone.o
  CC      drivers/video/console/dummycon.o
  CC      arch/x86/pci/irq.o
  CC      lib/timerqueue.o
  CC      fs/bad_inode.o
  CC      net/core/flow_dissector.o
  CC      block/blk-mq-sched.o
  CC      arch/x86/mm/ioremap.o
  CC      lib/union_find.o
  CC [M]  sound/core/oss/rate.o
  CC      arch/x86/events/intel/knc.o
  CC      lib/vsprintf.o
  CC      mm/vmstat.o
  CC      crypto/sha256.o
  AR      drivers/video/backlight/built-in.a
  CC [M]  drivers/video/backlight/lcd.o
  CC      fs/file.o
  CC      arch/x86/kernel/irq.o
  CC      drivers/video/console/vgacon.o
  CC      drivers/pci/pci-driver.o
  CC      io_uring/cancel.o
  LD [M]  sound/core/oss/snd-pcm-oss.o
  LD [M]  sound/core/snd.o
  LD [M]  sound/core/snd-timer.o
  LD [M]  sound/core/snd-hrtimer.o
  CC      crypto/sha512.o
  LD [M]  sound/core/snd-pcm.o
  CC      arch/x86/mm/extable.o
  CC      arch/x86/events/intel/lbr.o
  CC [M]  drivers/video/backlight/backlight.o
  CC      arch/x86/pci/common.o
  CC      block/ioctl.o
  CC      kernel/pid.o
  AR      drivers/video/console/built-in.a
  CC      drivers/idle/intel_idle.o
  CC      io_uring/waitid.o
  CC      mm/backing-dev.o
  LD [M]  sound/soundcore.o
  CC      drivers/pci/search.o
  CC      crypto/sha3.o
  CC      arch/x86/power/cpu.o
  CC      net/core/sysctl_net_core.o
  CC      fs/filesystems.o
  CC      drivers/video/fbdev/core/fb_notify.o
  CC      arch/x86/pci/early.o
  CC      arch/x86/mm/mmap.o
  CC      arch/x86/kernel/irq_64.o
  CC      arch/x86/events/intel/p4.o
  CC      crypto/blake2b.o
  CC      lib/win_minmax.o
  CC      block/genhd.o
  CC      kernel/task_work.o
  CC      io_uring/register.o
  CC      drivers/pci/rebar.o
  CC      drivers/video/fbdev/core/fb_info.o
  CC      arch/x86/pci/bus_numa.o
  AR      drivers/idle/built-in.a
  AR      arch/x86/power/built-in.a
  CC      arch/x86/video/video-common.o
  CC      mm/mm_init.o
  CC      fs/namespace.o
  CC      arch/x86/kernel/dumpstack_64.o
  CC      arch/x86/mm/pgtable.o
  CC      kernel/extable.o
  CC      crypto/ecb.o
  CC      lib/xarray.o
  CC      net/core/dev.o
  CC      kernel/params.o
  CC      arch/x86/pci/amd_bus.o
  CC      drivers/video/fbdev/core/fbmem.o
  CC      drivers/pci/rom.o
  CC      arch/x86/kernel/time.o
  CC      arch/x86/events/intel/p6.o
  CC      crypto/cbc.o
  AR      arch/x86/video/built-in.a
  CC      block/ioprio.o
  CC      drivers/char/ipmi/ipmi_msghandler.o
  CC      arch/x86/kernel/ioport.o
  CC      arch/x86/mm/physaddr.o
  CC      io_uring/truncate.o
  CC      drivers/pci/setup-res.o
  AR      arch/x86/pci/built-in.a
  CC      block/badblocks.o
  CC      drivers/acpi/tables.o
  CC      lib/lockref.o
  CC      crypto/ctr.o
  CC      drivers/video/fbdev/core/fbcmap.o
  CC      mm/percpu.o
  CC      arch/x86/events/intel/pt.o
  CC      kernel/kthread.o
  CC      arch/x86/mm/tlb.o
  CC      lib/bcd.o
  CC      lib/sort.o
  CC      arch/x86/kernel/dumpstack.o
  CC      net/core/dev_api.o
  CC      io_uring/memmap.o
  CC      lib/parser.o
  CC      crypto/gcm.o
  CC      drivers/pci/irq.o
  CC      block/partitions/core.o
  CC      drivers/acpi/osi.o
  CC      drivers/video/fbdev/core/modedb.o
  CC      lib/debug_locks.o
  CC      arch/x86/kernel/nmi.o
  CC      lib/random32.o
  CC      arch/x86/mm/cpu_entry_area.o
  CC      kernel/sys_ni.o
  CC      drivers/video/fbdev/core/fbcvt.o
  CC      drivers/pci/vpd.o
  CC [M]  arch/x86/events/intel/uncore.o
  CC      drivers/acpi/osl.o
  CC      io_uring/alloc_cache.o
  CC      drivers/char/ipmi/ipmi_dmi.o
  CC      crypto/des_generic.o
  CC      fs/seq_file.o
  CC      block/partitions/ldm.o
  CC      lib/bust_spinlocks.o
  CC      net/ethernet/eth.o
  CC      kernel/nsproxy.o
  CC      arch/x86/mm/maccess.o
  CC      crypto/aes.o
  CC      io_uring/query.o
  CC      drivers/video/fbdev/core/fb_cmdline.o
  CC      drivers/char/ipmi/ipmi_plat_data.o
  CC      arch/x86/kernel/fred.o
  CC      lib/kasprintf.o
  CC      drivers/pci/setup-bus.o
  CC      mm/slab_common.o
  CC      arch/x86/mm/pgprot.o
  CC      drivers/acpi/utils.o
  CC      fs/xattr.o
  CC      lib/bitmap.o
  CC      crypto/deflate.o
  CC      block/partitions/msdos.o
  CC [M]  drivers/char/ipmi/ipmi_devintf.o
  CC      io_uring/loop.o
  CC      kernel/nstree.o
  CC      arch/x86/kernel/ldt.o
  CC      drivers/video/fbdev/core/fb_backlight.o
  CC [M]  arch/x86/events/intel/uncore_nhmex.o
  CC      arch/x86/mm/pat/set_memory.o
  AR      net/ethernet/built-in.a
  CC      block/partitions/efi.o
  CC      crypto/crc32c.o
  CC      drivers/acpi/reboot.o
  CC      lib/scatterlist.o
  CC [M]  drivers/char/ipmi/ipmi_si_intf.o
  CC      io_uring/zcrx.o
  CC      drivers/video/fbdev/core/fbmon.o
  CC      kernel/nscommon.o
  CC      drivers/pci/vc.o
  CC      arch/x86/kernel/setup.o
  CC      fs/libfs.o
  CC      crypto/authenc.o
  AR      block/partitions/built-in.a
  CC      block/blk-rq-qos.o
  CC      drivers/acpi/nvs.o
  CC [M]  arch/x86/events/intel/uncore_snb.o
  CC      drivers/pci/mmap.o
  CC      kernel/notifier.o
  CC [M]  arch/x86/events/rapl.o
  CC      arch/x86/mm/pat/memtype.o
  CC      mm/compaction.o
  CC      drivers/video/fbdev/core/fb_defio.o
  CC      lib/list_sort.o
  CC [M]  drivers/char/ipmi/ipmi_kcs_sm.o
  CC      lib/uuid.o
  CC      net/core/dev_addr_lists.o
  CC      lib/iov_iter.o
  CC      drivers/pci/devres.o
  CC      arch/x86/kernel/x86_init.o
  CC      drivers/acpi/wakeup.o
  CC      block/disk-events.o
  CC      crypto/authencesn.o
  CC [M]  arch/x86/events/intel/uncore_snbep.o
  CC      kernel/ksysfs.o
  CC      fs/fs-writeback.o
  CC      arch/x86/mm/pat/memtype_interval.o
  CC [M]  drivers/char/ipmi/ipmi_smic_sm.o
  CC      io_uring/io-wq.o
  CC      drivers/pci/msi/pcidev_msi.o
  CC      drivers/acpi/sleep.o
  CC      drivers/video/fbdev/core/fb_chrdev.o
  CC      arch/x86/kernel/i8259.o
  AR      net/802/built-in.a
  CC [M]  net/802/psnap.o
  CC      block/blk-ia-ranges.o
  CC      kernel/cred.o
  AR      arch/x86/mm/pat/built-in.a
  CC      arch/x86/mm/hugetlbpage.o
  CC      net/core/dst.o
  CC      crypto/xxhash_generic.o
  CC [M]  drivers/char/ipmi/ipmi_bt_sm.o
  CC      drivers/pci/msi/api.o
  CC      arch/x86/kernel/irqinit.o
  CC      drivers/video/fbdev/core/fb_procfs.o
  CC      block/early-lookup.o
  CC      drivers/acpi/device_sysfs.o
  CC      arch/x86/mm/numa.o
  CC      crypto/rng.o
  CC [M]  net/802/stp.o
  CC [M]  drivers/char/ipmi/ipmi_si_hotmod.o
  CC      drivers/pci/msi/msi.o
  CC      io_uring/futex.o
  CC      lib/clz_ctz.o
  CC      kernel/reboot.o
  CC      lib/bsearch.o
  CC      mm/show_mem.o
  CC [M]  arch/x86/events/intel/uncore_discovery.o
  CC      drivers/video/fbdev/core/fbsysfs.o
  CC      arch/x86/kernel/jump_label.o
  CC      net/core/netevent.o
  CC      drivers/acpi/device_pm.o
  CC      block/bsg.o
  CC      crypto/drbg.o
  CC [M]  net/802/garp.o
  CC [M]  drivers/char/ipmi/ipmi_si_hardcode.o
  CC      arch/x86/mm/amdtopology.o
  CC      lib/find_bit.o
  CC      io_uring/epoll.o
  CC      arch/x86/kernel/irq_work.o
  CC      drivers/pci/msi/irqdomain.o
  CC      lib/llist.o
  CC      kernel/async.o
  CC      drivers/video/fbdev/core/fbcon.o
  CC      block/bsg-lib.o
  CC      lib/lwq.o
  CC      mm/interval_tree.o
  CC      net/core/neighbour.o
  CC [M]  arch/x86/events/intel/cstate.o
  CC      lib/memweight.o
  CC [M]  drivers/char/ipmi/ipmi_si_platform.o
  CC      fs/pnode.o
  CC      drivers/acpi/proc.o
  CC      crypto/jitterentropy.o
  CC      lib/kfifo.o
  CC      arch/x86/mm/srat.o
  CC      crypto/jitterentropy-kcapi.o
  CC      io_uring/napi.o
  CC      kernel/range.o
  CC [M]  net/802/mrp.o
  CC      kernel/smpboot.o
  AR      drivers/pci/msi/built-in.a
  CC      block/blk-cgroup.o
  CC      drivers/pci/pcie/portdrv.o
  CC      mm/list_lru.o
  CC [M]  drivers/char/ipmi/ipmi_si_mem_io.o
  CC      arch/x86/kernel/probe_roms.o
  CC      arch/x86/mm/pkeys.o
  CC      fs/splice.o
  CC      crypto/asymmetric_keys/asymmetric_type.o
  AR      arch/x86/events/intel/built-in.a
  LD [M]  arch/x86/events/intel/intel-uncore.o
  CC      drivers/acpi/bus.o
  CC      lib/percpu-refcount.o
  LD [M]  arch/x86/events/intel/intel-cstate.o
  AR      arch/x86/events/built-in.a
  CC [M]  crypto/crypto_engine.o
  CC      kernel/ucount.o
  CC [M]  drivers/char/ipmi/ipmi_si_port_io.o
  CC      drivers/video/fbdev/core/bitblit.o
  CC      drivers/pci/pcie/rcec.o
  CC      arch/x86/kernel/sys_ia32.o
  CC      kernel/regset.o
  CC      arch/x86/mm/pti.o
  CC      crypto/asymmetric_keys/restrict.o
  CC      io_uring/net.o
  CC      crypto/asymmetric_keys/signature.o
  CC      mm/workingset.o
  CC      lib/rhashtable.o
  CC      lib/base64.o
  CC      kernel/ksyms_common.o
  CC [M]  drivers/char/ipmi/ipmi_si_pci.o
  CC      drivers/acpi/glue.o
  CC      block/blk-cgroup-rwstat.o
  CC [M]  drivers/char/ipmi/ipmi_ssif.o
  CC      drivers/pci/pcie/bwctrl.o
  CC      crypto/asymmetric_keys/public_key.o
  AR      drivers/video/fbdev/omap/built-in.a
  AR      drivers/pci/pwrctrl/built-in.a
  CC      fs/sync.o
  AR      arch/x86/crypto/built-in.a
  AS [M]  arch/x86/crypto/twofish-x86_64-asm_64.o
  CC [M]  arch/x86/crypto/twofish_glue.o
  CC      drivers/video/fbdev/core/softcursor.o
  CC      arch/x86/kernel/signal_32.o
  CC      net/core/rtnetlink.o
  AR      arch/x86/mm/built-in.a
  CC      arch/x86/ia32/audit.o
  CC      kernel/groups.o
  AR      arch/x86/ia32/built-in.a
  CC      drivers/acpi/scan.o
  CC      net/sched/sch_generic.o
  CC      mm/debug.o
  CC      lib/once.o
  CC      block/blk-throttle.o
  CC [M]  crypto/kpp.o
  ASN.1   crypto/asymmetric_keys/x509.asn1.[ch]
  ASN.1   crypto/asymmetric_keys/x509_akid.asn1.[ch]
  CC      crypto/asymmetric_keys/x509_loader.o
  CC      drivers/pci/pcie/aspm.o
  AS [M]  arch/x86/crypto/twofish-x86_64-asm_64-3way.o
  CC [M]  arch/x86/crypto/twofish_glue_3way.o
  CC      crypto/asymmetric_keys/x509_public_key.o
  CC      drivers/video/fbdev/core/fbcon_rotate.o
  CC      fs/utimes.o
  CC      io_uring/cmd_net.o
  CC [M]  drivers/char/ipmi/ipmi_watchdog.o
  CC      lib/refcount.o
  CC      kernel/vhost_task.o
  CC      arch/x86/kernel/sys_x86_64.o
  CC      mm/gup.o
  AS [M]  arch/x86/crypto/twofish-avx-x86_64-asm_64.o
  CC      kernel/sched/core.o
  CC      lib/rcuref.o
  ASN.1   crypto/asymmetric_keys/pkcs7.asn1.[ch]
  CC      crypto/asymmetric_keys/pkcs7_trust.o
  CC [M]  arch/x86/crypto/twofish_avx_glue.o
  CC      lib/usercopy.o
  CC      drivers/video/fbdev/core/fbcon_cw.o
  CC      block/blk-iolatency.o
  AR      drivers/video/fbdev/omap2/omapfb/dss/built-in.a
  AR      drivers/video/fbdev/omap2/omapfb/displays/built-in.a
  AR      drivers/video/fbdev/omap2/omapfb/built-in.a
  CC      fs/d_path.o
  AR      drivers/video/fbdev/omap2/built-in.a
  CC      drivers/pci/pcie/aer.o
  CC      drivers/acpi/mipi-disco-img.o
  CC      drivers/video/fbdev/core/fbcon_ud.o
  CC      crypto/asymmetric_keys/pkcs7_verify.o
  CC [M]  drivers/char/ipmi/ipmi_poweroff.o
  CC      lib/errseq.o
  CC      arch/x86/kernel/espfix_64.o
  AS [M]  arch/x86/crypto/serpent-sse2-x86_64-asm_64.o
  CC      lib/bucket_locks.o
  CC [M]  arch/x86/crypto/serpent_sse2_glue.o
  CC      io_uring/fdinfo.o
  CC      net/sched/sch_mq.o
  CC      crypto/asymmetric_keys/x509.asn1.o
  CC      drivers/pci/proc.o
  CC      crypto/asymmetric_keys/x509_akid.asn1.o
  AR      drivers/char/ipmi/built-in.a
  CC      crypto/asymmetric_keys/x509_cert_parser.o
  LD [M]  drivers/char/ipmi/ipmi_si.o
  CC      drivers/acpi/resource.o
  CC      fs/stack.o
  CC      drivers/pnp/core.o
  CC      block/mq-deadline.o
  CC      drivers/video/fbdev/core/fbcon_ccw.o
  CC      lib/generic-radix-tree.o
  AS [M]  arch/x86/crypto/serpent-avx-x86_64-asm_64.o
  CC      arch/x86/kernel/ksysfs.o
  CC [M]  arch/x86/crypto/serpent_avx_glue.o
  CC      io_uring/bpf_filter.o
  CC      drivers/pci/pcie/err.o
  CC      fs/fs_struct.o
  CC      crypto/asymmetric_keys/pkcs7.asn1.o
  CC      crypto/asymmetric_keys/pkcs7_parser.o
  CC      lib/bitmap-str.o
  CC      net/sched/sch_frag.o
  CC      drivers/pnp/card.o
  CC      drivers/acpi/acpi_processor.o
  CC      mm/mmap_lock.o
  CC      net/core/utils.o
  CC      arch/x86/kernel/bootflag.o
  AS [M]  arch/x86/crypto/serpent-avx2-asm_64.o
  CC      net/sched/sch_api.o
  CC      drivers/video/fbdev/core/cfbfillrect.o
  CC [M]  arch/x86/crypto/serpent_avx2_glue.o
  CC      drivers/pci/pcie/tlp.o
  CC      fs/statfs.o
  CC      lib/string_helpers.o
  AR      crypto/asymmetric_keys/built-in.a
  CC      block/kyber-iosched.o
  CC [M]  crypto/dh.o
  CC      arch/x86/kernel/e820.o
  CC      drivers/pnp/driver.o
  AS [M]  arch/x86/crypto/camellia-x86_64-asm_64.o
  AR      io_uring/built-in.a
  CC      block/bfq-iosched.o
  CC      drivers/acpi/processor_core.o
  CC [M]  arch/x86/crypto/camellia_glue.o
  CC      drivers/pci/pcie/aer_cxl_rch.o
  CC      drivers/video/fbdev/core/cfbcopyarea.o
  CC      kernel/sched/fair.o
  CC [M]  crypto/dh_helper.o
  CC      mm/vma_init.o
  CC      net/core/link_watch.o
  CC      drivers/pnp/resource.o
  CC      lib/hexdump.o
  CC      fs/fs_pin.o
  CC [M]  crypto/crypto_user.o
  CC      lib/kstrtox.o
  CC      drivers/acpi/processor_pdc.o
  CC      drivers/pci/pcie/aer_inject.o
  CC      arch/x86/kernel/pci-dma.o
  AS [M]  arch/x86/crypto/camellia-aesni-avx-asm_64.o
  CC [M]  arch/x86/crypto/camellia_aesni_avx_glue.o
  CC      kernel/sched/build_policy.o
  CC      drivers/video/fbdev/core/cfbimgblt.o
  CC      net/sched/sch_blackhole.o
  CC      fs/nsfs.o
  CC      mm/highmem.o
  AR      lib/kunit/built-in.a
  CC      lib/math/div64.o
  CC      drivers/pnp/manager.o
  CC      drivers/acpi/ec.o
  CC      lib/math/gcd.o
  CC      net/core/filter.o
  CC      arch/x86/kernel/quirks.o
  AS [M]  arch/x86/crypto/camellia-aesni-avx2-asm_64.o
  CC      drivers/pci/pcie/pme.o
  CC      lib/math/lcm.o
  CC [M]  arch/x86/crypto/camellia_aesni_avx2_glue.o
  CC      lib/math/int_log.o
  CC [M]  crypto/cmac.o
  CC      lib/math/int_pow.o
  CC      lib/math/int_sqrt.o
  CC      mm/memory.o
  CC      lib/math/reciprocal_div.o
  CC      net/sched/cls_api.o
  CC      drivers/video/fbdev/core/fb_io_fops.o
  CC      lib/math/rational.o
  CC      drivers/pnp/support.o
  CC      fs/fs_dirent.o
  CC      lib/crc/crc-itu-t.o
  AS [M]  arch/x86/crypto/blowfish-x86_64-asm_64.o
  CC      arch/x86/kernel/kdebugfs.o
  CC [M]  arch/x86/crypto/blowfish_glue.o
  AR      drivers/pci/pcie/built-in.a
  CC      drivers/pci/pci-sysfs.o
  CC      fs/fs_context.o
  CC      block/bfq-wf2q.o
  CC [M]  crypto/xcbc.o
  AR      lib/math/tests/built-in.a
  CC [M]  lib/math/cordic.o
  CC      drivers/acpi/dock.o
  CC      lib/crc/crc-t10dif-main.o
  CC      drivers/pnp/interface.o
  CC      drivers/video/fbdev/core/sysfillrect.o
  CC      arch/x86/kernel/alternative.o
  AS [M]  arch/x86/crypto/cast5-avx-x86_64-asm_64.o
  CC [M]  arch/x86/crypto/cast5_avx_glue.o
  AR      lib/math/built-in.a
  CC      lib/crypto/hash_info.o
  CC [M]  crypto/md4.o
  AS      lib/crc/x86/crc16-msb-pclmul.o
  CC      fs/fs_parser.o
  HOSTCC  lib/crc/gen_crc32table
  CC      block/bfq-cgroup.o
  CC      drivers/acpi/pci_root.o
  CC      drivers/pnp/quirks.o
  AS      lib/crc/x86/crc32-pclmul.o
  AS      lib/crc/x86/crc32c-3way.o
  HOSTCC  lib/crc/gen_crc64table
  AS [M]  arch/x86/crypto/cast6-avx-x86_64-asm_64.o
  CC      drivers/pci/slot.o
  CC      drivers/video/fbdev/core/syscopyarea.o
  CC      lib/crypto/memneq.o
  AS      lib/crc/x86/crc64-pclmul.o
  AR      lib/crc/tests/built-in.a
  CC [M]  lib/crc/crc8.o
  CC [M]  arch/x86/crypto/cast6_avx_glue.o
  CC [M]  crypto/rmd160.o
  CC      fs/fsopen.o
  CC      lib/crypto/utils.o
  CC      drivers/acpi/pci_link.o
  CC [M]  lib/crc/crc16.o
  CC      drivers/pnp/system.o
  CC      block/bio-integrity.o
  CC      drivers/pci/pci-acpi.o
  CC      net/sched/act_api.o
  AS [M]  arch/x86/crypto/aesni-intel_asm.o
  CC      arch/x86/kernel/i8253.o
  CC [M]  arch/x86/crypto/aesni-intel_glue.o
  CC [M]  crypto/wp512.o
  CC      drivers/video/fbdev/core/sysimgblt.o
  CC      lib/crypto/aes.o
  CC [M]  lib/crc/crc-ccitt.o
  CC      drivers/pnp/pnpacpi/core.o
  CC      arch/x86/kernel/hw_breakpoint.o
  AR      lib/tests/built-in.a
  CC      lib/vdso/datastore.o
  CC      fs/init.o
  CC      drivers/acpi/pci_irq.o
  CC      kernel/sched/build_utility.o
  GEN     lib/crc/crc32table.h
  GEN     lib/crc/crc64table.h
  CC      lib/crc/crc32-main.o
  CC      block/blk-integrity.o
  CC      drivers/pci/iomap.o
  CC [M]  crypto/pcbc.o
  AS      lib/crypto/x86/aes-aesni.o
  CC      lib/crypto/blake2b.o
  CC      drivers/pnp/pnpacpi/rsparser.o
  CC      drivers/video/fbdev/core/fb_sys_fops.o
  AR      lib/vdso/built-in.a
  AR      arch/x86/platform/atom/built-in.a
  AR      arch/x86/platform/ce4100/built-in.a
  CC      arch/x86/kernel/tsc.o
  CC      arch/x86/platform/efi/memmap.o
  CC      fs/kernel_read_file.o
  AS [M]  arch/x86/crypto/aes-ctr-avx-x86_64.o
  CC      lib/crc/crc64-main.o
  CC      drivers/acpi/acpi_apd.o
  AS [M]  arch/x86/crypto/aes-gcm-aesni-x86_64.o
  CC [M]  crypto/cts.o
  CC      mm/mincore.o
  CC      net/sched/sch_fifo.o
  AS [M]  arch/x86/crypto/aes-gcm-vaes-avx2.o
  CC      drivers/pci/quirks.o
  AS [M]  arch/x86/crypto/aes-gcm-vaes-avx512.o
  CC      block/t10-pi.o
  AS [M]  arch/x86/crypto/aes-xts-avx-x86_64.o
  LD [M]  arch/x86/crypto/twofish-x86_64.o
  LD [M]  arch/x86/crypto/twofish-x86_64-3way.o
  LD [M]  arch/x86/crypto/twofish-avx-x86_64.o
  LD [M]  arch/x86/crypto/serpent-sse2-x86_64.o
  CC      lib/crypto/blake2s.o
  LD [M]  arch/x86/crypto/serpent-avx-x86_64.o
  LD [M]  arch/x86/crypto/serpent-avx2.o
  LD [M]  arch/x86/crypto/camellia-x86_64.o
  LD [M]  arch/x86/crypto/camellia-aesni-avx-x86_64.o
  LD [M]  arch/x86/crypto/camellia-aesni-avx2.o
  LD [M]  arch/x86/crypto/blowfish-x86_64.o
  LD [M]  arch/x86/crypto/cast5-avx-x86_64.o
  LD [M]  arch/x86/crypto/cast6-avx-x86_64.o
  LD [M]  arch/x86/crypto/aesni-intel.o
  AR      drivers/video/fbdev/core/built-in.a
  CC      mm/mlock.o
  CC      drivers/video/fbdev/vesafb.o
  AR      drivers/pnp/pnpacpi/built-in.a
  AR      drivers/pnp/built-in.a
  CC      arch/x86/platform/efi/quirks.o
  AR      lib/crc/built-in.a
  CC      net/netlink/af_netlink.o
  CC      drivers/acpi/acpi_platform.o
  CC      fs/mnt_idmapping.o
  AR      arch/x86/platform/geode/built-in.a
  CC      drivers/acpi/acpi_pnp.o
  CC [M]  crypto/lrw.o
  CC      arch/x86/kernel/tsc_msr.o
  CC      net/core/sock_diag.o
  CC      net/sched/sch_fq.o
  AS      lib/crypto/x86/blake2s-core.o
  CC      lib/crypto/chacha-block-generic.o
  CC      fs/remap_range.o
  CC      block/bio-integrity-auto.o
  CC      drivers/video/fbdev/efifb.o
  CC      lib/crypto/des.o
  CC      drivers/acpi/power.o
  CC      net/sched/ematch.o
  CC [M]  crypto/xts.o
  CC      arch/x86/platform/efi/efi.o
  CC      arch/x86/kernel/io_delay.o
  CC [M]  net/sched/act_police.o
  CC      mm/mmap.o
  CC      arch/x86/kernel/rtc.o
  CC      block/bio-integrity-fs.o
  CC      fs/pidfs.o
  CC      lib/crypto/gf128hash.o
  CC      drivers/acpi/event.o
  CC      net/core/dev_ioctl.o
  CC [M]  crypto/xctr.o
  AR      drivers/video/fbdev/built-in.a
  AR      drivers/video/built-in.a
  CC      net/netlink/genetlink.o
  CC      drivers/pci/ats.o
  CC      net/core/tso.o
  CC      arch/x86/platform/efi/efi_64.o
  CC      arch/x86/kernel/resource.o
  CC      block/blk-zoned.o
  CC      kernel/locking/mutex.o
  CC [M]  net/sched/act_gact.o
  AS      arch/x86/kernel/irqflags.o
  CC [M]  crypto/hctr2.o
  CC      arch/x86/kernel/static_call.o
  AS      lib/crypto/x86/ghash-pclmul.o
  CC      kernel/locking/semaphore.o
  AS      lib/crypto/x86/polyval-pclmul-avx.o
  CC      lib/crypto/md5.o
  CC      drivers/acpi/evged.o
  CC      drivers/pci/iov.o
  AS      arch/x86/platform/efi/efi_stub_64.o
  CC      mm/mmu_gather.o
  CC      arch/x86/kernel/process.o
  CC      fs/file_attr.o
  AR      arch/x86/platform/efi/built-in.a
  CC      drivers/pci/pci-label.o
  AR      arch/x86/platform/iris/built-in.a
  CC      net/core/sock_reuseport.o
  CC      arch/x86/platform/intel/iosf_mbi.o
  CC [M]  crypto/ccm.o
  CC      net/bpf/test_run.o
  CC      lib/crypto/sha1.o
  CC      drivers/acpi/sysfs.o
  CC [M]  net/sched/act_bpf.o
  AR      kernel/sched/built-in.a
  CC      block/blk-wbt.o
  CC      net/netlink/policy.o
  CC      kernel/locking/rwsem.o
  CC      mm/mprotect.o
  CC      fs/fserror.o
  CC [M]  net/sched/sch_ingress.o
  CC      drivers/pci/pci-stub.o
  AR      arch/x86/platform/intel/built-in.a
  CC      net/bpf/bpf_dummy_struct_ops.o
  AR      arch/x86/platform/intel-mid/built-in.a
  AS      lib/crypto/x86/sha1-ssse3-and-avx.o
  AR      arch/x86/platform/intel-quark/built-in.a
  AR      arch/x86/platform/olpc/built-in.a
  AS      lib/crypto/x86/sha1-avx2-asm.o
  AR      arch/x86/platform/scx200/built-in.a
  CC [M]  crypto/chacha20poly1305.o
  AR      arch/x86/platform/ts5500/built-in.a
  AS      lib/crypto/x86/sha1-ni-asm.o
  AR      arch/x86/platform/uv/built-in.a
  AR      arch/x86/platform/built-in.a
  CC      lib/crypto/sha256.o
  CC [M]  crypto/pcrypt.o
  CC      drivers/acpi/property.o
  CC      net/core/fib_notifier.o
  CC      fs/nullfs.o
  CC      arch/x86/kernel/fpu/init.o
  CC      drivers/pci/vgaarb.o
  CC [M]  net/netlink/diag.o
  CC      kernel/locking/percpu-rwsem.o
  CC      fs/buffer.o
  CC [M]  net/sched/sch_sfq.o
  CC      lib/raid/xor/xor-core.o
  CC      arch/x86/kernel/fpu/bugs.o
  CC [M]  crypto/cryptd.o
  CC      block/blk-mq-debugfs.o
  CC      mm/mremap.o
  AS      lib/crypto/x86/sha256-ssse3-asm.o
  AS      lib/crypto/x86/sha256-avx-asm.o
  CC      arch/x86/kernel/fpu/core.o
  AS      lib/crypto/x86/sha256-avx2-asm.o
  AS      lib/crypto/x86/sha256-ni-asm.o
  CC      fs/mpage.o
  CC      lib/crypto/sha512.o
  CC      net/core/xdp.o
  CC      kernel/locking/spinlock.o
  CC      drivers/acpi/debugfs.o
  AR      net/bpf/built-in.a
  CC      drivers/acpi/acpi_lpat.o
  CC [M]  crypto/fcrypt.o
  CC      lib/raid/xor/xor-8regs.o
  CC      kernel/locking/osq_lock.o
  CC      lib/raid/xor/xor-32regs.o
  CC      drivers/pci/doe.o
  AR      net/netlink/built-in.a
  LD [M]  net/netlink/netlink_diag.o
  CC      arch/x86/kernel/ptrace.o
  CC      lib/raid/xor/xor-8regs-prefetch.o
  CC      block/blk-pm.o
  AR      drivers/amba/built-in.a
  CC      kernel/locking/qspinlock.o
  CC      lib/iomap.o
  CC      drivers/clk/clk-devres.o
  AS      lib/crypto/x86/sha512-ssse3-asm.o
  CC      drivers/acpi/acpi_fpdt.o
  AS      lib/crypto/x86/sha512-avx-asm.o
  AS      lib/crypto/x86/sha512-avx2-asm.o
  CC [M]  crypto/blowfish_generic.o
  CC      lib/raid/xor/xor-32regs-prefetch.o
  CC      lib/crypto/sha3.o
  CC      drivers/clk/clk-bulk.o
  CC [M]  net/sched/sch_fq_codel.o
  CC      mm/msync.o
  CC      arch/x86/kernel/fpu/regset.o
  CC      lib/raid/xor/x86/xor-avx.o
  CC      lib/crypto/mpi/generic_mpih-lshift.o
  CC      fs/proc_namespace.o
  CC      block/holder.o
  CC      drivers/pci/ide.o
  CC      drivers/acpi/acpi_lpit.o
  CC      lib/raid/xor/x86/xor-sse.o
  CC      kernel/power/qos.o
  CC      kernel/locking/rtmutex_api.o
  CC      net/core/flow_offload.o
  CC      net/ethtool/ioctl.o
  CC [M]  crypto/blowfish_common.o
  CC      drivers/clk/clkdev.o
  AR      lib/raid/xor/tests/built-in.a
  CC      arch/x86/net/bpf_jit_comp.o
  AR      lib/raid/xor/built-in.a
  AR      lib/raid/built-in.a
  CC      arch/x86/kernel/fpu/signal.o
  AR      drivers/soc/apple/built-in.a
  AR      drivers/soc/aspeed/built-in.a
  CC      mm/page_vma_mapped.o
  AR      drivers/soc/bcm/built-in.a
  AR      drivers/soc/fsl/built-in.a
  AR      drivers/soc/fujitsu/built-in.a
  AR      drivers/soc/hisilicon/built-in.a
  CC      lib/crypto/mpi/generic_mpih-mul1.o
  AR      drivers/soc/imx/built-in.a
  AR      drivers/soc/ixp4xx/built-in.a
  AR      drivers/soc/loongson/built-in.a
  CC      drivers/acpi/prmt.o
  AR      drivers/soc/mediatek/built-in.a
  AR      drivers/soc/microchip/built-in.a
  AR      drivers/soc/nuvoton/built-in.a
  AR      block/built-in.a
  CC      net/ethtool/common.o
  AR      drivers/soc/pxa/built-in.a
  AR      drivers/soc/amlogic/built-in.a
  CC [M]  crypto/twofish_generic.o
  AR      drivers/soc/qcom/built-in.a
  CC [M]  drivers/soc/qcom/mdt_loader.o
  CC      fs/direct-io.o
  CC      drivers/clk/clk.o
  CC      drivers/pci/tsm.o
  CC      kernel/power/main.o
  CC      lib/crypto/mpi/generic_mpih-mul2.o
  CC      kernel/locking/qrwlock.o
  CC [M]  net/sched/cls_cgroup.o
  CC      net/core/gro.o
  CC      arch/x86/kernel/fpu/xstate.o
  CC      mm/pagewalk.o
  CC [M]  drivers/soc/qcom/qmi_encdec.o
  CC      drivers/acpi/acpi_pcc.o
  CC [M]  crypto/twofish_common.o
  CC      lib/crypto/mpi/generic_mpih-mul3.o
  AR      kernel/locking/built-in.a
  AR      drivers/soc/renesas/built-in.a
  CC      fs/notify/fsnotify.o
  CC      arch/x86/kernel/tls.o
  CC      drivers/pci/controller/vmd.o
  CC      mm/pgtable-generic.o
  CC      kernel/power/console.o
  CC [M]  net/sched/cls_bpf.o
  CC [M]  drivers/soc/qcom/qmi_interface.o
  CC      drivers/acpi/acpi_mrrm.o
  CC      lib/crypto/mpi/generic_mpih-rshift.o
  CC [M]  crypto/serpent_generic.o
  CC      net/ethtool/netlink.o
  AR      arch/x86/kernel/fpu/built-in.a
  CC      drivers/acpi/acpi_adxl.o
  CC      lib/iomap_copy.o
  CC      fs/notify/notification.o
  CC      arch/x86/kernel/step.o
  CC      net/netfilter/core.o
  CC      kernel/power/process.o
  AS      arch/x86/net/bpf_timed_may_goto.o
  CC      mm/rmap.o
  AR      arch/x86/net/built-in.a
  CC      drivers/clk/clk-divider.o
  CC      kernel/printk/printk.o
  CC      net/core/netdev-genl.o
  CC      lib/crypto/mpi/generic_mpih-sub1.o
  AR      drivers/pci/controller/dwc/built-in.a
  AR      drivers/pci/controller/mobiveil/built-in.a
  AR      drivers/pci/controller/plda/built-in.a
  AR      drivers/pci/controller/built-in.a
  AR      drivers/pci/switch/built-in.a
  CC      drivers/pci/trace.o
  CC      drivers/acpi/acpica/dsargs.o
  CC      fs/notify/group.o
  LD [M]  drivers/soc/qcom/qmi_helpers.o
  AR      drivers/soc/rockchip/built-in.a
  AR      drivers/soc/sophgo/built-in.a
  AR      drivers/soc/sunxi/built-in.a
  CC      arch/x86/kernel/i8237.o
  AR      drivers/soc/ti/built-in.a
  CC [M]  net/sched/em_ipset.o
  AR      drivers/soc/versatile/built-in.a
  AR      drivers/soc/vt8500/built-in.a
  CC      kernel/printk/printk_safe.o
  CC [M]  crypto/camellia_generic.o
  CC      lib/crypto/mpi/generic_mpih-add1.o
  AR      drivers/soc/xilinx/built-in.a
  AR      drivers/soc/built-in.a
  CC      drivers/clk/clk-fixed-factor.o
  CC      kernel/power/suspend.o
  CC      drivers/acpi/acpica/dscontrol.o
  CC      net/ethtool/bitset.o
  AR      drivers/pmdomain/actions/built-in.a
  AR      drivers/pmdomain/amlogic/built-in.a
  CC      arch/x86/kernel/stacktrace.o
  AR      drivers/pmdomain/apple/built-in.a
  AR      drivers/pmdomain/arm/built-in.a
  AR      drivers/pmdomain/bcm/built-in.a
  AR      drivers/pmdomain/imx/built-in.a
  AR      drivers/pmdomain/marvell/built-in.a
  CC      fs/notify/mark.o
  AR      drivers/pmdomain/mediatek/built-in.a
  AR      drivers/pmdomain/qcom/built-in.a
  CC      drivers/acpi/acpica/dsdebug.o
  AR      drivers/pmdomain/renesas/built-in.a
  AR      drivers/pmdomain/rockchip/built-in.a
  CC      lib/crypto/mpi/mpicoder.o
  AR      drivers/pmdomain/samsung/built-in.a
  CC      net/netfilter/nf_log.o
  AR      drivers/pci/built-in.a
  CC      fs/eventpoll.o
  CC      drivers/clk/clk-fixed-rate.o
  AR      drivers/pmdomain/st/built-in.a
  AR      drivers/pmdomain/starfive/built-in.a
  AR      drivers/pmdomain/sunxi/built-in.a
  CC      net/netfilter/nf_queue.o
  AR      drivers/pmdomain/tegra/built-in.a
  AR      drivers/pmdomain/thead/built-in.a
  AR      drivers/pmdomain/ti/built-in.a
  AR      drivers/pmdomain/xilinx/built-in.a
  CC      drivers/pmdomain/core.o
  CC      drivers/acpi/acpica/dsfield.o
  CC      arch/x86/kernel/cpu/cacheinfo.o
  CC      net/core/netdev-genl-gen.o
  AR      net/sched/built-in.a
  CC      mm/vmalloc.o
  CC      kernel/power/poweroff.o
  CC [M]  crypto/cast_common.o
  CC      drivers/clk/clk-gate.o
  CC      lib/crypto/mpi/mpi-add.o
  AR      kernel/power/built-in.a
  CC      net/ethtool/strset.o
  CC      drivers/clk/clk-multiplier.o
  CC      kernel/printk/nbcon.o
  CC      drivers/acpi/acpica/dsinit.o
  CC      fs/notify/fdinfo.o
  CC      drivers/acpi/acpica/dsmethod.o
  CC [M]  crypto/cast5_generic.o
  CC      kernel/printk/printk_ringbuffer.o
  CC      net/core/gso.o
  CC [M]  crypto/cast6_generic.o
  CC      arch/x86/kernel/cpu/scattered.o
  CC      arch/x86/kernel/cpu/topology_common.o
  CC      net/netfilter/nf_sockopt.o
  CC      lib/crypto/mpi/mpi-bit.o
  CC      drivers/clk/clk-mux.o
  CC      lib/crypto/mpi/mpi-cmp.o
  CC      drivers/acpi/acpica/dsmthdat.o
  CC      fs/notify/dnotify/dnotify.o
  CC      fs/notify/inotify/inotify_fsnotify.o
  CC      drivers/pmdomain/governor.o
  CC      lib/devres.o
  CC      fs/notify/fanotify/fanotify.o
  CC [M]  crypto/arc4.o
  CC      kernel/printk/sysctl.o
  CC      arch/x86/kernel/cpu/topology_ext.o
  CC      net/ethtool/linkinfo.o
  CC      net/netfilter/utils.o
  CC      drivers/acpi/acpica/dsobject.o
  CC      drivers/clk/clk-composite.o
  CC      lib/crypto/mpi/mpi-sub-ui.o
  CC      net/core/net-sysfs.o
  CC      fs/notify/inotify/inotify_user.o
  AR      kernel/printk/built-in.a
  CC      kernel/irq/irqdesc.o
  CC      kernel/irq/handle.o
  CC [M]  crypto/tea.o
  CC      drivers/acpi/acpica/dsopcode.o
  AR      fs/notify/dnotify/built-in.a
  CC      kernel/irq/manage.o
  CC      net/ethtool/linkmodes.o
  CC      arch/x86/kernel/cpu/topology_amd.o
  AR      drivers/pmdomain/built-in.a
  CC      net/ipv4/route.o
  CC      drivers/clk/clk-fractional-divider.o
  CC      fs/notify/fanotify/fanotify_user.o
  CC      lib/crypto/mpi/mpi-div.o
  CC      drivers/acpi/acpica/dspkginit.o
  CC      kernel/irq/spurious.o
  CC [M]  crypto/khazad.o
  CC      drivers/clk/clk-gpio.o
  CC      arch/x86/kernel/cpu/common.o
  CC      net/netfilter/nf_bpf_link.o
  CC      drivers/acpi/acpica/dsutils.o
  AR      fs/notify/inotify/built-in.a
  CC [M]  lib/crypto/aescfb.o
  AR      drivers/clk/actions/built-in.a
  CC      arch/x86/virt/svm/sev.o
  CC      lib/crypto/mpi/mpi-mod.o
  CC      drivers/virtio/virtio.o
  CC      net/ethtool/rss.o
  CC      lib/crypto/mpi/mpi-mul.o
  CC [M]  crypto/anubis.o
  CC      mm/vma.o
  CC      drivers/acpi/acpica/dswexec.o
  AR      drivers/clk/aspeed/built-in.a
  AR      drivers/clk/analogbits/built-in.a
  CC      net/ethtool/linkstate.o
  AR      drivers/clk/bcm/built-in.a
  AR      drivers/clk/imgtec/built-in.a
  CC      kernel/irq/resend.o
  AR      drivers/clk/imx/built-in.a
  AR      drivers/clk/ingenic/built-in.a
  CC      kernel/rcu/update.o
  AR      drivers/clk/keystone/built-in.a
  CC      net/core/hotdata.o
  AR      drivers/clk/mediatek/built-in.a
  AR      drivers/clk/microchip/built-in.a
  AR      drivers/clk/mstar/built-in.a
  AR      drivers/clk/mvebu/built-in.a
  AR      drivers/clk/ralink/built-in.a
  CC      net/netfilter/nf_hooks_lwtunnel.o
  AR      drivers/clk/renesas/built-in.a
  AR      fs/notify/fanotify/built-in.a
  CC      lib/crypto/mpi/mpih-cmp.o
  AR      fs/notify/built-in.a
  AR      drivers/clk/socfpga/built-in.a
  CC      fs/anon_inodes.o
  AR      drivers/clk/sophgo/built-in.a
  CC      drivers/acpi/acpica/dswload.o
  AR      drivers/clk/spacemit/built-in.a
  CC [M]  crypto/seed.o
  CC      drivers/virtio/virtio_ring.o
  AR      drivers/clk/sprd/built-in.a
  AR      drivers/clk/starfive/built-in.a
  AR      drivers/clk/sunxi-ng/built-in.a
  AR      drivers/clk/tenstorrent/built-in.a
  AR      drivers/clk/ti/built-in.a
  AR      drivers/clk/versatile/built-in.a
  CC      arch/x86/virt/svm/cmdline.o
  CC      drivers/clk/x86/clk-fch.o
  CC      kernel/irq/chip.o
  CC      arch/x86/kernel/cpu/rdrand.o
  AR      arch/x86/virt/svm/built-in.a
  CC      drivers/acpi/acpica/dswload2.o
  AR      arch/x86/virt/vmx/built-in.a
  CC      arch/x86/virt/hw.o
  CC      lib/crypto/mpi/mpih-div.o
  CC      arch/x86/kernel/cpu/match.o
  CC      net/ethtool/debug.o
  AR      drivers/clk/xilinx/built-in.a
  CC      drivers/acpi/acpica/dswscope.o
  CC      net/core/netdev_config.o
  CC      fs/signalfd.o
  CC [M]  crypto/chacha.o
  CC      net/xfrm/xfrm_policy.o
  AR      drivers/clk/x86/built-in.a
  CC [M]  net/netfilter/nfnetlink.o
  AR      drivers/clk/built-in.a
  CC      net/ipv4/inetpeer.o
  CC      drivers/acpi/acpica/dswstate.o
  CC      kernel/irq/dummychip.o
  CC      arch/x86/kernel/cpu/bugs.o
  AR      arch/x86/virt/built-in.a
  CC      arch/x86/kernel/acpi/boot.o
  CC      arch/x86/kernel/acpi/sleep.o
  CC      mm/vma_exec.o
  CC [M]  crypto/crc32.o
  CC      lib/crypto/mpi/mpih-mul.o
  CC      net/ethtool/wol.o
  CC      drivers/acpi/acpica/evevent.o
  CC      kernel/irq/devres.o
  CC      drivers/virtio/virtio_anchor.o
  CC      fs/timerfd.o
  CC      net/core/netdev_rx_queue.o
  CC      drivers/acpi/acpica/evgpe.o
  CC [M]  crypto/lzo.o
  CC      net/ipv4/protocol.o
  CC      kernel/rcu/sync.o
  CC      lib/crypto/mpi/mpi-pow.o
  CC [M]  arch/x86/kvm/../../../virt/kvm/kvm_main.o
  CC [M]  net/netfilter/nfnetlink_acct.o
  CC      mm/process_vm_access.o
  CC      drivers/virtio/virtio_pci_modern_dev.o
  CC      kernel/irq/kexec.o
  CC      net/ethtool/features.o
  AS      arch/x86/kernel/acpi/wakeup_64.o
  CC      kernel/rcu/srcutree.o
  CC      drivers/acpi/acpica/evgpeblk.o
  CC      arch/x86/kernel/acpi/apei.o
  CC      fs/eventfd.o
  CC [M]  crypto/lzo-rle.o
  CC      arch/x86/kernel/cpu/aperfmperf.o
  CC      net/core/netdev_queues.o
  CC      kernel/irq/autoprobe.o
  CC      drivers/acpi/acpica/evgpeinit.o
  CC      mm/mseal.o
  CC      lib/crypto/mpi/mpiutil.o
  CC      net/ipv4/ip_input.o
  CC      drivers/virtio/virtio_pci_legacy_dev.o
  CC      arch/x86/kernel/acpi/cppc.o
  CC [M]  net/netfilter/nfnetlink_queue.o
  CC      net/ethtool/privflags.o
  CC [M]  crypto/lz4.o
  CC      drivers/acpi/acpica/evgpeutil.o
  CC      fs/aio.o
  CC      arch/x86/kernel/cpu/cpuid-deps.o
  CC      kernel/irq/irqdomain.o
  CC      kernel/rcu/tree.o
  AR      lib/crypto/mpi/built-in.a
  CC [M]  lib/crypto/arc4.o
  CC      drivers/virtio/virtio_mmio.o
  CC      net/core/page_pool.o
  CC      drivers/acpi/acpica/evglock.o
  CC      net/xfrm/xfrm_state.o
  CC      arch/x86/kernel/acpi/madt_wakeup.o
  CC [M]  crypto/lz4hc.o
  CC      mm/page_alloc.o
  CC      arch/x86/kernel/cpu/cpuid_0x2_table.o
  CC      drivers/acpi/acpica/evhandler.o
  CC      net/ethtool/rings.o
  CC [M]  lib/crypto/gf128mul.o
  CC [M]  crypto/842.o
  CC      drivers/virtio/virtio_pci_modern.o
  CC      net/ipv4/ip_fragment.o
  CC      arch/x86/kernel/cpu/umwait.o
  CC      kernel/irq/proc.o
  AS      arch/x86/kernel/acpi/madt_playdead.o
  CC      drivers/acpi/acpica/evmisc.o
  CC      arch/x86/kernel/acpi/cstate.o
  CC      drivers/acpi/acpica/evregion.o
  CC [M]  lib/crypto/chacha.o
  CC      fs/dax.o
  CC [M]  net/netfilter/nfnetlink_log.o
  CC [M]  crypto/af_alg.o
  CC      net/ethtool/channels.o
  AR      arch/x86/kernel/acpi/built-in.a
  CC      drivers/tty/tty_io.o
  CC      net/core/page_pool_user.o
  CC      drivers/virtio/virtio_pci_common.o
  CC      drivers/acpi/acpica/evrgnini.o
  MKCAP   arch/x86/kernel/cpu/capflags.c
  CC      kernel/irq/migration.o
  AS [M]  lib/crypto/x86/chacha-ssse3-x86_64.o
  AS [M]  lib/crypto/x86/chacha-avx2-x86_64.o
  AS [M]  lib/crypto/x86/chacha-avx512vl-x86_64.o
  CC [M]  lib/crypto/chacha20poly1305.o
  CC      drivers/acpi/acpica/evsci.o
  CC      net/ipv4/ip_forward.o
  CC      kernel/irq/cpuhotplug.o
  CC [M]  arch/x86/kvm/../../../virt/kvm/eventfd.o
  CC      net/ethtool/coalesce.o
  CC      net/xfrm/xfrm_hash.o
  CC      drivers/acpi/acpica/evxface.o
  CC      drivers/virtio/virtio_pci_legacy.o
  CC [M]  lib/crypto/curve25519.o
  CC [M]  crypto/algif_hash.o
  CC [M]  net/netfilter/nfnetlink_osf.o
  CC      net/core/net-procfs.o
  CC      kernel/irq/pm.o
  CC      net/xfrm/xfrm_input.o
  CC      drivers/acpi/acpica/evxfevnt.o
  CC      drivers/tty/n_tty.o
  CC      drivers/virtio/virtio_pci_admin_legacy_io.o
  CC [M]  lib/crypto/curve25519-hacl64.o
  CC      net/ipv4/ip_options.o
  CC      net/ethtool/pause.o
  CC      fs/locks.o
  CC      mm/page_frag_cache.o
  CC      drivers/acpi/acpica/evxfgpe.o
  CC [M]  arch/x86/kvm/../../../virt/kvm/binary_stats.o
  CC      kernel/rcu/rcu_segcblist.o
  CC      kernel/irq/msi.o
  CC [M]  crypto/algif_skcipher.o
  CC      net/core/fib_rules.o
  CC      drivers/virtio/virtio_balloon.o
  CC [M]  net/netfilter/nfnetlink_hook.o
  CC      drivers/acpi/acpica/evxfregn.o
  CC      mm/init-mm.o
  CC      net/ethtool/eee.o
  AR      kernel/rcu/built-in.a
  CC      fs/binfmt_script.o
  CC      net/xfrm/xfrm_output.o
  CC [M]  arch/x86/kvm/../../../virt/kvm/vfio.o
  CC      drivers/acpi/acpica/exconcat.o
  CC      net/ipv4/ip_output.o
  CC      drivers/tty/tty_ioctl.o
  CC [M]  crypto/algif_rng.o
  CC [M]  lib/crypto/poly1305.o
  CC      mm/memblock.o
  CC      kernel/irq/affinity.o
  CC      drivers/acpi/acpica/exconfig.o
  CC      drivers/acpi/acpica/exconvrt.o
  CC      drivers/virtio/virtio_input.o
  CC [M]  net/netfilter/nf_conntrack_core.o
  CC      net/ethtool/tsinfo.o
  PERLASM lib/crypto/x86/poly1305-x86_64-cryptogams.S
  AR      lib/crypto/built-in.a
  LD [M]  lib/crypto/libaescfb.o
  CC      drivers/tty/tty_ldisc.o
  CC      fs/binfmt_elf.o
  LD [M]  lib/crypto/libarc4.o
  LD [M]  lib/crypto/libchacha.o
  LD [M]  lib/crypto/libchacha20poly1305.o
  LD [M]  lib/crypto/libcurve25519.o
  CC      net/core/net-traces.o
  AS [M]  lib/crypto/x86/poly1305-x86_64-cryptogams.o
  CC      kernel/irq/matrix.o
  CC [M]  arch/x86/kvm/../../../virt/kvm/coalesced_mmio.o
  CC      drivers/acpi/acpica/excreate.o
  LD [M]  lib/crypto/libpoly1305.o
  CC      lib/check_signature.o
  CC      net/unix/af_unix.o
  CC [M]  crypto/algif_aead.o
  CC      lib/btree.o
  CC [M]  drivers/virtio/virtio_dma_buf.o
  CC      net/xfrm/xfrm_sysctl.o
  CC      drivers/acpi/acpica/exdebug.o
  CC      drivers/tty/tty_buffer.o
  CC      mm/memory_hotplug.o
  CC      drivers/acpi/acpica/exdump.o
  CC [M]  arch/x86/kvm/../../../virt/kvm/async_pf.o
  CC      net/ethtool/cabletest.o
  AR      drivers/virtio/built-in.a
  CC      drivers/acpi/processor_driver.o
  CC      lib/interval_tree.o
  AR      kernel/irq/built-in.a
  AR      kernel/livepatch/built-in.a
  CC [M]  crypto/zstd.o
  AR      kernel/liveupdate/built-in.a
  CC      net/ipv4/ip_sockglue.o
  CC      kernel/dma/mapping.o
  CC      fs/compat_binfmt_elf.o
  CC      drivers/acpi/acpica/exfield.o
  CC      net/xfrm/xfrm_replay.o
  CC      lib/assoc_array.o
  CC      drivers/tty/tty_port.o
  CC [M]  net/netfilter/nf_conntrack_standalone.o
  CC      drivers/acpi/acpica/exfldio.o
  CC      lib/smp_processor_id.o
  CC [M]  arch/x86/kvm/../../../virt/kvm/irqchip.o
  CC [M]  crypto/ecc.o
  CC      net/ethtool/tunnels.o
  CC      drivers/tty/tty_mutex.o
  CC      drivers/acpi/acpica/exmisc.o
  CC      fs/backing-file.o
  CC      mm/slub.o
  CC      lib/bitrev.o
  CC      net/unix/garbage.o
  CC      drivers/acpi/acpica/exmutex.o
  CC      net/xfrm/xfrm_device.o
  CC      kernel/dma/direct.o
  CC [M]  net/netfilter/nf_conntrack_expect.o
  CC      drivers/tty/tty_ldsem.o
  CC [M]  arch/x86/kvm/../../../virt/kvm/dirty_ring.o
  CC      lib/packing.o
  CC      net/ipv4/inet_hashtables.o
  CC [M]  crypto/essiv.o
  CC      drivers/acpi/acpica/exnames.o
  CC      fs/posix_acl.o
  CC      net/ethtool/fec.o
  CC      drivers/acpi/acpica/exoparg1.o
  CC      lib/xxhash.o
  CC      drivers/tty/tty_baudrate.o
  CC      net/unix/sysctl_net_unix.o
  CC      arch/x86/kernel/reboot.o
  CC      kernel/dma/ops_helpers.o
  CC [M]  crypto/ecdh.o
  CC      net/xfrm/xfrm_nat_keepalive.o
  CC [M]  arch/x86/kvm/../../../virt/kvm/pfncache.o
  CC      drivers/acpi/acpica/exoparg2.o
  CC [M]  net/netfilter/nf_conntrack_helper.o
  CC      drivers/tty/tty_jobctrl.o
  CC      lib/genalloc.o
  CC      net/ethtool/eeprom.o
  CC      fs/nfs_common/nfs_ssc.o
  CC      drivers/acpi/acpica/exoparg3.o
  CC      kernel/dma/dummy.o
  CC [M]  crypto/ecdh_helper.o
  CC      drivers/acpi/acpica/exoparg6.o
  CC      net/unix/unix_bpf.o
  CC      net/core/selftests.o
  CC      drivers/tty/n_null.o
  CC      lib/842/842_compress.o
  CC      net/ipv4/inet_timewait_sock.o
  CC [M]  arch/x86/kvm/../../../virt/kvm/guest_memfd.o
  CC      drivers/acpi/acpica/exprep.o
  CC      lib/842/842_decompress.o
  CC      kernel/dma/contiguous.o
  CC      crypto/rsapubkey.asn1.o
  CC      net/xfrm/espintcp.o
  CC      crypto/rsaprivkey.asn1.o
  CC [M]  net/netfilter/nf_conntrack_proto.o
  LD [M]  crypto/dh_generic.o
  LD [M]  crypto/crc32-cryptoapi.o
  LD [M]  crypto/ecdh_generic.o
  AR      crypto/built-in.a
  CC      fs/nfs_common/common.o
  CC      drivers/char/mem.o
  CC      net/ethtool/stats.o
  CC      drivers/tty/pty.o
  CC      drivers/acpi/acpica/exregion.o
  CC      drivers/acpi/acpica/exresnte.o
  AR      lib/842/built-in.a
  CC      lib/zlib_inflate/inffast.o
  CC [M]  net/unix/diag.o
  CC      kernel/dma/swiotlb.o
  CC      net/core/ptp_classifier.o
  CC      lib/zlib_inflate/inflate.o
  CC      net/ethtool/phc_vclocks.o
  CC      drivers/acpi/acpica/exresolv.o
  CC [M]  fs/nfs_common/grace.o
  CC [M]  arch/x86/kvm/x86.o
  CC      net/ipv4/inet_connection_sock.o
  CC      drivers/tty/tty_audit.o
  CC      drivers/char/random.o
  CC      lib/zlib_inflate/infutil.o
  CC      drivers/acpi/acpica/exresop.o
  CC      mm/madvise.o
  CC [M]  net/netfilter/nf_conntrack_proto_generic.o
  CC [M]  net/xfrm/xfrm_algo.o
  AR      fs/nfs_common/built-in.a
  CC      fs/coredump.o
  CC      net/ipv4/tcp.o
  AR      net/unix/built-in.a
  LD [M]  net/unix/unix_diag.o
  CC      lib/zlib_inflate/inftrees.o
  CC [M]  net/netfilter/nf_conntrack_proto_tcp.o
  CC      net/ethtool/mm.o
  CC      drivers/acpi/acpica/exserial.o
  CC      net/core/netprio_cgroup.o
  CC      drivers/tty/sysrq.o
  CC      lib/zlib_inflate/inflate_syms.o
  CC      kernel/dma/remap.o
  CC      drivers/acpi/acpica/exstore.o
  CC      arch/x86/kernel/cpu/powerflags.o
  CC      kernel/entry/common.o
  AR      lib/zlib_inflate/built-in.a
  CC      lib/zlib_deflate/deflate.o
  CC      arch/x86/kernel/cpu/topology.o
  CC [M]  net/xfrm/xfrm_user.o
  CC      drivers/char/misc.o
  AR      kernel/dma/built-in.a
  CC      drivers/acpi/acpica/exstoren.o
  CC [M]  arch/x86/kvm/emulate.o
  CC      net/core/netclassid_cgroup.o
  CC      drivers/tty/vt/vt_ioctl.o
  CC      drivers/acpi/acpica/exstorob.o
  CC      net/ethtool/module.o
  CC      kernel/entry/syscall-common.o
  CC      mm/page_io.o
  CC      drivers/char/lp.o
  CC      fs/drop_caches.o
  CC      drivers/acpi/acpica/exsystem.o
  CC [M]  net/netfilter/nf_conntrack_proto_udp.o
  CC      arch/x86/kernel/cpu/proc.o
  CC      lib/zlib_deflate/deftree.o
  CC [M]  net/xfrm/xfrm_ipcomp.o
  CC      net/core/lwtunnel.o
  CC      drivers/acpi/acpica/extrace.o
  CC      drivers/tty/vt/vc_screen.o
  CC      lib/zlib_deflate/deflate_syms.o
  CC      kernel/entry/syscall_user_dispatch.o
  CC      arch/x86/kernel/cpu/feat_ctl.o
  CC      drivers/char/hpet.o
  CC      fs/sysctls.o
  CC      net/ethtool/cmis_fw_update.o
  CC      mm/swap_state.o
  CC      drivers/acpi/acpica/exutils.o
  CC      fs/fhandle.o
  AR      lib/zlib_deflate/built-in.a
  CC      lib/lzo/lzo1x_compress.o
  CC      arch/x86/kernel/cpu/intel.o
  CC [M]  net/netfilter/nf_conntrack_proto_icmp.o
  CC      drivers/acpi/acpica/hwacpi.o
  CC      drivers/tty/vt/selection.o
  AR      net/xfrm/built-in.a
  CC [M]  arch/x86/kvm/irq.o
  CC [M]  net/netfilter/nf_conntrack_extend.o
  CC      kernel/entry/virt.o
  CC      net/core/lwt_bpf.o
  CC      drivers/char/hw_random/core.o
  CC      net/ipv4/tcp_input.o
  CC      drivers/acpi/acpica/hwesleep.o
  CC      lib/lzo/lzo1x_compress_safe.o
  CC      net/ethtool/cmis_cdb.o
  CC      fs/iomap/trace.o
  CC      arch/x86/kernel/cpu/tsx.o
  CC      mm/swapfile.o
  CC      drivers/tty/vt/keyboard.o
  CC      drivers/acpi/acpica/hwgpe.o
  AR      kernel/entry/built-in.a
  CC      drivers/tty/hvc/hvc_console.o
  CC      kernel/unwind/user.o
  CC [M]  net/netfilter/nf_conntrack_acct.o
  CC      lib/lzo/lzo1x_decompress_safe.o
  CC      drivers/char/hw_random/intel-rng.o
  CC      drivers/acpi/acpica/hwregs.o
  CC      lib/lz4/lz4_compress.o
  CC      arch/x86/kernel/cpu/intel_epb.o
  CC      arch/x86/kernel/cpu/amd.o
  CC      net/ethtool/pse-pd.o
  CC      kernel/unwind/deferred.o
  CC      net/core/dst_cache.o
  CC      fs/iomap/iter.o
  AR      lib/lzo/built-in.a
  CC      drivers/acpi/acpica/hwsleep.o
  CC      arch/x86/kernel/msr.o
  CC      fs/quota/dquot.o
  AR      drivers/tty/hvc/built-in.a
  CC      drivers/char/hw_random/amd-rng.o
  CC      mm/dmapool.o
  CC [M]  net/netfilter/nf_conntrack_seqadj.o
  AR      kernel/unwind/built-in.a
  CC      drivers/tty/vt/vt.o
  CC      kernel/module/main.o
  CC      drivers/acpi/acpica/hwvalid.o
  CC      arch/x86/kernel/cpu/amd_cache_disable.o
  CC      drivers/char/hw_random/via-rng.o
  CC      net/core/gro_cells.o
  CC [M]  drivers/char/hw_random/virtio-rng.o
  CC      net/ethtool/plca.o
  CC      fs/iomap/buffered-io.o
  CC      drivers/acpi/processor_thermal.o
  CC      drivers/acpi/acpica/hwxface.o
  CC      mm/hugetlb.o
  CC      lib/lz4/lz4hc_compress.o
  COPY    drivers/tty/vt/defkeymap.c
  CC      mm/hugetlb_sysfs.o
  CC [M]  net/netfilter/nf_conntrack_proto_icmpv6.o
  AR      drivers/char/hw_random/built-in.a
  CC      drivers/acpi/acpica/hwxfsleep.o
  AR      drivers/char/agp/built-in.a
  CC      drivers/acpi/processor_idle.o
  CC [M]  drivers/char/agp/backend.o
  CC      arch/x86/kernel/cpu/hygon.o
  CC      net/core/skmsg.o
  CC      net/ethtool/phy.o
  CC      fs/quota/quota.o
  CC      drivers/acpi/acpica/hwpci.o
  CC      net/ipv6/af_inet6.o
  CC      fs/iomap/direct-io.o
  CC      arch/x86/kernel/cpu/centaur.o
  CC [M]  drivers/char/agp/generic.o
  CC      lib/lz4/lz4_decompress.o
  CC      drivers/acpi/acpica/nsaccess.o
  CC [M]  net/netfilter/nf_conntrack_timeout.o
  CC      kernel/module/strict_rwx.o
  CC      net/ipv4/tcp_output.o
  CC      net/ethtool/tsconfig.o
  CC      net/ethtool/mse.o
  CC      drivers/acpi/acpica/nsalloc.o
  CC      drivers/tty/vt/consolemap.o
  CC      arch/x86/kernel/cpu/zhaoxin.o
  CC      fs/quota/kqid.o
  CC      fs/iomap/ioend.o
  CC [M]  net/netfilter/nf_conntrack_timestamp.o
  CC [M]  drivers/char/agp/isoch.o
  CC      kernel/module/kmod.o
  CC      drivers/acpi/acpica/nsarguments.o
  CC      arch/x86/kernel/cpu/mce/core.o
  CC      net/core/sock_map.o
  CC [M]  arch/x86/kvm/lapic.o
  CC      net/ipv6/anycast.o
  CC [M]  fs/quota/quota_v2.o
  CC      net/core/bpf_sk_storage.o
  HOSTCC  drivers/tty/vt/conmakehash
  AR      net/ethtool/built-in.a
  AR      lib/lz4/built-in.a
  CC [M]  fs/quota/quota_tree.o
  CC      lib/zstd/zstd_compress_module.o
  CC      drivers/acpi/acpica/nsconvert.o
  COPY    drivers/tty/vt/ucs_width_table.h
  COPY    drivers/tty/vt/ucs_recompose_table.h
  COPY    drivers/tty/vt/ucs_fallback_table.h
  CC      drivers/tty/vt/defkeymap.o
  CC [M]  drivers/char/agp/amd64-agp.o
  CC [M]  net/netfilter/nf_conntrack_ecache.o
  CC      fs/iomap/fiemap.o
  CONMK   drivers/tty/vt/consolemap_deftbl.c
  CC      kernel/module/decompress.o
  CC      drivers/tty/vt/ucs.o
  CC      drivers/acpi/acpica/nsdump.o
  CC      fs/iomap/seek.o
  CC      drivers/tty/vt/consolemap_deftbl.o
  AR      drivers/tty/vt/built-in.a
  CC      drivers/tty/serial/serial_core.o
  CC      lib/zstd/compress/fse_compress.o
  CC      mm/hugetlb_sysctl.o
  AR      fs/quota/built-in.a
  CC      drivers/acpi/acpica/nseval.o
  CC      kernel/kcmp.o
  CC      lib/zstd/compress/hist.o
  CC [M]  drivers/char/agp/intel-agp.o
  CC      arch/x86/kernel/cpu/mtrr/mtrr.o
  CC      net/ipv6/ip6_output.o
  CC      kernel/module/tree_lookup.o
  CC      arch/x86/kernel/cpu/mtrr/if.o
  CC      lib/zstd/compress/huf_compress.o
  CC      fs/iomap/bio.o
  CC      drivers/acpi/acpica/nsinit.o
  CC [M]  net/netfilter/nf_conntrack_labels.o
  CC      mm/hugetlb_cma.o
  CC      arch/x86/kernel/cpu/mce/severity.o
  CC      net/core/devmem.o
  CC      drivers/char/hangcheck-timer.o
  CC      drivers/acpi/acpica/nsload.o
  CC      kernel/module/kallsyms.o
  CC [M]  drivers/char/agp/intel-gtt.o
  CC      arch/x86/kernel/cpu/mtrr/generic.o
  CC      net/ipv4/tcp_timer.o
  CC      lib/zstd/compress/zstd_compress.o
  CC      fs/iomap/swapfile.o
  CC [M]  arch/x86/kvm/cpuid.o
  CC      drivers/acpi/acpica/nsnames.o
  CC [M]  net/netfilter/nf_conntrack_ovs.o
  CC      fs/proc/task_mmu.o
  CC      arch/x86/kernel/cpu/mce/genpool.o
  CC      mm/hugetlb_vmemmap.o
  CC      drivers/acpi/processor_throttling.o
  CC      drivers/tty/serial/serial_base_bus.o
  CC      kernel/module/procfs.o
  CC      drivers/acpi/acpica/nsobject.o
  AR      fs/iomap/built-in.a
  LD [M]  drivers/char/agp/agpgart.o
  CC      mm/mempolicy.o
  CC [M]  drivers/char/virtio_console.o
  CC      arch/x86/kernel/cpu/mtrr/cleanup.o
  CC [M]  net/core/failover.o
  CC      arch/x86/kernel/cpu/mce/intel.o
  CC      drivers/acpi/acpica/nsparse.o
  CC      drivers/tty/serial/serial_ctrl.o
  CC      kernel/module/sysfs.o
  CC      arch/x86/kernel/cpu/microcode/core.o
  CC      net/ipv4/tcp_ipv4.o
  CC      kernel/freezer.o
  CC [M]  net/netfilter/nf_conntrack_proto_sctp.o
  CC      drivers/acpi/acpica/nspredef.o
  CC      net/ipv6/ip6_input.o
  AR      arch/x86/kernel/cpu/mtrr/built-in.a
  CC      lib/xz/xz_dec_syms.o
  CC      drivers/tty/serial/serial_port.o
  CC      arch/x86/kernel/cpu/mce/amd.o
  CC      drivers/acpi/acpica/nsprepkg.o
  AR      kernel/module/built-in.a
  CC      arch/x86/kernel/cpuid.o
  AR      net/core/built-in.a
  CC [M]  arch/x86/kvm/pmu.o
  CC [M]  arch/x86/kvm/mtrr.o
  CC      arch/x86/kernel/cpu/microcode/intel.o
  CC [M]  drivers/char/tpm/tpm-chip.o
  CC      kernel/stacktrace.o
  CC      fs/proc/inode.o
  CC      lib/xz/xz_dec_stream.o
  CC      drivers/tty/serial/earlycon.o
  CC      drivers/acpi/acpica/nsrepair.o
  CC      lib/zstd/compress/zstd_compress_literals.o
  CC      kernel/time/time.o
  CC [M]  net/netfilter/nf_conntrack_proto_gre.o
  CC      lib/zstd/compress/zstd_compress_sequences.o
  CC      lib/xz/xz_dec_lzma2.o
  CC      drivers/acpi/acpica/nsrepair2.o
  AR      drivers/iommu/arm/arm-smmu/built-in.a
  AR      drivers/iommu/arm/arm-smmu-v3/built-in.a
  AR      drivers/iommu/arm/built-in.a
  AR      drivers/iommu/iommufd/built-in.a
  CC [M]  drivers/char/tpm/tpm-dev-common.o
  CC      drivers/iommu/amd/iommu.o
  CC      lib/zstd/compress/zstd_compress_superblock.o
  CC      fs/kernfs/mount.o
  CC      arch/x86/kernel/cpu/microcode/amd.o
  CC      fs/proc/root.o
  CC      arch/x86/kernel/cpu/mce/threshold.o
  CC      drivers/tty/serial/8250/8250_core.o
  CC      mm/sparse.o
  CC      lib/zstd/compress/zstd_double_fast.o
  CC      net/ipv6/addrconf.o
  CC      drivers/acpi/acpica/nssearch.o
  CC [M]  arch/x86/kvm/debugfs.o
  CC      lib/xz/xz_dec_bcj.o
  CC      kernel/time/timer.o
  CC [M]  drivers/char/tpm/tpm-dev.o
  CC [M]  net/netfilter/nf_conntrack_netlink.o
  CC      drivers/acpi/acpica/nsutils.o
  CC      fs/proc/base.o
  CC      fs/kernfs/inode.o
  CC      net/ipv4/tcp_minisocks.o
  CC      arch/x86/kernel/cpu/mce/apei.o
  CC      mm/sparse-vmemmap.o
  AR      lib/xz/built-in.a
  CC      drivers/tty/serial/8250/8250_platform.o
  CC      drivers/acpi/processor_perflib.o
  AR      arch/x86/kernel/cpu/microcode/built-in.a
  CC      drivers/iommu/intel/iommu.o
  CC      drivers/acpi/acpica/nswalk.o
  CC [M]  drivers/char/tpm/tpm-interface.o
  CC [M]  arch/x86/kvm/mmu/mmu.o
  CC      drivers/acpi/acpica/nsxfeval.o
  CC      arch/x86/kernel/cpu/mce/dev-mcelog.o
  CC      lib/zstd/compress/zstd_fast.o
  CC      drivers/tty/serial/8250/8250_pnp.o
  CC      drivers/iommu/amd/init.o
  CC      drivers/tty/serial/8250/8250_port.o
  CC      fs/kernfs/dir.o
  CC      drivers/acpi/acpica/nsxfname.o
  CC [M]  drivers/char/tpm/tpm1-cmd.o
  CC      mm/mmu_notifier.o
  CC      kernel/time/hrtimer.o
  AR      arch/x86/kernel/cpu/mce/built-in.a
  CC      arch/x86/kernel/cpu/sgx/driver.o
  CC      net/ipv4/tcp_cong.o
  CC      fs/proc/generic.o
  CC      drivers/acpi/acpica/nsxfobj.o
  CC      fs/proc/array.o
  CC [M]  drivers/char/tpm/tpm2-cmd.o
  CC [M]  net/netfilter/nfnetlink_cttimeout.o
  CC      mm/ksm.o
  CC      drivers/acpi/acpica/psargs.o
  CC      fs/kernfs/file.o
  CC      lib/zstd/compress/zstd_lazy.o
  CC      arch/x86/kernel/cpu/sgx/encl.o
  CC      fs/proc/fd.o
  CC      drivers/iommu/intel/pasid.o
  CC      drivers/acpi/acpica/psloop.o
  CC      drivers/tty/serial/8250/8250_dwlib.o
  CC      kernel/time/sleep_timeout.o
  CC      arch/x86/kernel/cpu/sgx/ioctl.o
  CC [M]  drivers/char/tpm/tpmrm-dev.o
  CC      net/ipv4/tcp_metrics.o
  CC      drivers/iommu/amd/quirks.o
  CC      net/ipv6/addrlabel.o
  CC [M]  net/netfilter/nfnetlink_cthelper.o
  CC      drivers/acpi/acpica/psobject.o
  CC      kernel/time/timekeeping.o
  CC      fs/kernfs/symlink.o
  CC      drivers/tty/serial/8250/8250_pcilib.o
  CC      fs/proc/proc_tty.o
  CC      drivers/acpi/acpica/psopcode.o
  CC [M]  drivers/char/tpm/tpm2-space.o
  CC      drivers/iommu/intel/nested.o
  CC      drivers/iommu/amd/ppr.o
  AR      drivers/char/built-in.a
  AR      drivers/tty/ipwireless/built-in.a
  CC      arch/x86/kernel/early-quirks.o
  CC      drivers/acpi/acpica/psopinfo.o
  CC      arch/x86/kernel/cpu/sgx/main.o
  CC      fs/proc/cmdline.o
  CC      drivers/tty/serial/8250/8250_early.o
  AR      fs/kernfs/built-in.a
  CC      fs/sysfs/file.o
  CC [M]  net/netfilter/nf_conntrack_amanda.o
  CC      net/ipv6/route.o
  CC      drivers/acpi/acpica/psparse.o
  CC      net/ipv4/tcp_fastopen.o
  CC      drivers/iommu/amd/pasid.o
  CC [M]  drivers/char/tpm/tpm-sysfs.o
  CC      mm/migrate.o
  CC      drivers/iommu/intel/cache.o
  CC      fs/proc/consoles.o
  CC      mm/memory-tiers.o
  CC      drivers/tty/serial/8250/8250_exar.o
  CC      kernel/time/ntp.o
  CC      drivers/acpi/acpica/psscope.o
  CC      fs/sysfs/dir.o
  CC [M]  net/netfilter/nf_conntrack_ftp.o
  CC      fs/proc/cpuinfo.o
  AR      drivers/iommu/amd/built-in.a
  CC [M]  drivers/char/tpm/eventlog/common.o
  CC      drivers/acpi/acpica/pstree.o
  CC      net/devlink/core.o
  CC      arch/x86/kernel/cpu/sgx/virt.o
  CC      fs/sysfs/symlink.o
  CC      kernel/time/clocksource.o
  CC      fs/proc/devices.o
  CC      kernel/futex/core.o
  CC      drivers/acpi/acpica/psutils.o
  CC      drivers/tty/serial/8250/8250_lpss.o
  CC [M]  arch/x86/kvm/mmu/page_track.o
  CC      net/ipv4/tcp_recovery.o
  CC      drivers/iommu/intel/prq.o
  CC [M]  drivers/char/tpm/eventlog/tpm1.o
  CC      drivers/acpi/acpica/pswalk.o
  CC      fs/proc/interrupts.o
  CC      fs/sysfs/mount.o
  AR      arch/x86/kernel/cpu/sgx/built-in.a
  CC      arch/x86/kernel/cpu/perfctr-watchdog.o
  CC      drivers/acpi/acpica/psxface.o
  CC      mm/migrate_device.o
  CC      drivers/tty/serial/8250/8250_mid.o
  CC [M]  net/netfilter/nf_conntrack_h323_main.o
  CC      kernel/time/jiffies.o
  CC      fs/proc/loadavg.o
  CC [M]  drivers/char/tpm/eventlog/tpm2.o
  CC      drivers/iommu/intel/dmar.o
  CC      drivers/acpi/acpica/rsaddr.o
  CC [M]  arch/x86/kvm/mmu/spte.o
  CC      kernel/futex/syscalls.o
  CC      arch/x86/kernel/cpu/vmware.o
  CC      net/ipv4/tcp_ulp.o
  CC      fs/sysfs/group.o
  CC      net/devlink/netlink.o
  CC      kernel/time/timer_list.o
  CC      drivers/acpi/acpica/rscalc.o
  CC      drivers/tty/serial/8250/8250_pci.o
  CC      fs/proc/meminfo.o
  CC      drivers/acpi/acpica/rscreate.o
  CC [M]  drivers/char/tpm/tpm-buf.o
  CC      net/ipv6/ip6_fib.o
  CC      kernel/time/timeconv.o
  AR      fs/sysfs/built-in.a
  CC      arch/x86/kernel/cpu/hypervisor.o
  CC      kernel/futex/pi.o
  CC      fs/configfs/inode.o
  CC      mm/huge_memory.o
  CC [M]  arch/x86/kvm/mmu/tdp_iter.o
  CC      fs/proc/stat.o
  CC [M]  net/netfilter/nf_conntrack_h323_asn1.o
  CC      drivers/acpi/acpica/rsdumpinfo.o
  CC      net/ipv4/tcp_offload.o
  CC      arch/x86/kernel/cpu/mshyperv.o
  CC      net/devlink/netlink_gen.o
  CC [M]  drivers/char/tpm/tpm2-sessions.o
  CC      drivers/acpi/acpica/rsinfo.o
  CC      kernel/time/timecounter.o
  CC [M]  net/netfilter/nf_conntrack_irc.o
  CC      drivers/tty/serial/8250/8250_pericom.o
  CC      kernel/time/alarmtimer.o
  CC      kernel/futex/requeue.o
  CC      drivers/iommu/intel/trace.o
  CC      fs/configfs/file.o
  CC      fs/proc/uptime.o
  CC      drivers/acpi/acpica/rsio.o
  CC [M]  arch/x86/kvm/mmu/tdp_mmu.o
  CC      net/devlink/dev.o
  CC      drivers/acpi/acpica/rsirq.o
  CC      arch/x86/kernel/cpu/debugfs.o
  AR      drivers/tty/serial/8250/built-in.a
  CC      drivers/tty/serial/serial_mctrl_gpio.o
  CC      fs/configfs/dir.o
  CC      kernel/futex/waitwake.o
  CC [M]  drivers/char/tpm/tpm_ppi.o
  CC [M]  net/netfilter/nf_conntrack_broadcast.o
  CC      fs/proc/util.o
  CC      drivers/acpi/acpica/rslist.o
  CC      net/ipv4/tcp_plb.o
  CC      arch/x86/kernel/cpu/bus_lock.o
  CC      net/ipv6/ipv6_sockglue.o
  CC      kernel/time/posix-timers.o
  CC      drivers/iommu/intel/svm.o
  CC      drivers/acpi/acpica/rsmemory.o
  AR      drivers/tty/serial/built-in.a
  CC [M]  drivers/char/tpm/eventlog/acpi.o
  AR      drivers/tty/built-in.a
  AR      kernel/futex/built-in.a
  CC      drivers/iommu/intel/irq_remapping.o
  CC      fs/proc/version.o
  CC      drivers/gpu/buddy.o
  CC      fs/configfs/symlink.o
  CC      drivers/acpi/acpica/rsmisc.o
  CC [M]  net/netfilter/nf_conntrack_netbios_ns.o
  CC [M]  arch/x86/kvm/i8259.o
  CC      lib/zstd/compress/zstd_ldm.o
  CC      net/devlink/port.o
  CC      fs/proc/softirqs.o
  CC      arch/x86/kernel/cpu/capflags.o
  CC      net/ipv4/datagram.o
  AR      arch/x86/kernel/cpu/built-in.a
  CC      arch/x86/kernel/smp.o
  CC [M]  drivers/char/tpm/eventlog/efi.o
  CC      fs/configfs/mount.o
  AR      drivers/gpu/host1x/built-in.a
  CC      drivers/acpi/acpica/rsserial.o
  CC      drivers/acpi/acpica/rsutils.o
  CC      mm/khugepaged.o
  CC      lib/zstd/compress/zstd_opt.o
  CC      kernel/time/posix-cpu-timers.o
  CC [M]  drivers/char/tpm/tpm_tis_core.o
  CC      fs/proc/namespaces.o
  CC [M]  net/netfilter/nf_conntrack_snmp.o
  CC      drivers/acpi/acpica/rsxface.o
  CC      drivers/iommu/intel/perfmon.o
  CC      mm/page_counter.o
  CC      net/ipv6/ndisc.o
  CC      drivers/gpu/drm/drm_panel_orientation_quirks.o
  CC      fs/configfs/item.o
  CC      fs/proc/self.o
  CC [M]  arch/x86/kvm/i8254.o
  CC      drivers/acpi/acpica/tbdata.o
  CC      arch/x86/kernel/smpboot.o
  CC      lib/raid6/algos.o
  CC      net/ipv4/raw.o
  CC [M]  net/netfilter/nf_conntrack_pptp.o
  AR      fs/configfs/built-in.a
  CC      net/ipv6/udp.o
  AR      drivers/gpu/drm/tests/built-in.a
  CC      drivers/gpu/drm/drm_mipi_dsi.o
  CC      kernel/time/posix-clock.o
  CC      fs/proc/thread_self.o
  CC      net/devlink/sb.o
  CC      drivers/acpi/acpica/tbfadt.o
  CC [M]  drivers/char/tpm/tpm_tis.o
  CC      lib/raid6/recov.o
  AR      drivers/iommu/intel/built-in.a
  CC      drivers/iommu/generic_pt/fmt/iommu_amdv1.o
  CC      lib/zstd/compress/zstd_preSplit.o
  CC      fs/proc/proc_sysctl.o
  CC      drivers/acpi/acpica/tbfind.o
  CC [M]  arch/x86/kvm/ioapic.o
  CC      lib/zstd/zstd_decompress_module.o
  CC [M]  net/netfilter/nf_conntrack_sane.o
  CC      arch/x86/kernel/tsc_sync.o
  CC      kernel/time/itimer.o
  AR      drivers/gpu/drm/arm/built-in.a
  AR      drivers/gpu/drm/clients/built-in.a
  CC [M]  drivers/gpu/drm/clients/drm_client_setup.o
  CC [M]  drivers/char/tpm/tpm_tis_i2c_cr50.o
  CC      drivers/acpi/acpica/tbinstal.o
  CC      mm/memcontrol.o
  HOSTCC  lib/raid6/mktables
  CC      drivers/acpi/acpica/tbprint.o
  CC      lib/zstd/decompress/huf_decompress.o
  UNROLL  lib/raid6/int1.c
  UNROLL  lib/raid6/int2.c
  CC      net/ipv4/udp.o
  UNROLL  lib/raid6/int4.c
  UNROLL  lib/raid6/int8.c
  CC      lib/raid6/recov_ssse3.o
  AR      net/dsa/built-in.a
  CC      net/ipv4/udp_offload.o
  CC      net/devlink/dpipe.o
  CC      arch/x86/kernel/setup_percpu.o
  CC [M]  drivers/gpu/drm/clients/drm_fbdev_client.o
  CC      drivers/acpi/acpica/tbutils.o
  CC      kernel/time/clockevents.o
  CC [M]  net/netfilter/nf_conntrack_sip.o
  CC      drivers/iommu/generic_pt/fmt/iommu_vtdss.o
  CC [M]  drivers/char/tpm/tpm_i2c_atmel.o
  CC      drivers/acpi/acpica/tbxface.o
  CC      lib/raid6/recov_avx2.o
  CC [M]  arch/x86/kvm/hyperv.o
  CC      net/ipv6/raw.o
  CC      fs/proc/proc_net.o
  CC      arch/x86/kernel/mpparse.o
  LD [M]  drivers/gpu/drm/clients/drm_client_lib.o
  AR      drivers/gpu/drm/display/built-in.a
  CC [M]  drivers/gpu/drm/display/drm_display_helper_mod.o
  CC      drivers/acpi/acpica/tbxfload.o
  CC      kernel/time/tick-common.o
  CC      lib/raid6/mmx.o
  CC      lib/raid6/sse1.o
  CC [M]  drivers/char/tpm/tpm_i2c_infineon.o
  CC [M]  drivers/gpu/drm/display/drm_dp_dual_mode_helper.o
  CC      lib/raid6/sse2.o
  CC      net/devlink/resource.o
  CC      fs/proc/kcore.o
  CC      drivers/acpi/acpica/tbxfroot.o
  AR      drivers/gpu/vga/built-in.a
  CC      drivers/connector/cn_queue.o
  CC      drivers/iommu/generic_pt/fmt/iommu_x86_64.o
  CC      arch/x86/kernel/apic/apic.o
  CC      drivers/acpi/acpica/utaddress.o
  CC      lib/zstd/decompress/zstd_ddict.o
  CC      lib/raid6/avx2.o
  CC      kernel/time/tick-broadcast.o
  CC      lib/zstd/decompress/zstd_decompress.o
  CC [M]  net/netfilter/nf_conntrack_tftp.o
  CC [M]  drivers/char/tpm/tpm_i2c_nuvoton.o
  CC [M]  drivers/gpu/drm/display/drm_dp_helper.o
  CC      drivers/acpi/acpica/utalloc.o
  CC      fs/proc/kmsg.o
  CC      net/ipv6/icmp.o
  CC      drivers/connector/connector.o
  CC      drivers/acpi/acpica/utascii.o
  CC      net/ipv4/arp.o
  CC      net/devlink/param.o
  CC [M]  arch/x86/kvm/smm.o
  CC      mm/vmpressure.o
  AR      drivers/iommu/generic_pt/fmt/built-in.a
  CC      lib/raid6/avx512.o
  CC      drivers/iommu/iommu.o
  CC      lib/zstd/decompress/zstd_decompress_block.o
  CC      fs/proc/page.o
  CC      drivers/acpi/acpica/utbuffer.o
  CC      kernel/time/tick-broadcast-hrtimer.o
  CC [M]  net/netfilter/nf_log_syslog.o
  CC [M]  drivers/char/tpm/tpm_nsc.o
  CC      arch/x86/kernel/apic/apic_common.o
  CC      drivers/acpi/acpica/utcksum.o
  CC      drivers/connector/cn_proc.o
  CC      mm/swap_cgroup.o
  CC      lib/raid6/recov_avx512.o
  CC      kernel/time/tick-oneshot.o
  AR      fs/proc/built-in.a
  CC      arch/x86/kernel/apic/apic_noop.o
  CC      fs/devpts/inode.o
  CC [M]  drivers/char/tpm/tpm_atmel.o
  CC      drivers/acpi/acpica/utcopy.o
  CC [M]  arch/x86/kvm/vmx/vmx.o
  CC      net/ipv6/mcast.o
  CC [M]  drivers/gpu/drm/display/drm_dp_mst_topology.o
  CC      net/devlink/region.o
  CC      mm/bpf_memcontrol.o
  CC      net/ipv4/icmp.o
  TABLE   lib/raid6/tables.c
  CC      kernel/time/tick-sched.o
  CC      lib/raid6/int1.o
  CC      arch/x86/kernel/apic/ipi.o
  CC      drivers/acpi/acpica/utexcep.o
  AR      drivers/connector/built-in.a
  CC [M]  net/netfilter/nf_nat_core.o
  AR      drivers/gpu/tests/built-in.a
  CC [M]  drivers/char/tpm/tpm_infineon.o
  CC      drivers/parport/share.o
  AR      fs/devpts/built-in.a
  CC      drivers/iommu/iommu-pages.o
  CC      fs/netfs/buffered_read.o
  CC      drivers/acpi/acpica/utdebug.o
  CC      lib/raid6/int2.o
  CC      mm/hugetlb_cgroup.o
  CC      arch/x86/kernel/apic/vector.o
  CC      drivers/acpi/acpica/utdecode.o
  CC      kernel/time/timer_migration.o
  CC      lib/zstd/zstd_common_module.o
  CC      drivers/parport/ieee1284.o
  CC      net/devlink/health.o
  CC      drivers/iommu/iommu-traces.o
  CC [M]  drivers/char/tpm/tpm_crb.o
  CC      lib/raid6/int4.o
  CC      drivers/acpi/acpica/utdelete.o
  CC      fs/netfs/buffered_write.o
  CC      lib/zstd/common/debug.o
  CC      mm/rodata_test.o
  CC      lib/zstd/common/entropy_common.o
  CC      drivers/parport/ieee1284_ops.o
  CC [M]  net/netfilter/nf_nat_proto.o
  CC      net/ipv4/devinet.o
  CC      drivers/acpi/acpica/uterror.o
  CC      lib/zstd/common/error_private.o
  CC      lib/raid6/int8.o
  CC [M]  drivers/char/tpm/tpm_vtpm_proxy.o
  CC      lib/zstd/common/fse_decompress.o
  CC      net/ipv6/reassembly.o
  CC      arch/x86/kernel/apic/init.o
  CC      mm/page_isolation.o
  CC [M]  drivers/gpu/drm/display/drm_dp_tunnel.o
  CC      drivers/iommu/iommu-sysfs.o
  CC      drivers/acpi/acpica/uteval.o
  CC      drivers/parport/procfs.o
  CC      lib/zstd/common/zstd_common.o
  AR      lib/zstd/built-in.a
  CC      mm/zsmalloc.o
  CC      fs/netfs/direct_read.o
  CC      drivers/acpi/acpica/utglobal.o
  CC      net/devlink/trap.o
  CC      lib/raid6/tables.o
  CC      arch/x86/kernel/apic/hw_nmi.o
  CC      kernel/time/vsyscall.o
  CC [M]  drivers/char/tpm/st33zp24/st33zp24.o
  CC      drivers/iommu/dma-iommu.o
  CC      drivers/parport/parport_pc.o
  CC      drivers/acpi/acpica/uthex.o
  CC      kernel/time/timekeeping_debug.o
  CC      drivers/iommu/iova.o
  CC [M]  net/netfilter/nf_nat_helper.o
  AR      lib/raid6/built-in.a
  CC      lib/textsearch.o
  CC      fs/netfs/direct_write.o
  CC      net/ipv6/tcp_ipv6.o
  CC      drivers/acpi/acpica/utids.o
  CC      arch/x86/kernel/apic/io_apic.o
  CC      mm/early_ioremap.o
  CC [M]  drivers/char/tpm/st33zp24/i2c.o
  CC      net/ipv4/af_inet.o
  CC      kernel/time/namespace.o
  CC [M]  drivers/gpu/drm/display/drm_dsc_helper.o
  CC      drivers/acpi/acpica/utinit.o
  CC      lib/percpu_counter.o
  CC      lib/iommu-helper.o
  AR      drivers/parport/built-in.a
  CC      net/strparser/strparser.o
  LD [M]  drivers/char/tpm/tpm.o
  CC      kernel/dma.o
  CC      net/devlink/rate.o
  CC      arch/x86/kvm/kvm-asm-offsets.s
  CC      drivers/iommu/irq_remapping.o
  CC      drivers/acpi/acpica/utlock.o
  CC      fs/netfs/iterator.o
  CC [M]  net/netfilter/nf_nat_redirect.o
  CC      mm/cma.o
  LD [M]  drivers/char/tpm/st33zp24/tpm_st33zp24.o
  LD [M]  drivers/char/tpm/st33zp24/tpm_st33zp24_i2c.o
  CC      kernel/time/namespace_vdso.o
  CC      drivers/iommu/iommu-sva.o
  CC      net/devlink/linecard.o
  CC      lib/error-inject.o
  CC      drivers/acpi/acpica/utmath.o
  CC [M]  drivers/gpu/drm/display/drm_hdcp_helper.o
  CC      fs/netfs/locking.o
  CC      arch/x86/kernel/apic/msi.o
  AR      kernel/time/built-in.a
  CC      kernel/smp.o
  CC      drivers/acpi/acpica/utmisc.o
  CC [M]  arch/x86/kvm/vmx/pmu_intel.o
  CC      drivers/acpi/acpica/utmutex.o
  AR      net/strparser/built-in.a
  CC      net/devlink/sh_dev.o
  CC      drivers/iommu/io-pgfault.o
  CC      lib/syscall.o
  CC      kernel/uid16.o
  CC [M]  drivers/gpu/drm/display/drm_hdmi_cec_notifier_helper.o
  CC [M]  net/netfilter/nf_nat_masquerade.o
  CC      net/ipv6/ping.o
  CC      lib/errname.o
  CC      net/ipv4/igmp.o
  CC      drivers/acpi/acpica/utnonansi.o
  CC      fs/netfs/main.o
  AR      drivers/gpu/drm/renesas/rcar-du/built-in.a
  AR      drivers/gpu/drm/renesas/rz-du/built-in.a
  AR      drivers/gpu/drm/renesas/built-in.a
  CC      arch/x86/kernel/apic/x2apic_phys.o
  CC      mm/numa.o
  CC      drivers/base/component.o
  CC      net/8021q/vlan_core.o
  CC      lib/nlattr.o
  CC      drivers/acpi/acpica/utobject.o
  CC [M]  drivers/iommu/virtio-iommu.o
  CC [M]  drivers/gpu/drm/display/drm_hdmi_helper.o
  CC      drivers/acpi/container.o
  CC      mm/numa_memblks.o
  AR      net/devlink/built-in.a
  CC      arch/x86/kernel/apic/x2apic_cluster.o
  CC      kernel/kallsyms.o
  CC [M]  arch/x86/kvm/vmx/vmcs12.o
  CC      mm/balloon.o
  CC      drivers/acpi/acpica/utosi.o
  CC      net/ipv6/exthdrs.o
  CC      drivers/base/core.o
  CC [M]  net/netfilter/nf_nat_ovs.o
  CC [M]  drivers/gpu/drm/display/drm_scdc_helper.o
  CC      arch/x86/kernel/ftrace.o
  CC      drivers/acpi/acpica/utownerid.o
  CC      lib/cpu_rmap.o
  AR      drivers/iommu/built-in.a
  CC      arch/x86/kernel/apic/apic_flat_64.o
  CC      net/ipv4/fib_frontend.o
  CC [M]  net/8021q/vlan.o
  CC      net/ipv6/datagram.o
  CC      mm/secretmem.o
  CC [M]  arch/x86/kvm/vmx/nested.o
  CC      fs/netfs/misc.o
  CC      drivers/acpi/acpica/utpredef.o
  CC      lib/dynamic_queue_limits.o
  CC      kernel/vmcore_info.o
  CC      mm/memremap.o
  LD [M]  drivers/gpu/drm/display/drm_display_helper.o
  CC      arch/x86/kernel/apic/probe_64.o
  AR      drivers/gpu/drm/omapdrm/built-in.a
  AR      drivers/gpu/drm/tilcdc/built-in.a
  CC [M]  net/netfilter/nf_nat_amanda.o
  AR      drivers/gpu/drm/imx/built-in.a
  AR      drivers/gpu/drm/panel/built-in.a
  CC      drivers/acpi/acpica/utresdecode.o
  AR      drivers/gpu/drm/bridge/analogix/built-in.a
  AR      drivers/gpu/drm/bridge/cadence/built-in.a
  AR      drivers/gpu/drm/bridge/imx/built-in.a
  AR      drivers/gpu/drm/bridge/synopsys/built-in.a
  CC      fs/squashfs/block.o
  AR      drivers/gpu/drm/bridge/built-in.a
  AR      drivers/gpu/drm/hisilicon/built-in.a
  AR      drivers/gpu/drm/mxsfb/built-in.a
  AR      drivers/gpu/drm/sysfb/built-in.a
  AR      drivers/gpu/drm/tiny/built-in.a
  AR      drivers/gpu/drm/xlnx/built-in.a
  CC      drivers/base/bus.o
  AR      drivers/gpu/drm/gud/built-in.a
  AR      drivers/gpu/drm/sitronix/built-in.a
  AR      drivers/gpu/drm/solomon/built-in.a
  CC      drivers/acpi/thermal_lib.o
  CC      kernel/elfcorehdr.o
  CC [M]  drivers/gpu/drm/drm_atomic.o
  AR      arch/x86/kernel/apic/built-in.a
  CC      drivers/acpi/acpica/utresrc.o
  AS      arch/x86/kernel/ftrace_64.o
  CC      arch/x86/kernel/trace_clock.o
  CC [M]  net/8021q/vlan_dev.o
  CC      fs/netfs/objects.o
  CC      arch/x86/kernel/trace.o
  CC      lib/glob.o
  CC      mm/hmm.o
  CC      drivers/acpi/acpica/utstate.o
  CC      net/ipv6/ip6_flowlabel.o
  CC [M]  net/netfilter/nf_nat_ftp.o
  CC      fs/squashfs/cache.o
  CC      kernel/compat.o
  CC      lib/dim/dim.o
  CC      net/ipv4/fib_semantics.o
  AR      net/wireless/tests/built-in.a
  CC      net/wireless/wext-core.o
  CC      drivers/acpi/acpica/utstring.o
  CC      arch/x86/kernel/rethook.o
  CC      drivers/base/dd.o
  CC      drivers/block/floppy.o
  CC      fs/netfs/read_collect.o
  CC      drivers/acpi/acpica/utstrsuppt.o
  CC      lib/dim/net_dim.o
  CC [M]  drivers/gpu/drm/drm_atomic_uapi.o
  CC [M]  net/8021q/vlan_netlink.o
  CC      fs/squashfs/dir.o
  CC      kernel/cgroup/cgroup.o
  CC      mm/memfd.o
  CC [M]  net/netfilter/nf_nat_irc.o
  CC      arch/x86/kernel/vmcore_info_64.o
  CC      drivers/acpi/acpica/utstrtoul64.o
  CC      net/ipv6/inet6_connection_sock.o
  CC      drivers/base/syscore.o
  CC      fs/squashfs/export.o
  CC      net/wireless/wext-proc.o
  CC      lib/dim/rdma_dim.o
  CC      drivers/acpi/acpica/utxface.o
  CC      fs/netfs/read_pgpriv2.o
  CC      arch/x86/kernel/kprobes/core.o
  CC [M]  net/8021q/vlan_gvrp.o
  CC [M]  net/netfilter/nf_nat_sip.o
  CC [M]  drivers/gpu/drm/drm_auth.o
  CC      mm/page_reporting.o
  CC      fs/squashfs/file.o
  CC [M]  arch/x86/kvm/vmx/posted_intr.o
  CC      drivers/acpi/acpica/utxfinit.o
  CC      net/ipv4/fib_trie.o
  AR      lib/dim/built-in.a
  CC      lib/strncpy_from_user.o
  CC      drivers/base/driver.o
  CC      net/wireless/wext-priv.o
  CC      net/ipv6/udp_offload.o
  CC      fs/netfs/read_retry.o
  CC      drivers/acpi/acpica/utxferror.o
  CC [M]  net/8021q/vlan_mvrp.o
  CC [M]  drivers/gpu/drm/drm_blend.o
  CC      lib/strnlen_user.o
  CC      mm/bootmem_info.o
  CC      drivers/block/loop.o
  CC      drivers/base/class.o
  CC      arch/x86/kernel/kprobes/opt.o
  CC      drivers/acpi/acpica/utxfmutex.o
  CC [M]  net/netfilter/nf_nat_tftp.o
  CC      fs/squashfs/fragment.o
  CC [M]  net/wireless/core.o
  CC      lib/net_utils.o
  CC [M]  arch/x86/kvm/vmx/main.o
  CC      mm/execmem.o
  CC      fs/netfs/read_single.o
  AR      drivers/acpi/acpica/built-in.a
  CC [M]  net/8021q/vlanproc.o
  CC      drivers/acpi/platform_profile.o
  CC [M]  drivers/gpu/drm/drm_bridge.o
  CC      net/ipv6/seg6.o
  CC      drivers/base/platform.o
  CC      fs/squashfs/id.o
  CC      arch/x86/kernel/kprobes/ftrace.o
  CC      lib/sg_pool.o
  CC [M]  net/netfilter/nf_synproxy_core.o
  CC      fs/squashfs/inode.o
  CC      drivers/block/virtio_blk.o
  CC [M]  arch/x86/kvm/vmx/sgx.o
  AR      mm/built-in.a
  CC      fs/netfs/rolling_buffer.o
  CC      net/ipv4/fib_notifier.o
  CC      drivers/acpi/numa/srat.o
  CC      drivers/acpi/numa/hmat.o
  AR      net/8021q/built-in.a
  LD [M]  net/8021q/8021q.o
  CC      fs/ramfs/inode.o
  AR      arch/x86/kernel/kprobes/built-in.a
  CC      arch/x86/kernel/module.o
  CC [M]  drivers/gpu/drm/drm_cache.o
  CC      drivers/base/cpu.o
  CC      net/ipv6/fib6_notifier.o
  CC      kernel/cgroup/rstat.o
  CC      lib/memregion.o
  CC      fs/squashfs/namei.o
  CC      fs/ramfs/file-mmu.o
  CC      lib/irq_poll.o
  CC      arch/x86/kernel/early_printk.o
  CC      lib/stackdepot.o
  CC      fs/netfs/write_collect.o
  AR      drivers/acpi/numa/built-in.a
  CC [M]  drivers/gpu/drm/drm_color_mgmt.o
  CC      drivers/acpi/acpi_memhotplug.o
  CC      net/ipv4/inet_fragment.o
  CC      drivers/base/firmware.o
  CC [M]  arch/x86/kvm/vmx/hyperv.o
  CC      drivers/block/mtip32xx/mtip32xx.o
  CC [M]  net/wireless/sysfs.o
  CC      fs/squashfs/super.o
  CC      kernel/cgroup/namespace.o
  CC      net/ipv6/rpl.o
  AR      fs/ramfs/built-in.a
  CC [M]  net/netfilter/nf_conncount.o
  CC      net/ipv4/ping.o
  CC      drivers/block/zram/zcomp.o
  CC      drivers/acpi/ioapic.o
  CC      drivers/base/init.o
  CC      arch/x86/kernel/hpet.o
  CC      lib/asn1_decoder.o
  CC [M]  drivers/gpu/drm/drm_colorop.o
  CC      fs/netfs/write_issue.o
  CC      drivers/block/zram/zram_drv.o
  CC      fs/squashfs/symlink.o
  CC [M]  arch/x86/kvm/vmx/hyperv_evmcs.o
  CC      kernel/cgroup/cgroup-v1.o
  CC      drivers/base/map.o
  CC      drivers/acpi/hed.o
  CC      net/ipv6/ioam6.o
  CC      lib/fonts/fonts.o
  CC [M]  drivers/gpu/drm/drm_connector.o
  CC      drivers/acpi/bgrt.o
  CC [M]  net/wireless/radiotap.o
  CC      arch/x86/kernel/amd_nb.o
  CC [M]  net/netfilter/nf_dup_netdev.o
  CC      fs/squashfs/decompressor.o
  CC      fs/netfs/write_retry.o
  CC      drivers/misc/eeprom/eeprom_93cx6.o
  CC      drivers/base/devres.o
  CC      lib/fonts/font_rotate.o
  CC [M]  arch/x86/kvm/svm/svm.o
  CC      net/ipv4/ip_tunnel_core.o
  CC      drivers/acpi/cppc_acpi.o
  AR      drivers/block/mtip32xx/built-in.a
  CC      drivers/block/zram/backend_lzorle.o
  CC [M]  arch/x86/kvm/svm/pmu.o
  CC      lib/fonts/font_8x8.o
  AR      drivers/misc/eeprom/built-in.a
  CC      lib/fonts/font_8x16.o
  AR      drivers/misc/cb710/built-in.a
  CC      arch/x86/kernel/amd_node.o
  AR      drivers/misc/lis3lv02d/built-in.a
  CC      fs/squashfs/page_actor.o
  AR      drivers/misc/cardreader/built-in.a
  CC [M]  drivers/misc/cardreader/rtsx_pcr.o
  CC      kernel/cgroup/freezer.o
  CC      drivers/block/zram/backend_lzo.o
  CC [M]  net/wireless/util.o
  CC      fs/netfs/fscache_cache.o
  CC [M]  net/netfilter/nf_tables_core.o
  CC      drivers/base/attribute_container.o
  CC      net/ipv6/sysctl_net_ipv6.o
  CC [M]  drivers/gpu/drm/drm_crtc.o
  CC      drivers/block/zram/backend_lz4.o
  AR      lib/fonts/built-in.a
  GEN     lib/oid_registry_data.c
  CC      drivers/base/transport_class.o
  CC      fs/squashfs/file_direct.o
  CC      arch/x86/kernel/kvm.o
  CC      drivers/acpi/spcr.o
  CC      drivers/block/zram/backend_lz4hc.o
  CC      kernel/cgroup/legacy_freezer.o
  CC      kernel/utsname.o
  CC      fs/netfs/fscache_cookie.o
  CC      net/ipv4/gre_offload.o
  CC [M]  drivers/misc/cardreader/rts5209.o
  CC      drivers/base/topology.o
  CC      drivers/block/zram/backend_zstd.o
  CC [M]  drivers/gpu/drm/drm_displayid.o
  CC      fs/squashfs/decompressor_single.o
  CC      net/ipv6/ip6mr.o
  CC [M]  net/netfilter/nf_tables_api.o
  CC      drivers/acpi/apei/apei-base.o
  CC      lib/ucs2_string.o
  CC      kernel/cgroup/pids.o
  CC      drivers/block/zram/backend_842.o
  CC [M]  drivers/misc/cardreader/rts5229.o
  CC [M]  drivers/gpu/drm/drm_drv.o
  CC      fs/squashfs/xattr.o
  CC      drivers/base/container.o
  CC      arch/x86/kernel/kvmclock.o
  AR      drivers/block/zram/built-in.a
  CC [M]  drivers/block/nbd.o
  CC [M]  drivers/gpu/drm/drm_dumb_buffers.o
  CC      fs/netfs/fscache_io.o
  CC      drivers/acpi/apei/hest.o
  CC      kernel/cgroup/cpuset.o
  CC      net/ipv4/metrics.o
  CC      drivers/base/property.o
  CC [M]  drivers/misc/cardreader/rtl8411.o
  CC [M]  net/wireless/reg.o
  CC      fs/squashfs/xattr_id.o
  CC [M]  arch/x86/kvm/svm/nested.o
  CC      arch/x86/kernel/paravirt.o
  CC      arch/x86/kernel/paravirt-spinlocks.o
  CC [M]  drivers/gpu/drm/drm_edid.o
  CC      drivers/acpi/apei/erst.o
  CC      fs/netfs/fscache_main.o
  CC      fs/squashfs/lz4_wrapper.o
  CC [M]  drivers/misc/cardreader/rts5227.o
  CC      drivers/base/cacheinfo.o
  CC      arch/x86/kernel/pvclock.o
  CC      net/ipv4/netlink.o
  CC      fs/hugetlbfs/inode.o
  CC      net/ipv6/xfrm6_policy.o
  CC      fs/squashfs/lzo_wrapper.o
  CC [M]  drivers/misc/cardreader/rts5249.o
  CC      drivers/acpi/apei/bert.o
  CC      arch/x86/kernel/pcspeaker.o
  CC      drivers/base/swnode.o
  AR      kernel/cgroup/built-in.a
  CC      kernel/user_namespace.o
  AR      drivers/block/built-in.a
  CC      fs/netfs/fscache_volume.o
  CC      net/9p/mod.o
  CC [M]  arch/x86/kvm/svm/avic.o
  CC      net/ipv4/nexthop.o
  CC      arch/x86/kernel/uprobes.o
  CC      drivers/acpi/apei/ghes.o
  CC      fs/squashfs/xz_wrapper.o
  CC      net/ipv6/xfrm6_state.o
  CC [M]  drivers/misc/cardreader/rts5260.o
  CC      net/9p/client.o
  CC [M]  net/wireless/scan.o
  CC      drivers/base/faux.o
  AR      fs/hugetlbfs/built-in.a
  CC      drivers/base/auxiliary.o
  CC      fs/squashfs/zlib_wrapper.o
  CC      fs/netfs/fscache_proc.o
  CC      kernel/pid_namespace.o
  CC [M]  drivers/gpu/drm/drm_eld.o
  CC [M]  drivers/misc/cardreader/rts5261.o
  CC [M]  drivers/gpu/drm/drm_encoder.o
  CC      net/9p/error.o
  CC      arch/x86/kernel/perf_regs.o
  CC      net/ipv6/xfrm6_input.o
  CC      drivers/acpi/apei/ghes_helpers.o
  CC      drivers/base/devtmpfs.o
  CC      fs/squashfs/zstd_wrapper.o
  AR      drivers/acpi/apei/built-in.a
  CC      drivers/acpi/pmic/intel_pmic.o
  AR      fs/netfs/built-in.a
  CC      arch/x86/kernel/itmt.o
  CC [M]  arch/x86/kvm/svm/sev.o
  CC      drivers/base/power/sysfs.o
  CC      kernel/stop_machine.o
  CC [M]  drivers/gpu/drm/drm_file.o
  CC [M]  drivers/misc/cardreader/rts5228.o
  CC      drivers/base/firmware_loader/main.o
  CC      net/ipv4/udp_tunnel_stub.o
  CC      lib/sbitmap.o
  CC      arch/x86/kernel/umip.o
  AR      fs/squashfs/built-in.a
  CC      net/9p/protocol.o
  CC      fs/fat/cache.o
  AR      drivers/acpi/pmic/built-in.a
  AR      drivers/acpi/dptf/built-in.a
  CC [M]  drivers/acpi/dptf/dptf_power.o
  CC [M]  drivers/acpi/dptf/dptf_pch_fivr.o
  CC      drivers/base/power/generic_ops.o
  CC      net/ipv6/xfrm6_output.o
  CC [M]  drivers/misc/cardreader/rts5264.o
  CC [M]  net/netfilter/nft_chain_filter.o
  CC      kernel/audit.o
  CC [M]  drivers/gpu/drm/drm_fourcc.o
  CC      arch/x86/kernel/unwind_orc.o
  CC      drivers/base/power/common.o
  CC [M]  net/wireless/nl80211.o
  CC      drivers/acpi/viot.o
  CC      fs/fat/dir.o
  CC      lib/group_cpus.o
  CC      net/9p/trans_common.o
  CC      drivers/base/firmware_loader/sysfs.o
  CC      net/ipv4/ip_tunnel.o
  CC [M]  drivers/gpu/drm/drm_framebuffer.o
  CC      lib/pldmfw/pldmfw.o
  CC [M]  drivers/misc/cardreader/rtsx_usb.o
  CC      drivers/base/power/qos.o
  CC      net/9p/trans_fd.o
  CC      net/ipv6/xfrm6_protocol.o
  CC      fs/fat/fatent.o
  CC      arch/x86/kernel/callthunks.o
  CC      drivers/acpi/x86/apple.o
  CC      drivers/base/firmware_loader/sysfs_upload.o
  AR      lib/pldmfw/built-in.a
  CC      lib/fw_table.o
  CC [M]  net/netfilter/nf_tables_trace.o
  LD [M]  drivers/misc/cardreader/rtsx_pci.o
  AR      drivers/misc/keba/built-in.a
  AR      drivers/misc/amd-sbi/built-in.a
  CC [M]  drivers/misc/enclosure.o
  CC [M]  drivers/gpu/drm/drm_gem.o
  CC [M]  arch/x86/kvm/svm/hyperv.o
  CC      kernel/auditfilter.o
  CC      drivers/base/firmware_loader/builtin/main.o
  CC      drivers/acpi/x86/cmos_rtc.o
  CC [M]  drivers/gpu/drm/drm_ioctl.o
  CC      arch/x86/kernel/audit_64.o
  CC      drivers/base/power/runtime.o
  CC [M]  lib/ts_kmp.o
  CC      net/ipv6/netfilter.o
  CC [M]  net/9p/trans_virtio.o
  CC      net/ipv4/sysctl_net_ipv4.o
  AR      drivers/base/firmware_loader/builtin/built-in.a
  AR      drivers/base/firmware_loader/built-in.a
  CC [M]  net/wireless/mlme.o
  CC [M]  drivers/misc/mei/init.o
  CC      fs/fat/file.o
  CC      drivers/acpi/x86/lpss.o
  CC      arch/x86/kernel/amd_gart_64.o
  CC [M]  net/netfilter/nft_immediate.o
  LD [M]  arch/x86/kvm/kvm.o
  UPD     arch/x86/kvm/kvm-asm-offsets.h
  AS [M]  arch/x86/kvm/vmx/vmenter.o
  CC [M]  lib/ts_bm.o
  CC      drivers/base/power/wakeirq.o
  AS [M]  arch/x86/kvm/svm/vmenter.o
  LD [M]  arch/x86/kvm/kvm-intel.o
  LD [M]  arch/x86/kvm/kvm-amd.o
  AR      drivers/mfd/built-in.a
  CC [M]  drivers/mfd/mfd-core.o
  CC [M]  drivers/misc/mei/hbm.o
  CC [M]  drivers/gpu/drm/drm_lease.o
  CC      kernel/auditsc.o
  CC      drivers/acpi/x86/s2idle.o
  CC      fs/isofs/namei.o
  CC [M]  lib/ts_fsm.o
  CC      fs/fat/inode.o
  CC      arch/x86/kernel/aperture_64.o
  CC      drivers/base/power/main.o
  AR      net/9p/built-in.a
  LD [M]  net/9p/9pnet_virtio.o
  CC [M]  drivers/acpi/acpi_ipmi.o
  CC [M]  net/netfilter/nft_cmp.o
  CC      net/ipv6/fib6_rules.o
  AR      drivers/nfc/built-in.a
  CC      net/ipv4/proc.o
  AR      drivers/dax/hmem/built-in.a
  CC      drivers/dax/super.o
  CC [M]  drivers/gpu/drm/drm_managed.o
  CC [M]  lib/parman.o
  CC [M]  drivers/misc/mei/interrupt.o
  CC      fs/isofs/inode.o
  CC      drivers/acpi/x86/utils.o
  CC      arch/x86/kernel/mmconf-fam10h_64.o
  CC [M]  drivers/gpu/drm/drm_mm.o
  CC [M]  drivers/gpu/drm/drm_mode_config.o
  CC [M]  lib/objagg.o
  AR      drivers/misc/built-in.a
  CC      fs/fat/misc.o
  CC      fs/exportfs/expfs.o
  CC [M]  drivers/misc/mei/client.o
  CC [M]  net/netfilter/nft_range.o
  CC      kernel/audit_watch.o
  CC      net/ipv6/proc.o
  CC      drivers/dax/bus.o
  CC      drivers/base/power/wakeup.o
  CC      drivers/acpi/x86/blacklist.o
  CC      net/ipv4/fib_rules.o
  CC      arch/x86/kernel/vsmp_64.o
  CC      fs/isofs/dir.o
  CC      drivers/base/node.o
  CC [M]  drivers/gpu/drm/drm_mode_object.o
  AR      fs/exportfs/built-in.a
  CC      net/sysctl_net.o
  AR      drivers/acpi/x86/built-in.a
  CC [M]  drivers/acpi/ac.o
  CC      fs/fat/nfs.o
  CC      kernel/audit_fsnotify.o
  LDS     arch/x86/kernel/vmlinux.lds
  AR      arch/x86/kernel/built-in.a
  AR      arch/x86/built-in.a
  CC [M]  net/netfilter/nft_bitwise.o
  CC      fs/isofs/util.o
  AR      drivers/dax/built-in.a
  CC      drivers/dma-buf/dma-buf.o
  CC      drivers/cxl/core/suspend.o
  CC      drivers/base/power/wakeup_stats.o
  CC      net/ipv6/syncookies.o
  CC [M]  drivers/gpu/drm/drm_modes.o
  CC [M]  drivers/misc/mei/main.o
  CC [M]  drivers/acpi/button.o
  CC [M]  drivers/misc/mei/dma-ring.o
  AR      lib/lib.a
  CC      net/ipv4/ipmr.o
  CC [M]  drivers/misc/mei/bus.o
  CC      lib/oid_registry.o
  CC      fs/fat/namei_vfat.o
  CC      kernel/audit_tree.o
  CC      fs/isofs/rock.o
  CC      drivers/base/power/clock_ops.o
  CC [M]  drivers/cxl/core/port.o
  CC [M]  net/netfilter/nft_byteorder.o
  CC      net/ipv6/seg6_iptunnel.o
  CC [M]  drivers/acpi/fan_core.o
  AR      lib/built-in.a
  CC      kernel/kprobes.o
  AR      drivers/macintosh/built-in.a
  CC      net/ipv6/seg6_local.o
  AR      drivers/base/power/built-in.a
  CC      kernel/seccomp.o
  CC      drivers/base/memory.o
  CC [M]  drivers/misc/mei/bus-fixup.o
  CC      fs/isofs/export.o
  CC      drivers/dma-buf/dma-fence.o
  CC [M]  drivers/gpu/drm/drm_modeset_lock.o
  CC      fs/fat/namei_msdos.o
  CC [M]  drivers/misc/mei/debugfs.o
  CC [M]  drivers/acpi/fan_attr.o
  CC [M]  drivers/cxl/core/pmem.o
  CC [M]  net/netfilter/nft_payload.o
  CC      fs/nls/nls_base.o
  AR      fs/isofs/built-in.a
  CC [M]  net/netfilter/nft_lookup.o
  CC [M]  drivers/gpu/drm/drm_plane.o
  CC      drivers/base/module.o
  CC [M]  drivers/misc/mei/mei-trace.o
  CC      net/ipv6/seg6_hmac.o
  CC [M]  drivers/acpi/fan_hwmon.o
  CC      drivers/dma-buf/dma-fence-array.o
  CC [M]  drivers/cxl/core/regs.o
  AR      fs/fat/built-in.a
  CC [M]  net/netfilter/nft_dynset.o
  CC      fs/nls/nls_cp437.o
  CC      drivers/scsi/scsi.o
  CC      drivers/base/auxiliary_sysfs.o
  CC      kernel/relay.o
  CC      net/ipv4/ipmr_base.o
  CC [M]  drivers/acpi/acpi_video.o
  CC      drivers/base/regmap/regmap.o
  CC [M]  drivers/cxl/port.o
  CC      drivers/dma-buf/dma-fence-chain.o
  CC      fs/nls/nls_ascii.o
  CC [M]  drivers/gpu/drm/drm_prime.o
  CC      drivers/scsi/hosts.o
  CC [M]  net/wireless/ibss.o
  CC [M]  drivers/misc/mei/pci-me.o
  CC [M]  drivers/cxl/core/memdev.o
  CC      drivers/dma-buf/dma-fence-unwrap.o
  CC      fs/nls/nls_iso8859-1.o
  CC [M]  net/netfilter/nft_meta.o
  CC [M]  drivers/gpu/drm/drm_print.o
  CC      net/ipv6/rpl_iptunnel.o
  AR      drivers/nvme/common/built-in.a
  CC      kernel/utsname_sysctl.o
  CC      drivers/nvme/host/core.o
  CC      kernel/delayacct.o
  CC      drivers/scsi/scsi_ioctl.o
  AR      fs/unicode/built-in.a
  CC [M]  drivers/cxl/core/mbox.o
  CC      fs/nls/nls_iso8859-15.o
  CC      drivers/base/pinctrl.o
  CC [M]  drivers/misc/mei/hw-me.o
  CC [M]  drivers/acpi/video_detect.o
  CC      drivers/dma-buf/dma-resv.o
  CC      net/ipv4/ipip.o
  CC [M]  drivers/acpi/acpi_tad.o
  CC [M]  drivers/gpu/drm/drm_property.o
  CC      fs/nls/nls_utf8.o
  CC      kernel/taskstats.o
  AR      net/mpls/built-in.a
  CC [M]  net/mpls/mpls_gso.o
  CC [M]  net/wireless/sme.o
  CC      net/ipv4/syncookies.o
  CC      net/ipv6/ioam6_iptunnel.o
  CC      drivers/dma-buf/dma-buf-mapping.o
  CC      drivers/scsi/scsicam.o
  CC [M]  net/netfilter/nft_rt.o
  CC [M]  fs/nls/nls_ucs2_utils.o
  CC [M]  drivers/misc/mei/gsc-me.o
  CC [M]  drivers/cxl/core/pci.o
  CC [M]  drivers/gpu/drm/drm_rect.o
  CC [M]  drivers/acpi/thermal.o
  CC      drivers/base/regmap/regcache.o
  CC      drivers/scsi/scsi_error.o
  CC [M]  drivers/cxl/acpi.o
  CC      drivers/dma-buf/sync_file.o
  CC [M]  drivers/cxl/core/hdm.o
  AR      fs/nls/built-in.a
  CC      fs/fuse/trace.o
  CC      kernel/tsacct.o
  CC [M]  drivers/misc/mei/hdcp/mei_hdcp.o
  CC [M]  drivers/gpu/drm/drm_syncobj.o
  CC [M]  net/netfilter/nft_exthdr.o
  CC      drivers/nvme/target/core.o
  AR      net/ipv6/netfilter/built-in.a
  CC [M]  net/ipv6/netfilter/ip6_tables.o
  CC      net/ipv4/tunnel4.o
  CC      drivers/dma-buf/udmabuf.o
  CC [M]  drivers/acpi/battery.o
  CC      drivers/base/regmap/regcache-rbtree.o
  CC      kernel/tracepoint.o
  CC      drivers/scsi/scsi_lib.o
  CC      fs/fuse/dev.o
  CC [M]  net/wireless/chan.o
  CC [M]  drivers/cxl/core/pmu.o
  CC      drivers/nvme/host/ioctl.o
  CC [M]  drivers/misc/mei/pxp/mei_pxp.o
  CC      drivers/base/devcoredump.o
  CC      drivers/base/regmap/regcache-flat.o
  CC [M]  drivers/gpu/drm/drm_sysfs.o
  CC      kernel/trace/trace_clock.o
  AR      drivers/dma-buf/built-in.a
  CC      kernel/trace/ftrace.o
  CC      net/ipv4/ipconfig.o
  CC [M]  drivers/acpi/acpi_pad.o
  CC [M]  drivers/cxl/core/cdat.o
  CC [M]  net/netfilter/nft_last.o
  CC      net/switchdev/switchdev.o
  CC [M]  drivers/misc/mei/gsc_proxy/mei_gsc_proxy.o
  CC      drivers/base/regmap/regcache-maple.o
  CC      kernel/irq_work.o
  CC      drivers/nvme/host/sysfs.o
  CC      drivers/nvme/target/configfs.o
  CC [M]  net/ipv6/netfilter/ip6table_filter.o
  CC      drivers/scsi/scsi_lib_dma.o
  CC [M]  drivers/gpu/drm/drm_trace_points.o
  CC [M]  drivers/acpi/acpi_configfs.o
  CC      fs/fuse/dir.o
  CC [M]  net/wireless/ethtool.o
  CC      drivers/base/regmap/regmap-debugfs.o
  CC [M]  net/netfilter/nft_counter.o
  CC [M]  drivers/gpu/drm/drm_vblank.o
  LD [M]  drivers/misc/mei/mei.o
  CC [M]  drivers/cxl/core/trace.o
  LD [M]  drivers/misc/mei/mei-me.o
  LD [M]  drivers/misc/mei/mei-gsc.o
  CC      drivers/nvme/host/pr.o
  CC      drivers/nvme/host/trace.o
  AR      net/switchdev/built-in.a
  CC      net/ipv6/addrconf_core.o
  CC      drivers/scsi/scsi_scan.o
  CC      net/ipv4/netfilter.o
  CC [M]  drivers/base/regmap/regmap-i2c.o
  CC      drivers/nvme/target/admin-cmd.o
  CC      drivers/nvme/host/zns.o
  CC [M]  net/ipv6/netfilter/ip6table_mangle.o
  AR      drivers/acpi/built-in.a
  LD [M]  drivers/acpi/fan.o
  LD [M]  drivers/acpi/video.o
  CC [M]  drivers/gpu/drm/drm_vblank_work.o
  CC [M]  net/netfilter/nft_objref.o
  CC      kernel/trace/ring_buffer.o
  CC      drivers/base/platform-msi.o
  CC [M]  net/wireless/mesh.o
  CC      kernel/bpf/core.o
  CC      fs/fuse/file.o
  CC [M]  drivers/base/regmap/regmap-mmio.o
  CC [M]  drivers/cxl/core/region.o
  GEN     drivers/scsi/scsi_devinfo_tbl.c
  CC      drivers/scsi/scsi_devinfo.o
  CC [M]  drivers/gpu/drm/drm_vma_manager.o
  CC      drivers/base/physical_location.o
  CC      drivers/nvme/host/hwmon.o
  AR      net/ipv4/netfilter/built-in.a
  CC [M]  net/ipv4/netfilter/nf_defrag_ipv4.o
  CC [M]  net/netfilter/nft_inner.o
  CC [M]  net/ipv6/netfilter/ip6table_raw.o
  CC      drivers/nvme/target/fabrics-cmd.o
  CC [M]  net/ipv4/netfilter/nf_socket_ipv4.o
  CC [M]  drivers/gpu/drm/drm_writeback.o
  AR      drivers/base/regmap/built-in.a
  CC      drivers/nvme/host/pci.o
  CC      net/ipv6/exthdrs_core.o
  AR      drivers/base/test/built-in.a
  CC      drivers/base/trace.o
  CC      drivers/scsi/scsi_netlink.o
  CC [M]  drivers/gpu/drm/drm_client.o
  CC [M]  net/wireless/ap.o
  CC      drivers/nvme/target/discovery.o
  CC [M]  drivers/gpu/drm/drm_client_event.o
  CC [M]  net/ipv6/netfilter/ip6table_nat.o
  CC [M]  net/netfilter/nft_chain_route.o
  CC [M]  net/wireless/trace.o
  CC [M]  net/ipv4/netfilter/nf_tproxy_ipv4.o
  AR      drivers/base/built-in.a
  CC      fs/overlayfs/super.o
  CC      fs/fuse/inode.o
  CC      kernel/bpf/syscall.o
  CC      drivers/scsi/scsi_sysctl.o
  CC      net/ipv6/ip6_checksum.o
  CC      drivers/nvme/target/io-cmd-file.o
  CC [M]  drivers/cxl/core/region_pmem.o
  CC [M]  drivers/gpu/drm/drm_client_modeset.o
  CC      kernel/trace/trace.o
  CC      kernel/trace/trace_output.o
  CC      net/l3mdev/l3mdev.o
  CC [M]  net/ipv6/netfilter/nf_defrag_ipv6_hooks.o
  CC      drivers/scsi/scsi_debugfs.o
  CC [M]  net/netfilter/nf_tables_offload.o
  CC [M]  net/ipv4/netfilter/nf_reject_ipv4.o
  CC [M]  drivers/cxl/core/region_dax.o
  CC [M]  drivers/cxl/core/ras.o
  CC      drivers/nvme/target/io-cmd-bdev.o
  CC      drivers/nvme/host/fabrics.o
  CC      fs/overlayfs/namei.o
  CC      fs/fuse/control.o
  CC [M]  drivers/gpu/drm/drm_client_sysrq.o
  AR      net/l3mdev/built-in.a
  CC      drivers/scsi/scsi_trace.o
  CC      net/handshake/alert.o
  CC      drivers/nvme/target/pr.o
  CC [M]  drivers/cxl/core/ras_rch.o
  CC      kernel/static_call.o
  CC      net/ipv4/tcp_bbr.o
  CC [M]  net/netfilter/nft_set_hash.o
  CC [M]  drivers/gpu/drm/drm_ioc32.o
  CC [M]  net/ipv6/netfilter/nf_conntrack_reasm.o
  CC      drivers/scsi/scsi_logging.o
  CC      fs/fuse/xattr.o
  AR      drivers/nvme/host/built-in.a
  CC [M]  net/ipv4/netfilter/nf_nat_h323.o
  CC      drivers/ata/libata-core.o
  CC      fs/overlayfs/util.o
  CC      drivers/target/target_core_configfs.o
  CC [M]  drivers/cxl/core/atl.o
  CC      net/handshake/genl.o
  CC [M]  drivers/gpu/drm/drm_panel.o
  CC      drivers/nvme/target/passthru.o
  CC      fs/fuse/acl.o
  CC      drivers/scsi/scsi_pm.o
  AR      drivers/cxl/core/built-in.a
  CC      kernel/bpf/verifier.o
  LD [M]  drivers/cxl/core/cxl_core.o
  CC [M]  drivers/cxl/mem.o
  CC [M]  net/ipv6/netfilter/nf_socket_ipv6.o
  CC      fs/udf/balloc.o
  CC [M]  net/netfilter/nft_set_bitmap.o
  CC      net/handshake/netlink.o
  CC [M]  drivers/gpu/drm/drm_pci.o
  CC      fs/overlayfs/inode.o
  CC      drivers/nvme/target/zns.o
  CC [M]  net/ipv4/netfilter/nf_nat_pptp.o
  CC      fs/fuse/readdir.o
  CC      drivers/scsi/scsi_bsg.o
  CC [M]  drivers/cxl/pci.o
  CC      kernel/trace/trace_seq.o
  CC [M]  drivers/gpu/drm/drm_debugfs.o
  CC      fs/udf/dir.o
  CC      drivers/target/target_core_device.o
  CC      net/handshake/request.o
  CC [M]  net/ipv6/netfilter/nf_tproxy_ipv6.o
  CC      drivers/nvme/target/trace.o
  CC [M]  net/netfilter/nft_set_rbtree.o
  CC      drivers/scsi/scsi_common.o
  CC      fs/fuse/ioctl.o
  CC      fs/overlayfs/file.o
  CC      kernel/trace/trace_stat.o
  ASN.1   net/ipv4/netfilter/nf_nat_snmp_basic.asn1.[ch]
  CC [M]  net/ipv4/netfilter/nft_reject_ipv4.o
  AR      drivers/cxl/built-in.a
  LD [M]  drivers/cxl/cxl_port.o
  LD [M]  drivers/cxl/cxl_acpi.o
  LD [M]  drivers/cxl/cxl_mem.o
  CC      fs/udf/file.o
  LD [M]  drivers/cxl/cxl_pci.o
  CC      drivers/nvme/target/loop.o
  CC [M]  drivers/gpu/drm/drm_debugfs_crc.o
  CC      net/ipv6/ip6_icmp.o
  CC      drivers/scsi/raid_class.o
  CC      net/handshake/tlshd.o
  CC      kernel/trace/trace_printk.o
  CC [M]  net/ipv6/netfilter/nf_reject_ipv6.o
  CC      fs/overlayfs/dir.o
  CC      fs/udf/ialloc.o
  CC      fs/fuse/iomode.o
  CC [M]  net/ipv4/netfilter/nft_fib_ipv4.o
  CC [M]  net/netfilter/nft_set_pipapo.o
  CC      drivers/target/target_core_fabric_configfs.o
  CC      drivers/ata/libata-scsi.o
  CC [M]  drivers/gpu/drm/../../accel/drm_accel.o
  AR      drivers/nvme/target/built-in.a
  AR      drivers/nvme/built-in.a
  CC      drivers/scsi/scsi_transport_sas.o
  CC [M]  net/ipv4/netfilter/nft_dup_ipv4.o
  CC      net/handshake/trace.o
  CC      fs/udf/inode.o
  CC      fs/fuse/dax.o
  CC      net/shaper/shaper.o
  CC      kernel/trace/trace_pid.o
  CC [M]  drivers/gpu/drm/drm_panel_backlight_quirks.o
  CC      kernel/static_call_inline.o
  CC [M]  net/ipv6/netfilter/nf_dup_ipv6.o
  CC      fs/overlayfs/readdir.o
  CC      drivers/target/target_core_fabric_lib.o
  CC [M]  net/ipv4/netfilter/ip_tables.o
  CC [M]  drivers/gpu/drm/drm_exec.o
  CC      drivers/target/target_core_hba.o
  CC      drivers/scsi/libsas/sas_init.o
  CC      fs/fuse/passthrough.o
  CC      kernel/trace/pid_list.o
  AR      net/handshake/built-in.a
  CC      kernel/bpf/inode.o
  CC [M]  net/ipv4/netfilter/iptable_filter.o
  CC [M]  net/netfilter/nft_set_pipapo_avx2.o
  CC [M]  net/ipv6/netfilter/nft_reject_ipv6.o
  CC      drivers/ata/libata-eh.o
  CC      fs/udf/lowlevel.o
  CC [M]  drivers/gpu/drm/drm_gpuvm.o
  CC      net/shaper/shaper_nl_gen.o
  CC      fs/overlayfs/copy_up.o
  CC      fs/fuse/backing.o
  CC      drivers/scsi/libsas/sas_phy.o
  CC      kernel/trace/trace_sched_switch.o
  CC      drivers/target/target_core_pr.o
  CC [M]  net/ipv4/netfilter/iptable_mangle.o
  CC      fs/udf/namei.o
  CC      drivers/scsi/libsas/sas_port.o
  CC [M]  net/ipv6/netfilter/nft_dup_ipv6.o
  AR      net/shaper/built-in.a
  CC      fs/udf/partition.o
  CC      kernel/bpf/helpers.o
  CC      fs/fuse/sysctl.o
  CC      fs/fuse/dev_uring.o
  CC [M]  net/netfilter/nft_ct_fast.o
  CC [M]  drivers/gpu/drm/drm_gpusvm.o
  CC      fs/overlayfs/export.o
  CC      kernel/trace/trace_functions.o
  CC      fs/xfs/xfs_trace.o
  CC [M]  net/ipv4/netfilter/iptable_nat.o
  CC      drivers/scsi/libsas/sas_event.o
  CC      fs/udf/super.o
  CC [M]  net/wireless/ocb.o
  CC [M]  net/ipv6/netfilter/nft_fib_ipv6.o
  CC      drivers/ata/libata-transport.o
  CC      fs/xfs/libxfs/xfs_group.o
  CC      drivers/target/target_core_alua.o
  CC [M]  net/netfilter/nft_compat.o
  CC      fs/overlayfs/params.o
  CC [M]  fs/fuse/virtio_fs.o
  CC [M]  drivers/gpu/drm/drm_pagemap.o
  CC      drivers/scsi/libsas/sas_discover.o
  CC      kernel/trace/trace_nop.o
  CC [M]  net/ipv4/netfilter/iptable_raw.o
  CC      kernel/trace/trace_functions_graph.o
  CC      drivers/ata/libata-trace.o
  CC      drivers/target/target_core_tmr.o
  CC [M]  net/ipv6/netfilter/ip6t_ah.o
  CC      fs/udf/truncate.o
  CC      fs/overlayfs/xattrs.o
  CC [M]  net/wireless/michael-mic.o
  CC      kernel/bpf/tnum.o
  CC      drivers/scsi/libsas/sas_expander.o
  CC [M]  net/ipv6/netfilter/ip6t_eui64.o
  CC [M]  drivers/gpu/drm/drm_pagemap_util.o
  CC [M]  net/netfilter/nft_connlimit.o
  CC      drivers/target/target_core_tpg.o
  CC      kernel/bpf/log.o
  CC [M]  net/ipv4/netfilter/ipt_ah.o
  CC      drivers/ata/libata-sata.o
  AR      fs/fuse/built-in.a
  LD [M]  fs/fuse/virtiofs.o
  CC      drivers/scsi/libsas/sas_scsi_host.o
  CC      drivers/net/loopback.o
  CC      kernel/trace/fgraph.o
  AR      fs/overlayfs/built-in.a
  CC      drivers/net/phy/stubs.o
  CC      fs/udf/symlink.o
  CC [M]  net/wireless/pmsr.o
  CC [M]  drivers/gpu/drm/drm_buddy.o
  CC      kernel/events/core.o
  CC [M]  net/ipv4/netfilter/ipt_rpfilter.o
  CC [M]  net/netfilter/nft_numgen.o
  CC [M]  net/ipv6/netfilter/ip6t_frag.o
  CC      kernel/bpf/token.o
  CC [M]  drivers/gpu/drm/drm_gem_shmem_helper.o
  CC      drivers/ata/libata-sff.o
  CC      fs/udf/directory.o
  CC [M]  drivers/gpu/drm/drm_fbdev_shmem.o
  AR      drivers/net/pse-pd/built-in.a
  CC      drivers/scsi/libsas/sas_task.o
  CC      drivers/ata/libata-pmp.o
  CC      drivers/net/phy/mdio_bus.o
  CC      drivers/target/target_core_transport.o
  CC      kernel/trace/blktrace.o
  CC [M]  net/ipv4/netfilter/ipt_ECN.o
  CC      kernel/bpf/liveness.o
  CC [M]  net/ipv6/netfilter/ip6t_ipv6header.o
  CC      drivers/scsi/libsas/sas_ata.o
  CC      fs/udf/misc.o
  CC [M]  net/netfilter/nft_ct.o
  CC [M]  net/netfilter/nft_flow_offload.o
  CC [M]  drivers/gpu/drm/drm_suballoc.o
  CC [M]  net/ipv6/netfilter/ip6t_mh.o
  CC [M]  net/wireless/wext-compat.o
  CC      drivers/net/phy/phy.o
  CC      kernel/trace/trace_events.o
  CC      fs/udf/udftime.o
  CC      drivers/ata/libata-acpi.o
  CC [M]  net/ipv4/netfilter/ipt_REJECT.o
  CC [M]  drivers/gpu/drm/drm_gem_ttm_helper.o
  CC      fs/udf/unicode.o
  CC      drivers/scsi/libsas/sas_host_smp.o
  CC      drivers/ata/libata-pata-timings.o
  CC [M]  net/ipv6/netfilter/ip6t_hbh.o
  CC      drivers/ata/ahci.o
  CC      drivers/target/target_core_sbc.o
  CC [M]  net/netfilter/nft_limit.o
  CC [M]  drivers/gpu/drm/drm_fbdev_ttm.o
  CC      kernel/events/ring_buffer.o
  CC [M]  net/ipv4/netfilter/ipt_SYNPROXY.o
  AR      fs/udf/built-in.a
  CC [M]  net/wireless/wext-sme.o
  AR      drivers/scsi/libsas/built-in.a
  CC      kernel/bpf/const_fold.o
  CC      drivers/net/phy/phy-c45.o
  CC      drivers/scsi/smartpqi/smartpqi_init.o
  AR      drivers/message/fusion/built-in.a
  CC [M]  drivers/message/fusion/mptbase.o
  CC      fs/xfs/libxfs/xfs_ag.o
  CC [M]  net/ipv6/netfilter/ip6t_rpfilter.o
  CC [M]  drivers/gpu/drm/drm_atomic_helper.o
  CC      drivers/target/target_core_spc.o
  CC      kernel/trace/trace_export.o
  CC      drivers/ata/libahci.o
  CC [M]  net/netfilter/nft_nat.o
  CC [M]  net/ipv4/netfilter/arpt_mangle.o
  GEN     net/wireless/shipped-certs.c
  CC      kernel/bpf/bpf_iter.o
  AR      net/wireless/built-in.a
  CC [M]  net/wireless/shipped-certs.o
  CC      kernel/trace/trace_event_perf.o
  CC      drivers/net/phy/phy-core.o
  CC      kernel/user-return-notifier.o
  CC [M]  net/ipv6/netfilter/ip6t_rt.o
  CC      drivers/net/mdio/acpi_mdio.o
  CC      drivers/target/target_core_ua.o
  CC [M]  net/ipv4/netfilter/nf_dup_ipv4.o
  LD [M]  net/wireless/cfg80211.o
  CC      net/ipv4/tcp_bpf.o
  CC      kernel/trace/trace_events_filter.o
  CC [M]  net/netfilter/nft_queue.o
  CC      kernel/bpf/map_iter.o
  CC      kernel/events/callchain.o
  CC [M]  drivers/ata/sata_inic162x.o
  CC      drivers/target/target_core_rd.o
  CC [M]  drivers/gpu/drm/drm_atomic_state_helper.o
  CC      drivers/net/phy/phy_device.o
  CC      drivers/net/mdio/fwnode_mdio.o
  CC      fs/xfs/libxfs/xfs_ag_resv.o
  CC [M]  net/ipv6/netfilter/ip6t_srh.o
  CC [M]  drivers/message/fusion/mptscsih.o
  CC [M]  net/ipv4/netfilter/nf_nat_snmp_basic.asn1.o
  CC [M]  net/ipv4/netfilter/nf_nat_snmp_basic_main.o
  CC [M]  net/netfilter/nft_quota.o
  CC      kernel/events/hw_breakpoint.o
  CC      drivers/target/target_core_stat.o
  CC      drivers/scsi/smartpqi/smartpqi_sis.o
  CC      kernel/bpf/task_iter.o
  CC [M]  drivers/ata/sata_sil24.o
  CC [M]  drivers/gpu/drm/drm_bridge_helper.o
  CC [M]  net/llc/llc_core.o
  AR      drivers/net/mdio/built-in.a
  AR      fs/hostfs/built-in.a
  CC      net/ipv6/output_core.o
  CC      kernel/trace/trace_events_trigger.o
  CC [M]  net/ipv6/netfilter/ip6t_NPT.o
  CC [M]  net/netfilter/nft_reject.o
  CC      drivers/scsi/smartpqi/smartpqi_sas_transport.o
  CC      drivers/target/target_core_xcopy.o
  CC [M]  drivers/gpu/drm/drm_crtc_helper.o
  LD [M]  net/ipv4/netfilter/nf_nat_snmp_basic.o
  CC      net/ipv4/udp_bpf.o
  CC [M]  drivers/ata/ata_piix.o
  CC      kernel/bpf/prog_iter.o
  CC [M]  drivers/message/fusion/mptspi.o
  CC      kernel/events/uprobes.o
  CC [M]  net/llc/llc_input.o
  CC      drivers/net/phy/linkmode.o
  CC      kernel/padata.o
  CC [M]  drivers/target/target_core_iblock.o
  CC [M]  drivers/gpu/drm/drm_damage_helper.o
  AR      drivers/scsi/smartpqi/built-in.a
  CC      drivers/scsi/mpt3sas/mpt3sas_base.o
  CC      kernel/trace/trace_eprobe.o
  CC [M]  net/netfilter/nft_reject_inet.o
  CC [M]  net/ipv6/netfilter/ip6t_REJECT.o
  CC      drivers/scsi/mpt3sas/mpt3sas_config.o
  CC      kernel/bpf/link_iter.o
  CC      drivers/net/phy/phy_link_topology.o
  CC [M]  drivers/ata/sata_mv.o
  CC [M]  net/llc/llc_output.o
  CC      net/ipv4/xfrm4_policy.o
  CC      kernel/jump_label.o
  CC [M]  drivers/message/fusion/mptfc.o
  CC [M]  drivers/gpu/drm/drm_flip_work.o
  CC [M]  drivers/target/target_core_file.o
  AR      kernel/events/built-in.a
  CC [M]  drivers/target/target_core_pscsi.o
  CC      kernel/bpf/hashtab.o
  LD [M]  net/llc/llc.o
  CC [M]  net/netfilter/nft_tunnel.o
  CC [M]  net/tls/tls_main.o
  CC      drivers/net/phy/phy_caps.o
  CC [M]  net/ipv6/netfilter/ip6t_SYNPROXY.o
  CC      kernel/trace/bpf_trace.o
  CC [M]  drivers/gpu/drm/drm_format_helper.o
  CC      fs/debugfs/inode.o
  CC      drivers/scsi/mvsas/mv_init.o
  CC      net/ipv4/xfrm4_state.o
  CC      net/ipv6/protocol.o
  CC [M]  drivers/message/fusion/mptsas.o
  CC [M]  drivers/target/target_core_user.o
  CC [M]  drivers/ata/sata_nv.o
  CC      drivers/net/phy/mdio_bus_provider.o
  CC [M]  drivers/gpu/drm/drm_gem_atomic_helper.o
  CC      fs/xfs/libxfs/xfs_alloc.o
  CC      drivers/scsi/mvsas/mv_sas.o
  CC [M]  net/netfilter/nft_log.o
  CC      fs/debugfs/file.o
  LD [M]  net/ipv6/netfilter/nf_defrag_ipv6.o
  CC      net/ipv4/xfrm4_input.o
  CC      drivers/scsi/mvsas/mv_64xx.o
  CC [M]  net/tls/tls_sw.o
  CC      net/ipv6/ip6_offload.o
  CC      drivers/scsi/mpt3sas/mpt3sas_scsih.o
  CC [M]  drivers/gpu/drm/drm_gem_framebuffer_helper.o
  CC      kernel/bpf/arraymap.o
  CC      drivers/net/phy/phy_port.o
  CC [M]  drivers/ata/sata_promise.o
  CC [M]  net/netfilter/nft_masq.o
  CC      net/ipv4/xfrm4_output.o
  CC      kernel/trace/trace_kprobe.o
  CC      net/ipv6/exthdrs_offload.o
  AR      fs/debugfs/built-in.a
  CC      kernel/bpf/percpu_freelist.o
  CC      drivers/scsi/mvsas/mv_94xx.o
  CC [M]  drivers/gpu/drm/drm_kms_helper_common.o
  CC [M]  drivers/target/loopback/tcm_loop.o
  CC [M]  drivers/message/fusion/mptctl.o
  CC      kernel/context_tracking.o
  AR      drivers/firewire/built-in.a
  CC [M]  drivers/firewire/core-trace.o
  CC      drivers/net/phy/mdio_device.o
  CC [M]  drivers/gpu/drm/drm_modeset_helper.o
  CC [M]  drivers/ata/sata_sil.o
  CC      kernel/bpf/bpf_lru_list.o
  CC      net/ipv6/inet6_hashtables.o
  CC [M]  net/netfilter/nft_redir.o
  CC      net/ipv4/xfrm4_protocol.o
  CC [M]  drivers/target/iscsi/iscsi_target_parameters.o
  AR      drivers/net/pcs/built-in.a
  CC      net/ipv6/mcast_snoop.o
  AR      drivers/scsi/mvsas/built-in.a
  CC      kernel/bpf/lpm_trie.o
  CC [M]  net/packet/af_packet.o
  CC [M]  drivers/gpu/drm/drm_plane_helper.o
  CC [M]  net/tls/tls_proc.o
  CC      drivers/net/phy/swphy.o
  CC [M]  drivers/ata/sata_sis.o
  CC      fs/xfs/libxfs/xfs_alloc_btree.o
  AR      drivers/message/built-in.a
  CC [M]  net/ipv6/ah6.o
  CC      kernel/trace/error_report-traces.o
  CC [M]  net/netfilter/nft_hash.o
  CC      net/ipv4/bpf_tcp_ca.o
  CC [M]  drivers/target/iscsi/iscsi_target_seq_pdu_list.o
  CC [M]  drivers/gpu/drm/drm_probe_helper.o
  CC [M]  drivers/target/iscsi/iscsi_target_auth.o
  CC [M]  drivers/ata/sata_svw.o
  CC      drivers/net/phy/mdio_devres.o
  CC [M]  drivers/firewire/core-card.o
  CC [M]  drivers/target/iscsi/iscsi_target_datain_values.o
  CC      kernel/trace/power-traces.o
  CC      kernel/bpf/map_in_map.o
  CC [M]  net/tls/trace.o
  CC      kernel/trace/rpm-traces.o
  CC [M]  net/netfilter/nft_fib.o
  CC      kernel/bpf/bloom_filter.o
  CC [M]  drivers/target/iscsi/iscsi_target_device.o
  CC [M]  drivers/ata/sata_uli.o
  CC [M]  drivers/gpu/drm/drm_self_refresh_helper.o
  CC      drivers/net/phy/fixed_phy.o
  CC [M]  net/ipv4/gre_demux.o
  CC [M]  net/ipv6/esp6.o
  CC      drivers/scsi/mpt3sas/mpt3sas_transport.o
  CC [M]  drivers/firewire/core-cdev.o
  CC      kernel/trace/trace_dynevent.o
  CC [M]  drivers/target/iscsi/iscsi_target_erl0.o
  CC [M]  net/tls/tls_strp.o
  CC      kernel/iomem.o
  CC      kernel/bpf/local_storage.o
  CC [M]  net/netfilter/nft_fib_inet.o
  CC      fs/xfs/libxfs/xfs_attr.o
  CC [M]  drivers/gpu/drm/drm_simple_kms_helper.o
  CC [M]  drivers/ata/sata_via.o
  AR      drivers/net/phy/mediatek/built-in.a
  CC [M]  drivers/target/iscsi/iscsi_target_erl1.o
  CC [M]  net/packet/diag.o
  AR      drivers/net/phy/qcom/built-in.a
  CC [M]  drivers/net/phy/phylink.o
  CC [M]  net/key/af_key.o
  CC      kernel/trace/trace_probe.o
  CC [M]  net/ipv4/ip_gre.o
  AR      drivers/net/ethernet/agere/built-in.a
  AR      drivers/net/ethernet/alacritech/built-in.a
  AR      drivers/net/ethernet/amazon/built-in.a
  AR      drivers/net/ethernet/amd/built-in.a
  CC [M]  drivers/net/ethernet/amd/xgbe/xgbe-main.o
  CC      drivers/scsi/mpt3sas/mpt3sas_ctl.o
  CC [M]  net/netfilter/nft_fib_netdev.o
  CC [M]  drivers/target/iscsi/iscsi_target_erl2.o
  CC [M]  drivers/gpu/drm/drm_vblank_helper.o
  CC [M]  drivers/firewire/core-device.o
  CC [M]  net/ipv6/esp6_offload.o
  CC [M]  drivers/ata/pata_amd.o
  CC      kernel/bpf/queue_stack_maps.o
  CC [M]  net/tls/tls_toe.o
  LD [M]  net/packet/af_packet_diag.o
  CC      drivers/scsi/virtio_scsi.o
  CC [M]  drivers/target/iscsi/iscsi_target_login.o
  CC [M]  drivers/gpu/drm/bridge/panel.o
  CC [M]  drivers/net/ethernet/amd/xgbe/xgbe-drv.o
  CC [M]  net/netfilter/nft_socket.o
  CC [M]  drivers/ata/pata_atiixp.o
  CC      kernel/trace/trace_uprobe.o
  CC [M]  drivers/firewire/core-iso.o
  CC      kernel/bpf/ringbuf.o
  CC [M]  net/ipv6/ipcomp6.o
  CC [M]  drivers/net/phy/phy_package.o
  CC [M]  drivers/firewire/core-topology.o
  CC [M]  net/ipv4/udp_tunnel_core.o
  CC [M]  drivers/gpu/drm/drm_fb_helper.o
  CC [M]  net/ipv6/xfrm6_tunnel.o
  CC      fs/xfs/libxfs/xfs_attr_leaf.o
  CC [M]  net/tls/tls_device.o
  CC      drivers/scsi/mpt3sas/mpt3sas_trigger_diag.o
  CC [M]  drivers/ata/pata_jmicron.o
  CC [M]  drivers/target/iscsi/iscsi_target_nego.o
  CC      kernel/rseq.o
  CC      kernel/bpf/bpf_insn_array.o
  CC [M]  net/netfilter/nft_osf.o
  CC [M]  drivers/net/phy/ax88796b.o
  CC [M]  drivers/firewire/core-transaction.o
  CC      fs/xfs/libxfs/xfs_attr_remote.o
  CC [M]  net/ipv4/udp_tunnel_nic.o
  CC      drivers/scsi/mpt3sas/mpt3sas_warpdrive.o
  CC [M]  net/ipv6/tunnel6.o
  CC [M]  drivers/ata/pata_marvell.o
  CC [M]  drivers/net/ethernet/amd/xgbe/xgbe-dev.o
  CC      kernel/trace/rethook.o
  CC [M]  drivers/gpu/drm/ttm/ttm_tt.o
  CC      kernel/bpf/bpf_local_storage.o
  CC [M]  drivers/target/iscsi/iscsi_target_nodeattrib.o
  CC [M]  drivers/net/phy/bcm-phy-lib.o
  CC [M]  drivers/ata/pata_oldpiix.o
  CC      kernel/bpf/bpf_task_storage.o
  CC      drivers/scsi/mpt3sas/mpt3sas_debugfs.o
  CC [M]  net/netfilter/nft_tproxy.o
  CC [M]  drivers/firewire/ohci.o
  CC [M]  net/tls/tls_device_fallback.o
  CC [M]  net/ipv6/mip6.o
  AR      kernel/trace/built-in.a
  CC [M]  drivers/target/iscsi/iscsi_target_tmr.o
  CC [M]  drivers/target/iscsi/iscsi_target_tpg.o
  CC [M]  net/ipv4/ip_vti.o
  CC [M]  drivers/gpu/drm/ttm/ttm_bo.o
  AR      drivers/scsi/mpt3sas/built-in.a
  CC      drivers/scsi/sd.o
  CC [M]  drivers/ata/pata_pdc2027x.o
  CC [M]  drivers/net/phy/broadcom.o
  AR      drivers/net/ethernet/aquantia/built-in.a
  CC [M]  drivers/target/iscsi/iscsi_target_util.o
  CC [M]  drivers/net/ethernet/aquantia/atlantic/aq_main.o
  CC [M]  net/ipv4/ah4.o
  CC      kernel/bpf/fixups.o
  CC [M]  drivers/net/ethernet/aquantia/atlantic/aq_nic.o
  CC [M]  net/netfilter/nft_xfrm.o
  CC [M]  net/ipv6/ip6_vti.o
  CC      fs/xfs/libxfs/xfs_bit.o
  CC [M]  drivers/net/ethernet/amd/xgbe/xgbe-desc.o
  CC [M]  drivers/ata/pata_pdc202xx_old.o
  LD [M]  net/tls/tls.o
  CC [M]  drivers/gpu/drm/ttm/ttm_bo_util.o
  CC      drivers/scsi/sd_dif.o
  CC [M]  drivers/net/phy/marvell10g.o
  CC      fs/xfs/libxfs/xfs_bmap.o
  CC [M]  drivers/ata/pata_sil680.o
  UPD     kernel/kheaders-srclist
  CC [M]  drivers/target/iscsi/iscsi_target.o
  CC [M]  net/ipv4/esp4.o
  CC [M]  net/netfilter/nft_synproxy.o
  AR      drivers/target/built-in.a
  CC [M]  net/bridge/br.o
  AR      drivers/net/wireless/admtek/built-in.a
  CC [M]  drivers/firewire/sbp2.o
  AR      drivers/net/wireless/ath/built-in.a
  CC [M]  drivers/net/wireless/ath/main.o
  CC [M]  drivers/gpu/drm/ttm/ttm_bo_vm.o
  CC [M]  drivers/net/ethernet/amd/xgbe/xgbe-ethtool.o
  AR      drivers/net/ethernet/arc/built-in.a
  CC [M]  drivers/gpu/drm/scheduler/sched_main.o
  CC [M]  drivers/ata/pata_sis.o
  CC [M]  drivers/net/ethernet/aquantia/atlantic/aq_pci_func.o
  CC      drivers/scsi/sd_zbc.o
  CC [M]  net/ipv6/sit.o
  CC      kernel/bpf/cfg.o
  CC [M]  drivers/net/phy/marvell.o
  CC [M]  drivers/gpu/drm/ttm/ttm_module.o
  CC [M]  drivers/net/wireless/ath/regd.o
  CC [M]  drivers/net/ethernet/amd/xgbe/xgbe-mdio.o
  CC [M]  drivers/firewire/net.o
  CC [M]  net/netfilter/nft_chain_nat.o
  CC [M]  net/bridge/br_device.o
  CC [M]  drivers/ata/pata_via.o
  CC [M]  net/ipv4/ipcomp.o
  CC [M]  drivers/gpu/drm/ttm/ttm_execbuf_util.o
  CC      drivers/scsi/sg.o
  CC [M]  drivers/net/ethernet/aquantia/atlantic/aq_vec.o
  CC      kernel/bpf/states.o
  CC [M]  drivers/gpu/drm/scheduler/sched_fence.o
  CC [M]  drivers/target/iscsi/iscsi_target_configfs.o
  CC [M]  drivers/net/wireless/ath/hw.o
  CC [M]  net/ipv6/ip6_tunnel.o
  CC [M]  drivers/gpu/drm/ttm/ttm_range_manager.o
  AR      drivers/ata/built-in.a
  CC [M]  drivers/gpu/drm/scheduler/sched_entity.o
  CC [M]  net/netfilter/nft_dup_netdev.o
  LD [M]  drivers/firewire/firewire-core.o
  LD [M]  drivers/firewire/firewire-ohci.o
  LD [M]  drivers/firewire/firewire-sbp2.o
  LD [M]  drivers/firewire/firewire-net.o
  CC [M]  net/ipv6/ip6_gre.o
  CC [M]  net/bridge/br_fdb.o
  CC [M]  drivers/net/ethernet/amd/xgbe/xgbe-hwtstamp.o
  CC      kernel/bpf/backtrack.o
  CC [M]  drivers/net/phy/aquantia/aquantia_main.o
  CC [M]  net/ipv4/xfrm4_tunnel.o
  CC [M]  drivers/net/ethernet/aquantia/atlantic/aq_ring.o
  CC [M]  drivers/net/wireless/ath/key.o
  CC [M]  drivers/gpu/drm/ttm/ttm_resource.o
  LD [M]  drivers/gpu/drm/scheduler/gpu-sched.o
  CC [M]  drivers/net/wireless/ath/dfs_pattern_detector.o
  AR      drivers/net/wireless/atmel/built-in.a
  CC [M]  drivers/net/ethernet/aquantia/atlantic/aq_hw_utils.o
  CC [M]  drivers/scsi/scsi_transport_spi.o
  CC [M]  net/netfilter/nft_fwd_netdev.o
  CC [M]  drivers/net/ethernet/amd/xgbe/xgbe-ptp.o
  CC      fs/xfs/libxfs/xfs_bmap_btree.o
  CC [M]  net/ipv4/inet_diag.o
  CC      kernel/bpf/check_btf.o
  CC [M]  drivers/net/phy/aquantia/aquantia_firmware.o
  CC [M]  drivers/gpu/drm/ttm/ttm_pool.o
  CC [M]  net/can/af_can.o
  CC [M]  drivers/target/iscsi/iscsi_target_stat.o
  CC [M]  drivers/net/wireless/ath/dfs_pri_detector.o
  CC [M]  drivers/net/ethernet/aquantia/atlantic/aq_ethtool.o
  UPD     kernel/kheaders-objlist
  CC [M]  drivers/target/iscsi/iscsi_target_transport.o
  CC [M]  net/netfilter/nf_flow_table_core.o
  CC [M]  drivers/scsi/scsi_transport_fc.o
  CC [M]  drivers/net/ethernet/amd/xgbe/xgbe-pps.o
  CC [M]  net/bridge/br_forward.o
  AR      drivers/net/ethernet/asix/built-in.a
  CC      drivers/uio/uio.o
  CC [M]  net/ipv6/ip6_udp_tunnel.o
  CC [M]  drivers/net/phy/realtek/realtek_main.o
  CC [M]  drivers/target/iscsi/cxgbit/cxgbit_main.o
  CC      kernel/bpf/disasm.o
  CC [M]  drivers/net/phy/aquantia/aquantia_leds.o
  CC [M]  net/ipv4/tcp_diag.o
  CC [M]  drivers/gpu/drm/ttm/ttm_device.o
  CC [M]  net/can/proc.o
  CC [M]  drivers/net/ethernet/aquantia/atlantic/aq_drvinfo.o
  CC [M]  drivers/net/wireless/ath/debug.o
  CC [M]  drivers/net/ethernet/amd/xgbe/xgbe-i2c.o
  AR      drivers/uio/built-in.a
  CC [M]  drivers/gpu/drm/radeon/radeon_drv.o
  CC [M]  net/bridge/br_if.o
  CC [M]  net/ipv6/ila/ila_main.o
  CC [M]  drivers/net/phy/aquantia/aquantia_hwmon.o
  CC      kernel/bpf/mprog.o
  CC      fs/xfs/libxfs/xfs_btree.o
  CC [M]  net/netfilter/nf_flow_table_ip.o
  CC [M]  drivers/gpu/drm/ttm/ttm_sys_manager.o
  LD [M]  drivers/net/phy/realtek/realtek.o
  CC [M]  net/ipv6/ila/ila_common.o
  CC [M]  net/can/raw.o
  CC [M]  drivers/net/wireless/ath/trace.o
  CC [M]  drivers/target/iscsi/cxgbit/cxgbit_cm.o
  CC [M]  drivers/net/ethernet/aquantia/atlantic/aq_filters.o
  CC [M]  net/ipv4/udp_diag.o
  CC [M]  drivers/net/ethernet/amd/xgbe/xgbe-phy-v1.o
  CC [M]  drivers/gpu/drm/ttm/ttm_backup.o
  LD [M]  drivers/net/phy/aquantia/aquantia.o
  CC [M]  drivers/gpu/drm/radeon/radeon_device.o
  AR      drivers/net/phy/built-in.a
  CC      fs/tracefs/inode.o
  CC      kernel/bpf/trampoline.o
  CC [M]  drivers/scsi/scsi_transport_iscsi.o
  CC [M]  drivers/scsi/libiscsi.o
  CC [M]  net/bridge/br_input.o
  CC [M]  net/ipv6/ila/ila_lwt.o
  CC [M]  drivers/gpu/drm/ttm/ttm_agp_backend.o
  CC [M]  net/ipv4/raw_diag.o
  CC [M]  drivers/net/ethernet/aquantia/atlantic/aq_phy.o
  CC [M]  drivers/net/wireless/ath/ath5k/caps.o
  CC [M]  net/can/bcm.o
  CC      fs/tracefs/event_inode.o
  CC [M]  net/netfilter/nf_flow_table_path.o
  CC [M]  drivers/net/ethernet/amd/xgbe/xgbe-phy-v2.o
  CC [M]  drivers/gpu/drm/radeon/radeon_asic.o
  LD [M]  drivers/gpu/drm/ttm/ttm.o
  CC [M]  net/netfilter/nf_flow_table_offload.o
  CC      kernel/bpf/btf.o
  CC [M]  net/ipv6/ila/ila_xlat.o
  CC [M]  net/bridge/br_ioctl.o
  CC [M]  drivers/target/iscsi/cxgbit/cxgbit_target.o
  CC [M]  drivers/net/ethernet/aquantia/atlantic/hw_atl/hw_atl_a0.o
  CC [M]  drivers/net/wireless/ath/ath5k/initvals.o
  AR      fs/tracefs/built-in.a
  CC [M]  drivers/gpu/drm/radeon/radeon_kms.o
  CC [M]  net/ipv4/tcp_bic.o
  CC [M]  drivers/net/wireless/ath/ath5k/eeprom.o
  LD [M]  drivers/target/iscsi/iscsi_target_mod.o
  CC [M]  net/can/gw.o
  CC [M]  drivers/net/ethernet/amd/xgbe/xgbe-platform.o
  AR      net/ipv6/built-in.a
  CC [M]  drivers/scsi/libiscsi_tcp.o
  CC      fs/xfs/libxfs/xfs_btree_staging.o
  CC [M]  drivers/gpu/drm/amd/amdgpu/amdgpu_drv.o
  AR      drivers/net/ethernet/atheros/built-in.a
  CC [M]  drivers/net/ethernet/atheros/atlx/atl1.o
  CC [M]  net/bridge/br_stp.o
  CC [M]  drivers/net/ethernet/aquantia/atlantic/hw_atl/hw_atl_b0.o
  CC [M]  drivers/gpu/drm/radeon/radeon_atombios.o
  CC [M]  net/netfilter/nf_flow_table_xdp.o
  LD [M]  net/ipv6/ila/ila.o
  CC [M]  drivers/gpu/drm/amd/amdgpu/amdgpu_device.o
  CC [M]  net/ipv4/tcp_cubic.o
  AR      drivers/cdrom/built-in.a
  CC [M]  drivers/cdrom/cdrom.o
  CC [M]  drivers/net/ethernet/amd/xgbe/xgbe-selftest.o
  CC [M]  drivers/target/iscsi/cxgbit/cxgbit_ddp.o
  CC [M]  drivers/net/wireless/ath/ath5k/gpio.o
  CC [M]  net/can/isotp.o
  CC [M]  net/netfilter/nf_flow_table_procfs.o
  CC [M]  drivers/scsi/iscsi_tcp.o
  CC [M]  net/ipv4/tcp_westwood.o
  CC [M]  net/bridge/br_stp_bpdu.o
  CC      fs/xfs/libxfs/xfs_da_btree.o
  CC [M]  drivers/net/ethernet/aquantia/atlantic/hw_atl/hw_atl_utils.o
  CC [M]  drivers/net/ethernet/amd/xgbe/xgbe-pci.o
  CC      kernel/bpf/memalloc.o
  CC [M]  drivers/net/wireless/ath/ath5k/desc.o
  LD [M]  drivers/target/iscsi/cxgbit/cxgbit.o
  AR      drivers/net/wireless/broadcom/built-in.a
  CC [M]  net/bluetooth/af_bluetooth.o
  CC [M]  drivers/net/wireless/broadcom/b43/main.o
  CC [M]  net/netfilter/nf_flow_table_inet.o
  CC [M]  drivers/net/ethernet/atheros/atl1e/atl1e_main.o
  CC [M]  net/can/j1939/address-claim.o
  CC [M]  drivers/gpu/drm/radeon/radeon_agp.o
  CC [M]  drivers/net/ethernet/atheros/atl1e/atl1e_hw.o
  CC [M]  net/ipv4/tcp_highspeed.o
  CC [M]  net/bridge/br_stp_if.o
  CC [M]  drivers/scsi/hpsa.o
  CC [M]  drivers/net/ethernet/aquantia/atlantic/hw_atl/hw_atl_utils_fw2x.o
  CC [M]  drivers/net/ethernet/amd/xgbe/xgbe-debugfs.o
  CC [M]  drivers/net/wireless/ath/ath5k/dma.o
  CC      kernel/bpf/rqspinlock.o
  CC [M]  drivers/gpu/drm/amd/amdgpu/amdgpu_reg_access.o
  CC [M]  net/netfilter/x_tables.o
  CC [M]  net/can/j1939/bus.o
  CC [M]  net/bluetooth/hci_core.o
  CC [M]  drivers/gpu/drm/radeon/atombios_crtc.o
  CC [M]  drivers/net/wireless/ath/ath9k/beacon.o
  CC [M]  net/ipv4/tcp_hybla.o
  CC [M]  net/bridge/br_stp_timer.o
  LD [M]  drivers/net/ethernet/amd/xgbe/amd-xgbe.o
  LD [M]  net/can/can.o
  CC [M]  net/bluetooth/hci_conn.o
  CC [M]  drivers/net/ethernet/atheros/atl1e/atl1e_ethtool.o
  CC [M]  drivers/net/ethernet/aquantia/atlantic/hw_atl/hw_atl_llh.o
  CC      kernel/bpf/stream.o
  CC [M]  drivers/net/wireless/ath/ath5k/qcu.o
  CC [M]  net/can/j1939/main.o
  CC [M]  drivers/gpu/drm/amd/amdgpu/amdgpu_doorbell_mgr.o
  CC      fs/xfs/libxfs/xfs_defer.o
  CC [M]  drivers/net/wireless/broadcom/b43/bus.o
  CC [M]  drivers/net/wireless/ath/ath9k/gpio.o
  CC [M]  net/ipv4/tcp_htcp.o
  CC [M]  drivers/gpu/drm/radeon/radeon_combios.o
  CC [M]  net/bridge/br_netlink.o
  CC [M]  drivers/net/ethernet/atheros/atl1e/atl1e_param.o
  CC      kernel/bpf/arena.o
  CC [M]  net/netfilter/xt_tcpudp.o
  CC [M]  drivers/net/ethernet/aquantia/atlantic/hw_atl2/hw_atl2.o
  CC [M]  drivers/net/wireless/ath/ath5k/pcu.o
  CC [M]  drivers/gpu/drm/amd/amdgpu/amdgpu_kms.o
  CC [M]  net/can/j1939/socket.o
  CC [M]  drivers/net/wireless/broadcom/b43/phy_g.o
  CC [M]  drivers/net/wireless/ath/ath9k/init.o
  CC [M]  drivers/net/wireless/ath/ath5k/phy.o
  CC [M]  net/ipv4/tcp_vegas.o
  CC [M]  net/bluetooth/hci_event.o
  LD [M]  drivers/net/ethernet/atheros/atl1e/atl1e.o
  CC [M]  drivers/net/ethernet/atheros/atl1c/atl1c_main.o
  CC [M]  drivers/net/ethernet/aquantia/atlantic/hw_atl2/hw_atl2_utils.o
  CC [M]  drivers/scsi/3w-xxxx.o
  CC [M]  net/netfilter/xt_mark.o
  CC [M]  drivers/gpu/drm/radeon/atom.o
  CC      kernel/bpf/range_tree.o
  CC      fs/xfs/libxfs/xfs_dir2.o
  CC [M]  net/bridge/br_netlink_tunnel.o
  CC [M]  drivers/net/ethernet/atheros/alx/main.o
  CC [M]  net/can/j1939/transport.o
  CC [M]  drivers/gpu/drm/amd/amdgpu/amdgpu_atombios.o
  CC [M]  drivers/net/ethernet/aquantia/atlantic/hw_atl2/hw_atl2_utils_fw.o
  CC [M]  net/ipv4/tcp_veno.o
  CC [M]  net/netfilter/xt_connmark.o
  CC [M]  drivers/net/wireless/ath/ath9k/main.o
  CC      kernel/bpf/dispatcher.o
  CC [M]  drivers/scsi/3w-9xxx.o
  CC [M]  drivers/net/wireless/ath/ath5k/reset.o
  CC [M]  drivers/net/wireless/broadcom/b43/tables.o
  CC [M]  net/bridge/br_arp_nd_proxy.o
  CC [M]  drivers/gpu/drm/radeon/radeon_fence.o
  CC [M]  net/netfilter/xt_set.o
  CC [M]  drivers/net/ethernet/atheros/atl1c/atl1c_hw.o
  CC [M]  drivers/net/ethernet/aquantia/atlantic/hw_atl2/hw_atl2_llh.o
  CC [M]  net/ipv4/tcp_scalable.o
  CC      kernel/bpf/devmap.o
  LD [M]  net/can/j1939/can-j1939.o
  LD [M]  net/can/can-raw.o
  LD [M]  net/can/can-bcm.o
  LD [M]  net/can/can-gw.o
  LD [M]  net/can/can-isotp.o
  CC [M]  drivers/gpu/drm/amd/amdgpu/atombios_crtc.o
  CC [M]  drivers/net/ethernet/atheros/alx/ethtool.o
  CC      fs/btrfs/super.o
  CC [M]  drivers/net/wireless/broadcom/b43/lo.o
  CC [M]  drivers/scsi/3w-sas.o
  CC      fs/xfs/libxfs/xfs_dir2_block.o
  CC [M]  drivers/net/wireless/ath/ath5k/attach.o
  CC [M]  net/bridge/br_sysfs_if.o
  CC [M]  drivers/net/wireless/ath/ath9k/recv.o
  CC [M]  drivers/net/ethernet/aquantia/atlantic/macsec/macsec_api.o
  CC [M]  drivers/gpu/drm/radeon/radeon_ttm.o
  CC [M]  net/netfilter/xt_nat.o
  CC [M]  drivers/net/ethernet/atheros/atl1c/atl1c_ethtool.o
  CC [M]  net/ipv4/tcp_lp.o
  CC [M]  net/bluetooth/mgmt.o
  CC [M]  drivers/net/ethernet/atheros/alx/hw.o
  CC [M]  drivers/gpu/drm/amd/amdgpu/amdgpu_connectors.o
  CC      kernel/bpf/cpumap.o
  CC [M]  drivers/net/wireless/ath/ath5k/base.o
  CC [M]  drivers/scsi/hptiop.o
  CC [M]  drivers/net/wireless/broadcom/b43/wa.o
  CC [M]  net/bridge/br_sysfs_br.o
  CC [M]  net/netfilter/xt_CHECKSUM.o
  CC [M]  drivers/gpu/drm/radeon/radeon_object.o
  LD [M]  drivers/net/ethernet/atheros/atl1c/atl1c.o
  CC [M]  net/ipv4/tcp_yeah.o
  CC [M]  drivers/net/wireless/ath/ath9k/xmit.o
  UPD     kernel/kheaders.md5
  AR      drivers/net/ethernet/cadence/built-in.a
  AR      drivers/net/wireless/intel/built-in.a
  CC [M]  drivers/net/wireless/intel/ipw2x00/ipw2100.o
  CC [M]  drivers/net/ethernet/aquantia/atlantic/aq_ptp.o
  LD [M]  drivers/net/ethernet/atheros/alx/alx.o
  CC [M]  drivers/net/wireless/intel/ipw2x00/ipw2200.o
  CC [M]  drivers/net/wireless/broadcom/b43/tables_nphy.o
  CC [M]  drivers/scsi/stex.o
  CC      fs/xfs/libxfs/xfs_dir2_data.o
  CC      kernel/bpf/offload.o
  CC [M]  drivers/gpu/drm/amd/amdgpu/atom.o
  CC [M]  net/netfilter/xt_CLASSIFY.o
  CC [M]  net/bridge/br_nf_core.o
  CC [M]  drivers/gpu/drm/radeon/radeon_gart.o
  CC [M]  net/ipv4/tcp_illinois.o
  CC [M]  drivers/net/wireless/ath/ath5k/led.o
  CC      fs/xfs/libxfs/xfs_dir2_leaf.o
  LD [M]  drivers/net/ethernet/aquantia/atlantic/atlantic.o
  CC [M]  drivers/net/wireless/broadcom/b43/radio_2055.o
  AR      drivers/net/ethernet/broadcom/built-in.a
  CC [M]  drivers/net/ethernet/broadcom/b44.o
  CC [M]  drivers/scsi/vmw_pvscsi.o
  CC [M]  drivers/gpu/drm/radeon/radeon_legacy_crtc.o
  CC [M]  drivers/net/wireless/ath/ath9k/link.o
  CC [M]  net/netfilter/xt_CT.o
  CC [M]  net/bridge/br_multicast.o
  CC      kernel/bpf/net_namespace.o
  AR      net/ipv4/built-in.a
  LD [M]  net/ipv4/gre.o
  LD [M]  net/ipv4/udp_tunnel.o
  CC [M]  drivers/gpu/drm/amd/amdgpu/amdgpu_fence.o
  CC [M]  net/sunrpc/clnt.o
  CC [M]  drivers/net/wireless/ath/ath5k/rfkill.o
  CC [M]  drivers/net/wireless/broadcom/b43/radio_2056.o
  CC [M]  drivers/scsi/st.o
  CC [M]  drivers/gpu/drm/radeon/radeon_legacy_encoders.o
  CC [M]  drivers/net/wireless/ath/ath9k/antenna.o
  CC [M]  net/bluetooth/hci_sock.o
  CC      kernel/bpf/tcx.o
  CC [M]  net/netfilter/xt_DSCP.o
  CC [M]  drivers/net/ethernet/broadcom/bnx2.o
  CC [M]  drivers/net/ethernet/broadcom/cnic.o
  CC [M]  drivers/net/wireless/ath/ath5k/ani.o
  CC      fs/btrfs/ctree.o
  CC [M]  drivers/gpu/drm/amd/amdgpu/amdgpu_ttm.o
  CC      fs/xfs/libxfs/xfs_dir2_node.o
  CC [M]  drivers/net/wireless/broadcom/b43/radio_2057.o
  CC [M]  drivers/net/wireless/ath/ath9k/channel.o
  CC      kernel/bpf/stackmap.o
  CC [M]  drivers/gpu/drm/radeon/radeon_connectors.o
  CC [M]  net/netfilter/xt_HL.o
  CC [M]  net/bluetooth/hci_sysfs.o
  CC [M]  net/sunrpc/xprt.o
  CC [M]  drivers/net/wireless/ath/ath5k/sysfs.o
  CC [M]  drivers/net/wireless/intel/ipw2x00/libipw_module.o
  CC [M]  drivers/net/wireless/broadcom/b43/phy_common.o
  CC [M]  drivers/scsi/sr.o
  CC      kernel/bpf/cgroup_iter.o
  CC [M]  net/bridge/br_mdb.o
  CC [M]  net/netfilter/xt_HMARK.o
  CC [M]  drivers/gpu/drm/amd/amdgpu/amdgpu_object.o
  CC [M]  net/bluetooth/l2cap_core.o
  CC [M]  drivers/net/wireless/ath/ath9k/mci.o
  CC [M]  drivers/net/wireless/ath/ath5k/mac80211-ops.o
  CC [M]  drivers/gpu/drm/radeon/radeon_encoders.o
  CC [M]  drivers/net/wireless/intel/ipw2x00/libipw_tx.o
  CC      kernel/bpf/bpf_cgrp_storage.o
  CC [M]  drivers/scsi/sr_ioctl.o
  CC [M]  drivers/net/wireless/broadcom/b43/phy_n.o
  CC      fs/btrfs/extent-tree.o
  CC      fs/xfs/libxfs/xfs_dir2_sf.o
  CC [M]  net/netfilter/xt_LOG.o
  CC [M]  net/sunrpc/socklib.o
  CC [M]  drivers/net/wireless/broadcom/b43legacy/main.o
  CC [M]  drivers/net/wireless/ath/ath9k/pci.o
  CC [M]  drivers/gpu/drm/radeon/radeon_display.o
  CC [M]  drivers/scsi/sr_vendor.o
  CC [M]  drivers/net/wireless/ath/ath5k/debug.o
  CC [M]  drivers/gpu/drm/amd/amdgpu/amdgpu_gart.o
  CC [M]  drivers/net/wireless/intel/ipw2x00/libipw_rx.o
  CC      kernel/bpf/cgroup.o
  CC [M]  net/bridge/br_multicast_eht.o
  CC [M]  drivers/net/ethernet/broadcom/tg3.o
  CC [M]  drivers/scsi/ses.o
  CC [M]  drivers/net/wireless/ath/ath9k/wow.o
  CC [M]  net/sunrpc/xprtsock.o
  CC [M]  net/netfilter/xt_NETMAP.o
  CC [M]  drivers/gpu/drm/amd/amdgpu/amdgpu_encoders.o
  CC [M]  drivers/net/wireless/ath/ath5k/pci.o
  CC [M]  drivers/gpu/drm/radeon/radeon_cursor.o
  CC [M]  drivers/net/wireless/intel/ipw2x00/libipw_wx.o
  CC [M]  net/bridge/br_vlan.o
  CC [M]  drivers/net/wireless/ath/ath9k/rng.o
  CC [M]  drivers/scsi/arcmsr/arcmsr_attr.o
  CC [M]  net/bluetooth/l2cap_sock.o
  CC [M]  drivers/net/wireless/broadcom/b43legacy/ilt.o
  CC      fs/xfs/libxfs/xfs_dquot_buf.o
  CC [M]  net/netfilter/xt_NFLOG.o
  CC      kernel/bpf/reuseport_array.o
  CC [M]  drivers/gpu/drm/amd/amdgpu/amdgpu_display.o
  LD [M]  drivers/net/wireless/ath/ath5k/ath5k.o
  CC [M]  drivers/gpu/drm/amd/amdgpu/amdgpu_i2c.o
  CC [M]  drivers/gpu/drm/radeon/radeon_i2c.o
  CC [M]  drivers/net/wireless/broadcom/b43/phy_lp.o
  CC [M]  drivers/scsi/arcmsr/arcmsr_hba.o
  CC [M]  drivers/net/wireless/ath/ath9k/ar9002_hw.o
  CC [M]  net/netfilter/xt_NFQUEUE.o
  CC      fs/btrfs/print-tree.o
  CC [M]  drivers/net/wireless/intel/ipw2x00/libipw_geo.o
  CC      fs/xfs/libxfs/xfs_exchmaps.o
  CC [M]  drivers/net/wireless/broadcom/b43legacy/phy.o
  CC      kernel/bpf/bpf_struct_ops.o
  CC [M]  net/sunrpc/sched.o
  CC [M]  net/bluetooth/smp.o
  CC [M]  drivers/gpu/drm/radeon/radeon_clocks.o
  CC [M]  drivers/net/wireless/intel/ipw2x00/libipw_spy.o
  CC [M]  net/bridge/br_vlan_tunnel.o
  CC [M]  drivers/net/wireless/ath/ath9k/ar9003_hw.o
  CC [M]  net/netfilter/xt_RATEEST.o
  CC      fs/btrfs/root-tree.o
  CC [M]  drivers/gpu/drm/amd/amdgpu/amdgpu_gem.o
  CC [M]  drivers/net/wireless/broadcom/brcm80211/brcmutil/utils.o
  CC [M]  drivers/net/wireless/broadcom/b43/tables_lpphy.o
  CC      kernel/bpf/cpumask.o
  LD [M]  drivers/scsi/arcmsr/arcmsr.o
  COPY    drivers/scsi/aic7xxx/aic79xx_seq.h
  COPY    drivers/scsi/aic7xxx/aic79xx_reg.h
  CC [M]  drivers/scsi/aic7xxx/aic79xx_core.o
  CC [M]  drivers/net/wireless/intel/ipw2x00/libipw_crypto.o
  CC [M]  drivers/gpu/drm/radeon/radeon_gem.o
  CC [M]  net/netfilter/xt_REDIRECT.o
  CC [M]  drivers/net/wireless/broadcom/b43legacy/radio.o
  CC      fs/btrfs/dir-item.o
  CC [M]  net/bridge/br_vlan_options.o
  CC [M]  drivers/net/wireless/broadcom/brcm80211/brcmutil/d11.o
  CC      fs/xfs/libxfs/xfs_ialloc.o
  CC      kernel/bpf/crypto.o
  CC [M]  drivers/net/wireless/ath/ath9k/hw.o
  CC [M]  drivers/gpu/drm/amd/amdgpu/amdgpu_ring.o
  CC [M]  drivers/net/wireless/broadcom/b43/phy_ht.o
  CC [M]  net/bluetooth/lib.o
  CC [M]  drivers/net/wireless/intel/ipw2x00/libipw_crypto_ccmp.o
  CC [M]  drivers/gpu/drm/radeon/radeon_ring.o
  CC [M]  net/netfilter/xt_MASQUERADE.o
  CC      fs/btrfs/file-item.o
  LD [M]  drivers/net/wireless/broadcom/brcm80211/brcmutil/brcmutil.o
  CC [M]  drivers/net/wireless/broadcom/brcm80211/brcmfmac/cfg80211.o
  CC      kernel/bpf/relo_core.o
  CC [M]  net/bridge/br_mst.o
  CC [M]  net/bluetooth/ecdh_helper.o
  CC [M]  drivers/gpu/drm/amd/amdgpu/amdgpu_cs.o
  CC [M]  drivers/net/wireless/broadcom/b43legacy/sysfs.o
  CC [M]  drivers/net/wireless/intel/ipw2x00/libipw_crypto_tkip.o
  CC [M]  drivers/gpu/drm/radeon/radeon_irq_kms.o
  CC [M]  net/netfilter/xt_TPROXY.o
  CC [M]  drivers/net/wireless/broadcom/b43/tables_phy_ht.o
  CC [M]  net/bluetooth/mgmt_util.o
  CC [M]  drivers/net/wireless/ath/ath9k/ar9003_phy.o
  CC [M]  net/bridge/br_switchdev.o
  CC [M]  drivers/net/ethernet/broadcom/bnx2x/bnx2x_main.o
  CC      fs/btrfs/inode-item.o
  CC [M]  drivers/net/wireless/broadcom/b43legacy/xmit.o
  CC [M]  drivers/net/wireless/intel/ipw2x00/libipw_crypto_wep.o
  CC [M]  drivers/scsi/aic7xxx/aic79xx_pci.o
  CC      kernel/bpf/btf_iter.o
  CC [M]  drivers/gpu/drm/radeon/radeon_cs.o
  CC      fs/xfs/libxfs/xfs_ialloc_btree.o
  CC [M]  drivers/net/wireless/broadcom/b43/radio_2059.o
  CC [M]  net/netfilter/xt_TCPMSS.o
  CC [M]  drivers/gpu/drm/amd/amdgpu/amdgpu_bios.o
  CC [M]  net/bluetooth/mgmt_config.o
  CC      kernel/bpf/btf_relocate.o
  CC [M]  drivers/scsi/aic7xxx/aic79xx_osm.o
  LD [M]  drivers/net/wireless/intel/ipw2x00/libipw.o
  CC [M]  drivers/net/wireless/intel/iwlegacy/common.o
  CC      fs/btrfs/disk-io.o
  CC [M]  drivers/net/wireless/broadcom/b43legacy/rfkill.o
  CC [M]  net/bridge/br_netfilter_hooks.o
  CC [M]  drivers/net/wireless/ath/ath9k/ar9002_phy.o
  CC [M]  drivers/gpu/drm/radeon/radeon_bios.o
  CC [M]  drivers/net/wireless/broadcom/b43/sysfs.o
  CC [M]  net/sunrpc/auth.o
  CC [M]  drivers/gpu/drm/amd/amdgpu/amdgpu_benchmark.o
  CC [M]  net/netfilter/xt_TCPOPTSTRIP.o
  CC [M]  net/bluetooth/hci_codec.o
  CC      kernel/bpf/kmem_cache_iter.o
  CC [M]  drivers/net/wireless/broadcom/brcm80211/brcmfmac/chip.o
  CC [M]  drivers/net/wireless/broadcom/b43legacy/leds.o
  CC [M]  drivers/net/wireless/broadcom/b43/xmit.o
  CC [M]  drivers/gpu/drm/radeon/radeon_benchmark.o
  CC [M]  drivers/net/wireless/ath/ath9k/ar5008_phy.o
  CC      fs/xfs/libxfs/xfs_iext_tree.o
  CC [M]  drivers/scsi/aic7xxx/aic79xx_proc.o
  CC [M]  drivers/gpu/drm/amd/amdgpu/atombios_dp.o
  CC      kernel/bpf/dmabuf_iter.o
  CC [M]  net/bluetooth/eir.o
  CC [M]  net/netfilter/xt_TEE.o
  CC [M]  net/sunrpc/auth_null.o
  CC [M]  net/bridge/br_netfilter_ipv6.o
  CC [M]  drivers/scsi/aic7xxx/aic79xx_osm_pci.o
  CC [M]  drivers/net/wireless/broadcom/brcm80211/brcmfmac/fwil.o
  CC [M]  drivers/net/wireless/broadcom/b43legacy/debugfs.o
  HOSTCC  drivers/gpu/drm/radeon/mkregtable
  AR      kernel/bpf/built-in.a
  GEN     kernel/kheaders_data.tar.xz
  CC [M]  drivers/net/wireless/broadcom/b43/dma.o
  CC [M]  drivers/net/wireless/intel/iwlegacy/4965.o
  CC [M]  drivers/gpu/drm/radeon/rs400.o
  CC [M]  drivers/gpu/drm/amd/amdgpu/amdgpu_afmt.o
  CC [M]  net/bluetooth/hci_sync.o
  CC      fs/btrfs/transaction.o
  CC [M]  net/netfilter/xt_IDLETIMER.o
  CC [M]  drivers/net/wireless/ath/ath9k/ar9002_calib.o
  CC [M]  net/sunrpc/auth_tls.o
  LD [M]  drivers/scsi/aic7xxx/aic79xx.o
  CC [M]  drivers/scsi/aacraid/linit.o
  CC [M]  net/bridge/netfilter/nft_meta_bridge.o
  CC [M]  drivers/net/wireless/broadcom/brcm80211/brcmfmac/fweh.o
  CC [M]  drivers/net/wireless/broadcom/b43legacy/dma.o
  MKREG   drivers/gpu/drm/radeon/rs600_reg_safe.h
  CC [M]  drivers/gpu/drm/radeon/rs690.o
  CC [M]  drivers/gpu/drm/amd/amdgpu/amdgpu_trace_points.o
  CC      fs/xfs/libxfs/xfs_inode_fork.o
  CC [M]  net/netfilter/xt_addrtype.o
  CC [M]  net/sunrpc/auth_unix.o
  CC [M]  drivers/net/wireless/intel/iwlegacy/4965-mac.o
  CC [M]  drivers/net/wireless/broadcom/b43/pio.o
  CC [M]  drivers/net/wireless/ath/ath9k/ar9003_calib.o
  CC [M]  net/bridge/netfilter/nft_reject_bridge.o
  CC [M]  drivers/net/wireless/broadcom/brcm80211/brcmfmac/p2p.o
  CC [M]  drivers/scsi/aacraid/aachba.o
  CC      fs/btrfs/inode.o
  MKREG   drivers/gpu/drm/radeon/rv515_reg_safe.h
  CC [M]  drivers/gpu/drm/radeon/r520.o
  CC [M]  drivers/net/wireless/broadcom/b43legacy/pio.o
  CC [M]  net/sunrpc/svc.o
  CC [M]  net/netfilter/xt_bpf.o
  CC [M]  drivers/net/wireless/broadcom/b43/rfkill.o
  CC [M]  drivers/gpu/drm/radeon/r600.o
  CC [M]  net/bridge/netfilter/nf_conntrack_bridge.o
  CC [M]  drivers/gpu/drm/amd/amdgpu/atombios_encoders.o
  CC [M]  drivers/net/wireless/ath/ath9k/calib.o
  CC      fs/xfs/libxfs/xfs_inode_buf.o
  CC [M]  drivers/net/wireless/broadcom/brcm80211/brcmfmac/proto.o
  LD [M]  drivers/net/wireless/broadcom/b43legacy/b43legacy.o
  CC [M]  net/netfilter/xt_cluster.o
  CC [M]  net/bluetooth/hci_drv.o
  CC [M]  drivers/net/wireless/intel/iwlwifi/iwl-io.o
  CC [M]  drivers/scsi/aacraid/commctrl.o
  CC [M]  drivers/net/wireless/broadcom/b43/ppr.o
  CC [M]  drivers/net/ethernet/broadcom/bnx2x/bnx2x_link.o
  CC      fs/xfs/libxfs/xfs_inode_util.o
  CC [M]  drivers/net/wireless/broadcom/brcm80211/brcmfmac/common.o
  CC [M]  net/sunrpc/svcsock.o
  CC [M]  drivers/net/wireless/ath/ath9k/eeprom.o
  CC [M]  net/bridge/netfilter/ebt_802_3.o
  CC [M]  drivers/net/wireless/intel/iwlegacy/4965-rs.o
  CC [M]  net/bluetooth/coredump.o
  CC [M]  net/netfilter/xt_comment.o
  CC [M]  drivers/scsi/aacraid/comminit.o
  CC [M]  drivers/gpu/drm/amd/amdgpu/amdgpu_sa.o
  CC [M]  drivers/net/wireless/broadcom/b43/leds.o
  CC [M]  drivers/net/wireless/intel/iwlwifi/iwl-drv.o
  CC [M]  drivers/gpu/drm/radeon/rv770.o
  CC [M]  net/bridge/netfilter/ebt_among.o
  CC [M]  drivers/scsi/aacraid/commsup.o
  CC [M]  net/netfilter/xt_connbytes.o
  CC [M]  drivers/net/wireless/broadcom/brcm80211/brcmfmac/core.o
  CC [M]  drivers/gpu/drm/amd/amdgpu/atombios_i2c.o
  CC [M]  net/bluetooth/sco.o
  CC [M]  drivers/net/wireless/ath/ath9k/eeprom_def.o
  CC [M]  drivers/net/wireless/broadcom/b43/sdio.o
  CC [M]  drivers/net/wireless/intel/iwlegacy/4965-calib.o
  CC [M]  net/sunrpc/svcauth.o
  CC      fs/xfs/libxfs/xfs_log_rlimit.o
  CC [M]  net/bridge/netfilter/ebt_arp.o
  CC [M]  net/netfilter/xt_connlabel.o
  CC [M]  drivers/gpu/drm/radeon/radeon_test.o
  CC [M]  drivers/net/wireless/intel/iwlwifi/iwl-debug.o
  CC [M]  drivers/gpu/drm/amd/amdgpu/amdgpu_dma_buf.o
  CC      fs/btrfs/file.o
  CC [M]  drivers/scsi/aacraid/dpcsup.o
  CC [M]  drivers/net/wireless/broadcom/b43/debugfs.o
  CC [M]  net/bluetooth/iso.o
  CC [M]  drivers/net/wireless/broadcom/brcm80211/brcmfmac/firmware.o
  CC [M]  drivers/net/wireless/ath/ath9k/eeprom_4k.o
  CC [M]  drivers/net/wireless/intel/iwlegacy/3945-mac.o
  CC [M]  net/netfilter/xt_connlimit.o
  CC [M]  net/bridge/netfilter/ebt_ip.o
  CC [M]  drivers/scsi/aacraid/rx.o
  MKREG   drivers/gpu/drm/radeon/r200_reg_safe.h
  CC [M]  net/sunrpc/svcauth_unix.o
  CC [M]  drivers/gpu/drm/radeon/radeon_legacy_tv.o
  CC [M]  drivers/gpu/drm/amd/amdgpu/amdgpu_vm.o
  CC [M]  drivers/net/wireless/intel/iwlwifi/iwl-nvm-utils.o
  LD [M]  drivers/net/wireless/broadcom/b43/b43.o
  CC      fs/btrfs/defrag.o
  CC [M]  net/netfilter/xt_conntrack.o
  CC      fs/xfs/libxfs/xfs_metadir.o
  CC [M]  drivers/scsi/aacraid/sa.o
  CC [M]  drivers/net/wireless/broadcom/brcm80211/brcmfmac/fwvid.o
  CC [M]  net/bridge/netfilter/ebt_ip6.o
  CC [M]  drivers/net/wireless/intel/iwlwifi/iwl-utils.o
  MKREG   drivers/gpu/drm/radeon/r600_reg_safe.h
  CC [M]  drivers/gpu/drm/radeon/radeon_pm.o
  CC [M]  drivers/net/wireless/ath/ath9k/eeprom_9287.o
  CC [M]  net/bluetooth/rfcomm/core.o
  CC [M]  drivers/net/wireless/broadcom/brcm80211/brcmsmac/mac80211_if.o
  CC [M]  drivers/scsi/aacraid/rkt.o
  CC [M]  net/sunrpc/addr.o
  CC [M]  drivers/net/wireless/intel/iwlegacy/3945.o
  CC [M]  net/netfilter/xt_cpu.o
  CC [M]  drivers/net/wireless/broadcom/brcm80211/brcmfmac/feature.o
  CC      fs/btrfs/extent_map.o
  CC [M]  net/bridge/netfilter/ebt_limit.o
  CC [M]  drivers/gpu/drm/amd/amdgpu/amdgpu_vm_pt.o
  CC [M]  drivers/scsi/aacraid/nark.o
  CC [M]  drivers/net/wireless/intel/iwlwifi/iwl-phy-db.o
  CC [M]  drivers/net/ethernet/broadcom/bnx2x/bnx2x_cmn.o
  CC [M]  drivers/gpu/drm/radeon/atombios_dp.o
  CC [M]  net/sunrpc/rpcb_clnt.o
  CC [M]  drivers/net/wireless/ath/ath9k/ani.o
  CC [M]  net/netfilter/xt_dccp.o
  CC [M]  drivers/net/wireless/broadcom/brcm80211/brcmsmac/ucode_loader.o
  CC [M]  drivers/scsi/aacraid/src.o
  CC [M]  drivers/net/wireless/broadcom/brcm80211/brcmfmac/btcoex.o
  CC      fs/xfs/libxfs/xfs_metafile.o
  CC [M]  net/bridge/netfilter/ebt_mark_m.o
  CC [M]  drivers/net/wireless/broadcom/brcm80211/brcmsmac/ampdu.o
  CC [M]  net/bluetooth/rfcomm/sock.o
  CC [M]  drivers/net/wireless/intel/iwlwifi/iwl-nvm-parse.o
  CC [M]  drivers/net/wireless/intel/iwlegacy/3945-rs.o
  CC      fs/btrfs/sysfs.o
  CC [M]  drivers/gpu/drm/amd/amdgpu/amdgpu_vm_tlb_fence.o
  CC [M]  drivers/net/wireless/ath/ath9k/mac.o
  CC [M]  drivers/gpu/drm/radeon/r600_hdmi.o
  CC [M]  drivers/net/wireless/broadcom/brcm80211/brcmfmac/vendor.o
  LD [M]  drivers/scsi/aacraid/aacraid.o
  CC [M]  net/netfilter/xt_devgroup.o
  CC [M]  drivers/scsi/pm8001/pm8001_init.o
  CC [M]  net/sunrpc/timer.o
  CC [M]  net/bridge/netfilter/ebt_pkttype.o
  CC [M]  drivers/gpu/drm/amd/amdgpu/amdgpu_ib.o
  CC [M]  drivers/net/wireless/broadcom/brcm80211/brcmsmac/antsel.o
  LD [M]  drivers/net/wireless/intel/iwlegacy/iwlegacy.o
  LD [M]  drivers/net/wireless/intel/iwlegacy/iwl4965.o
  LD [M]  drivers/net/wireless/intel/iwlegacy/iwl3945.o
  CC [M]  net/bluetooth/bnep/core.o
  CC [M]  net/bluetooth/rfcomm/tty.o
  CC [M]  drivers/gpu/drm/radeon/dce3_1_afmt.o
  CC [M]  drivers/net/wireless/broadcom/brcm80211/brcmfmac/pno.o
  CC [M]  drivers/net/wireless/ath/ath9k/ar9002_mac.o
  CC [M]  net/netfilter/xt_dscp.o
  CC [M]  drivers/net/wireless/intel/iwlwifi/pcie/ctxt-info.o
  CC      fs/btrfs/accessors.o
  CC      fs/xfs/libxfs/xfs_parent.o
  CC [M]  net/sunrpc/xdr.o
  CC [M]  drivers/scsi/pm8001/pm8001_sas.o
  CC [M]  net/bridge/netfilter/ebt_stp.o
  CC [M]  drivers/net/wireless/broadcom/brcm80211/brcmsmac/channel.o
  CC [M]  drivers/gpu/drm/amd/amdgpu/amdgpu_pll.o
  CC [M]  net/bluetooth/bnep/sock.o
  CC [M]  net/netfilter/xt_ecn.o
  CC      fs/btrfs/xattr.o
  CC [M]  drivers/net/wireless/broadcom/brcm80211/brcmfmac/xtlv.o
  CC [M]  drivers/gpu/drm/radeon/evergreen.o
  CC [M]  drivers/net/wireless/broadcom/brcm80211/brcmfmac/bcdc.o
  LD [M]  net/bluetooth/rfcomm/rfcomm.o
  CC [M]  net/bluetooth/bnep/netdev.o
  CC [M]  drivers/net/ethernet/broadcom/bnx2x/bnx2x_ethtool.o
  CC [M]  drivers/net/wireless/ath/ath9k/ar9003_mac.o
  CC [M]  drivers/net/wireless/intel/iwlwifi/pcie/ctxt-info-v2.o
  CC [M]  net/bridge/netfilter/ebt_vlan.o
  CC [M]  drivers/scsi/pm8001/pm8001_ctl.o
  CC [M]  drivers/gpu/drm/amd/amdgpu/amdgpu_ucode.o
  CC [M]  drivers/net/wireless/broadcom/brcm80211/brcmsmac/main.o
  CC      fs/xfs/libxfs/xfs_rmap.o
  CC      fs/xfs/libxfs/xfs_rmap_btree.o
  CC [M]  net/netfilter/xt_esp.o
  LD [M]  net/bluetooth/bnep/bnep.o
  CC      fs/btrfs/ordered-data.o
  CC [M]  net/bluetooth/hidp/core.o
  CC [M]  drivers/net/wireless/broadcom/brcm80211/brcmfmac/fwsignal.o
  CC [M]  drivers/net/wireless/ath/ath9k/ar9003_eeprom.o
  CC [M]  net/bridge/netfilter/ebt_arpreply.o
  CC [M]  net/sunrpc/sunrpc_syms.o
  CC [M]  drivers/scsi/pm8001/pm8001_hwi.o
  CC [M]  drivers/net/wireless/intel/iwlwifi/pcie/drv.o
  CC [M]  drivers/gpu/drm/amd/amdgpu/amdgpu_bo_list.o
  CC [M]  net/bridge/netfilter/ebt_mark.o
  CC [M]  net/netfilter/xt_hashlimit.o
  CC [M]  net/sunrpc/cache.o
  MKREG   drivers/gpu/drm/radeon/evergreen_reg_safe.h
  MKREG   drivers/gpu/drm/radeon/cayman_reg_safe.h
  CC [M]  net/bluetooth/hidp/sock.o
  CC [M]  drivers/gpu/drm/radeon/evergreen_hdmi.o
  CC [M]  drivers/net/wireless/intel/iwlwifi/pcie/utils.o
  CC [M]  drivers/net/ethernet/broadcom/bnx2x/bnx2x_stats.o
  CC      fs/btrfs/extent_io.o
  CC [M]  drivers/net/wireless/broadcom/brcm80211/brcmfmac/commonring.o
  AR      drivers/net/wireless/intersil/built-in.a
  CC [M]  net/mac80211/main.o
  CC [M]  drivers/gpu/drm/amd/amdgpu/amdgpu_ctx.o
  CC [M]  drivers/net/wireless/ath/ath9k/ar9003_paprd.o
  CC [M]  net/bridge/netfilter/ebt_dnat.o
  CC [M]  drivers/gpu/drm/radeon/radeon_trace_points.o
  LD [M]  net/bluetooth/hidp/hidp.o
  LD [M]  net/bluetooth/bluetooth.o
  CC [M]  drivers/scsi/pm8001/pm80xx_hwi.o
  CC      fs/pstore/inode.o
  CC [M]  net/netfilter/xt_helper.o
  CC [M]  drivers/net/wireless/intel/iwlwifi/pcie/gen1_2/rx.o
  CC      fs/xfs/libxfs/xfs_refcount.o
  CC [M]  drivers/net/wireless/broadcom/brcm80211/brcmfmac/flowring.o
  CC [M]  drivers/net/wireless/broadcom/brcm80211/brcmsmac/phy_shim.o
  CC [M]  net/sunrpc/rpc_pipe.o
  CC [M]  net/bridge/netfilter/ebt_redirect.o
  CC [M]  drivers/net/wireless/ath/ath9k/ar9003_wow.o
  CC [M]  net/netfilter/xt_hl.o
  CC [M]  drivers/gpu/drm/amd/amdgpu/amdgpu_sync.o
  CC      fs/pstore/platform.o
  CC [M]  drivers/gpu/drm/radeon/ni.o
  CC [M]  drivers/net/ethernet/broadcom/bnx2x/bnx2x_dcb.o
  CC [M]  drivers/net/wireless/broadcom/brcm80211/brcmfmac/msgbuf.o
  CC [M]  drivers/net/wireless/broadcom/brcm80211/brcmsmac/pmu.o
  CC [M]  net/netfilter/xt_ipcomp.o
  CC      fs/btrfs/volumes.o
  CC [M]  net/bridge/netfilter/ebt_snat.o
  AR      fs/pstore/built-in.a
  CC [M]  net/mac80211/status.o
  CC [M]  net/mac80211/driver-ops.o
  CC [M]  drivers/net/wireless/ath/ath9k/btcoex.o
  CC [M]  drivers/net/wireless/intel/iwlwifi/pcie/gen1_2/tx.o
  CC [M]  net/sunrpc/sysfs.o
  CC [M]  drivers/gpu/drm/amd/amdgpu/amdgpu_gtt_mgr.o
  CC [M]  drivers/scsi/pm8001/pm80xx_tracepoints.o
  CC [M]  drivers/net/wireless/broadcom/brcm80211/brcmsmac/rate.o
  CC [M]  net/netfilter/xt_iprange.o
  CC [M]  drivers/gpu/drm/radeon/atombios_encoders.o
  CC [M]  drivers/net/wireless/broadcom/brcm80211/brcmfmac/sdio.o
  CC [M]  net/bridge/netfilter/ebt_log.o
  CC [M]  drivers/net/wireless/ath/ath9k/ar9003_mci.o
  CC      fs/xfs/libxfs/xfs_refcount_btree.o
  CC [M]  drivers/net/ethernet/broadcom/bnx2x/bnx2x_sp.o
  CC [M]  drivers/gpu/drm/amd/amdgpu/amdgpu_preempt_mgr.o
  CC [M]  net/sunrpc/svc_xprt.o
  LD [M]  drivers/scsi/pm8001/pm80xx.o
  CC [M]  net/netfilter/xt_ipvs.o
  CC [M]  drivers/scsi/isci/init.o
  CC [M]  drivers/net/wireless/broadcom/brcm80211/brcmsmac/stf.o
  CC [M]  drivers/net/wireless/ath/ath9k/ar9003_aic.o
  CC [M]  net/bridge/netfilter/ebt_nflog.o
  CC [M]  net/mac80211/sta_info.o
  CC [M]  drivers/gpu/drm/amd/amdgpu/amdgpu_vram_mgr.o
  CC [M]  drivers/net/wireless/intel/iwlwifi/pcie/gen1_2/trans.o
  CC [M]  drivers/gpu/drm/radeon/radeon_semaphore.o
  CC [M]  net/sunrpc/xprtmultipath.o
  CC [M]  drivers/scsi/isci/phy.o
  CC [M]  net/netfilter/xt_l2tp.o
  CC [M]  drivers/net/wireless/broadcom/brcm80211/brcmsmac/aiutils.o
  CC [M]  drivers/net/wireless/ath/ath9k/ar9003_rtt.o
  LD [M]  net/bridge/bridge.o
  LD [M]  net/bridge/br_netfilter.o
  CC [M]  drivers/scsi/isci/request.o
  CC [M]  drivers/net/wireless/broadcom/brcm80211/brcmfmac/bcmsdh.o
  CC      fs/xfs/libxfs/xfs_rtrefcount_btree.o
  CC [M]  drivers/gpu/drm/radeon/radeon_sa.o
  AR      drivers/net/ethernet/brocade/built-in.a
  CC [M]  drivers/net/ethernet/brocade/bna/bnad.o
  CC [M]  drivers/gpu/drm/amd/amdgpu/amdgpu_virt.o
  CC [M]  net/sunrpc/debugfs.o
  AR      kernel/built-in.a
  CC [M]  net/rfkill/core.o
  CC      fs/btrfs/async-thread.o
  CC [M]  drivers/net/wireless/broadcom/brcm80211/brcmsmac/phy/phy_cmn.o
  CC [M]  drivers/net/ethernet/broadcom/bnx2x/bnx2x_self_test.o
  CC [M]  net/netfilter/xt_length.o
  CC [M]  drivers/net/wireless/ath/ath9k/dynack.o
  CC [M]  drivers/gpu/drm/radeon/atombios_i2c.o
  CC [M]  drivers/scsi/isci/remote_device.o
  CC [M]  drivers/net/wireless/broadcom/brcm80211/brcmfmac/usb.o
  CC [M]  drivers/net/wireless/intel/iwlwifi/pcie/gen1_2/trans-gen2.o
  CC [M]  net/mac80211/wep.o
  CC [M]  net/sunrpc/backchannel_rqst.o
  CC [M]  net/rfkill/input.o
  CC      fs/btrfs/ioctl.o
  CC [M]  net/netfilter/xt_limit.o
  CC [M]  drivers/net/ethernet/broadcom/bnx2x/bnx2x_vfpf.o
  CC [M]  drivers/net/wireless/ath/ath9k/common.o
  CC [M]  drivers/gpu/drm/radeon/si.o
  CC [M]  drivers/gpu/drm/amd/amdgpu/amdgpu_atomfirmware.o
  CC [M]  net/rfkill/rfkill-gpio.o
  CC      fs/xfs/libxfs/xfs_rtrmap_btree.o
  CC [M]  drivers/scsi/isci/port.o
  CC [M]  drivers/net/wireless/broadcom/brcm80211/brcmsmac/phy/phy_lcn.o
  CC [M]  net/mac80211/aead_api.o
  CC [M]  net/sunrpc/stats.o
  CC [M]  net/netfilter/xt_mac.o
  CC [M]  drivers/net/wireless/broadcom/brcm80211/brcmfmac/pcie.o
  CC [M]  drivers/net/ethernet/brocade/bna/bnad_ethtool.o
  CC [M]  drivers/net/wireless/intel/iwlwifi/pcie/gen1_2/tx-gen2.o
  LD [M]  net/rfkill/rfkill.o
  CC [M]  drivers/net/dummy.o
  CC [M]  drivers/net/wireless/ath/ath9k/common-init.o
  CC [M]  net/mac80211/wpa.o
  CC [M]  drivers/gpu/drm/amd/amdgpu/amdgpu_vf_error.o
  CC [M]  drivers/scsi/isci/host.o
  CC [M]  drivers/net/ethernet/brocade/bna/bnad_debugfs.o
  CC [M]  drivers/net/ethernet/broadcom/bnx2x/bnx2x_sriov.o
  CC [M]  net/netfilter/xt_multiport.o
  CC [M]  net/sunrpc/sysctl.o
  CC [M]  drivers/net/wireless/ath/ath9k/common-beacon.o
  CC [M]  drivers/gpu/drm/amd/amdgpu/amdgpu_sched.o
  CC [M]  drivers/gpu/drm/amd/amdxcp/amdgpu_xcp_drv.o
  CC [M]  drivers/net/wireless/broadcom/brcm80211/brcmfmac/debug.o
  CC      fs/btrfs/locking.o
  CC [M]  drivers/net/wireless/intel/iwlwifi/iwl-dbg-tlv.o
  CC      fs/xfs/libxfs/xfs_sb.o
  CC [M]  net/mac80211/scan.o
  CC [M]  drivers/net/wireless/broadcom/brcm80211/brcmsmac/phy/phy_n.o
  CC [M]  kernel/kheaders.o
  LD [M]  drivers/gpu/drm/amd/amdxcp/amdxcp.o
  CC [M]  drivers/scsi/qla2xxx/qla_os.o
  CC [M]  drivers/scsi/isci/task.o
  CC [M]  drivers/net/ethernet/brocade/bna/bna_enet.o
  CC [M]  net/netfilter/xt_nfacct.o
  CC [M]  drivers/gpu/drm/amd/amdgpu/amdgpu_debugfs.o
  CC [M]  drivers/net/wireless/ath/ath9k/common-debug.o
  CC [M]  net/sunrpc/auth_gss/auth_gss.o
  CC [M]  drivers/net/wireless/broadcom/brcm80211/brcmfmac/tracepoint.o
  LD [M]  net/sunrpc/sunrpc.o
  CC [M]  drivers/net/wireless/intel/iwlwifi/iwl-trans.o
  CC      fs/btrfs/orphan.o
  CC      fs/xfs/libxfs/xfs_symlink_remote.o
  CC [M]  drivers/scsi/isci/probe_roms.o
  CC [M]  drivers/net/wireless/ath/carl9170/main.o
  CC [M]  net/netfilter/xt_osf.o
  LD [M]  drivers/net/ethernet/broadcom/bnx2x/bnx2x.o
  CC [M]  drivers/net/wireless/ath/ath9k/common-spectral.o
  CC      fs/btrfs/export.o
  CC [M]  drivers/net/ethernet/broadcom/bnxt/bnxt.o
  CC [M]  drivers/net/wireless/broadcom/brcm80211/brcmfmac/dmi.o
  CC [M]  drivers/net/ethernet/brocade/bna/bna_tx_rx.o
  CC [M]  net/mac80211/offchannel.o
  CC      fs/xfs/libxfs/xfs_trans_inode.o
  CC [M]  drivers/gpu/drm/radeon/radeon_prime.o
  CC [M]  drivers/scsi/isci/remote_node_context.o
  CC [M]  drivers/net/wireless/intel/iwlwifi/fw/img.o
  CC [M]  drivers/gpu/drm/amd/amdgpu/amdgpu_ids.o
  CC [M]  net/sunrpc/auth_gss/gss_mech_switch.o
  CC [M]  net/netfilter/xt_owner.o
  CC [M]  drivers/net/wireless/broadcom/brcm80211/brcmfmac/acpi.o
  CC      fs/btrfs/tree-log.o
  CC [M]  drivers/net/wireless/ath/ath9k/htc_hst.o
  CC [M]  drivers/net/wireless/ath/carl9170/usb.o
  CC      fs/xfs/libxfs/xfs_trans_resv.o
  CC [M]  drivers/gpu/drm/radeon/cik.o
  CC [M]  drivers/net/wireless/intel/iwlwifi/fw/notif-wait.o
  CC [M]  drivers/scsi/isci/remote_node_table.o
  CC [M]  drivers/gpu/drm/amd/amdgpu/amdgpu_gmc.o
  CC [M]  drivers/scsi/isci/unsolicited_frame_control.o
  CC [M]  drivers/scsi/qla2xxx/qla_init.o
  CC [M]  net/netfilter/xt_cgroup.o
  CC [M]  net/sunrpc/auth_gss/svcauth_gss.o
  CC [M]  drivers/net/wireless/broadcom/brcm80211/brcmfmac/wcc/core.o
  CC [M]  net/mac80211/ht.o
  CC [M]  drivers/net/ethernet/brocade/bna/bfa_msgq.o
  CC [M]  drivers/net/wireless/ath/ath9k/hif_usb.o
  CC [M]  drivers/net/wireless/intel/iwlwifi/fw/rs.o
  CC [M]  drivers/net/wireless/ath/carl9170/cmd.o
  CC [M]  drivers/scsi/isci/port_config.o
  CC [M]  drivers/net/wireless/broadcom/brcm80211/brcmfmac/wcc/module.o
  CC [M]  net/netfilter/xt_physdev.o
  CC [M]  drivers/net/ethernet/brocade/bna/bfa_ioc.o
  CC [M]  drivers/net/wireless/broadcom/brcm80211/brcmsmac/phy/phytbl_lcn.o
  CC [M]  drivers/net/wireless/intel/iwlwifi/fw/dbg.o
  CC [M]  drivers/gpu/drm/amd/amdgpu/amdgpu_mmhub.o
  CC [M]  drivers/net/wireless/ath/carl9170/mac.o
  CC      fs/xfs/libxfs/xfs_trans_space.o
  CC [M]  drivers/net/wireless/ath/ath9k/wmi.o
  CC [M]  net/mac80211/agg-tx.o
  LD [M]  drivers/scsi/isci/isci.o
  CC [M]  net/sunrpc/auth_gss/gss_rpc_upcall.o
  CC [M]  drivers/scsi/lpfc/lpfc_mem.o
  LD [M]  drivers/net/wireless/broadcom/brcm80211/brcmfmac/wcc/brcmfmac-wcc.o
  CC [M]  drivers/net/wireless/broadcom/brcm80211/brcmfmac/cyw/core.o
  CC [M]  net/netfilter/xt_pkttype.o
  CC [M]  drivers/net/wireless/broadcom/brcm80211/brcmsmac/phy/phytbl_n.o
  CC      fs/xfs/libxfs/xfs_types.o
  CC      fs/btrfs/free-space-cache.o
  CC [M]  drivers/gpu/drm/radeon/r600_dpm.o
  CC [M]  drivers/gpu/drm/amd/amdgpu/amdgpu_hdp.o
  CC [M]  drivers/net/wireless/ath/carl9170/phy.o
  CC [M]  drivers/net/wireless/ath/ath9k/htc_drv_txrx.o
  CC [M]  drivers/net/ethernet/brocade/bna/bfa_ioc_ct.o
  CC [M]  drivers/net/wireless/broadcom/brcm80211/brcmfmac/cyw/module.o
  CC [M]  drivers/scsi/lpfc/lpfc_sli.o
  CC [M]  net/netfilter/xt_policy.o
  CC [M]  net/sunrpc/auth_gss/gss_rpc_xdr.o
  CC [M]  drivers/net/wireless/broadcom/brcm80211/brcmsmac/phy/phy_qmath.o
  CC      fs/xfs/xfs_aops.o
  CC [M]  net/mac80211/agg-rx.o
  CC [M]  drivers/net/wireless/broadcom/brcm80211/brcmsmac/dma.o
  CC [M]  drivers/gpu/drm/amd/amdgpu/amdgpu_xgmi.o
  CC [M]  drivers/net/wireless/intel/iwlwifi/fw/pnvm.o
  CC [M]  drivers/net/ethernet/brocade/bna/bfa_cee.o
  LD [M]  drivers/net/wireless/broadcom/brcm80211/brcmfmac/cyw/brcmfmac-cyw.o
  CC [M]  drivers/net/wireless/ath/carl9170/led.o
  CC [M]  drivers/net/wireless/broadcom/brcm80211/brcmfmac/bca/core.o
  CC [M]  drivers/gpu/drm/radeon/rs780_dpm.o
  CC [M]  drivers/net/wireless/ath/ath9k/htc_drv_main.o
  CC [M]  net/netfilter/xt_quota.o
  CC [M]  net/sunrpc/auth_gss/trace.o
  CC [M]  drivers/scsi/qla2xxx/qla_mbx.o
  CC      fs/btrfs/zlib.o
  CC [M]  drivers/net/ethernet/brocade/bna/cna_fwimg.o
  CC [M]  drivers/gpu/drm/amd/amdgpu/amdgpu_csa.o
  CC [M]  net/netfilter/xt_rateest.o
  CC [M]  net/mac80211/vht.o
  CC [M]  drivers/net/wireless/broadcom/brcm80211/brcmfmac/bca/module.o
  CC [M]  drivers/net/wireless/broadcom/brcm80211/brcmsmac/brcms_trace_events.o
  CC [M]  drivers/net/wireless/ath/carl9170/fw.o
  CC [M]  drivers/net/wireless/intel/iwlwifi/fw/dump.o
  CC [M]  drivers/gpu/drm/radeon/rv6xx_dpm.o
  CC      fs/xfs/xfs_attr_inactive.o
  CC [M]  drivers/net/wireless/ath/ath9k/htc_drv_beacon.o
  CC [M]  drivers/net/ethernet/broadcom/bnxt/bnxt_hwrm.o
  CC      fs/btrfs/lzo.o
  CC [M]  net/netfilter/xt_realm.o
  LD [M]  drivers/net/wireless/broadcom/brcm80211/brcmfmac/bca/brcmfmac-bca.o
  LD [M]  drivers/net/wireless/broadcom/brcm80211/brcmfmac/brcmfmac.o
  LD [M]  drivers/net/ethernet/brocade/bna/bna.o
  CC      fs/efivarfs/inode.o
  CC      drivers/net/ethernet/cavium/common/cavium_ptp.o
  CC [M]  drivers/gpu/drm/amd/amdgpu/amdgpu_ras.o
  CC [M]  drivers/net/wireless/ath/carl9170/tx.o
  CC [M]  drivers/net/wireless/intel/iwlwifi/fw/regulatory.o
  CC [M]  drivers/net/wireless/broadcom/brcm80211/brcmsmac/debug.o
  CC [M]  net/sunrpc/auth_gss/gss_krb5_mech.o
  CC [M]  net/mac80211/he.o
  CC      fs/xfs/xfs_attr_list.o
  CC      fs/efivarfs/file.o
  CC [M]  drivers/net/wireless/ath/ath9k/htc_drv_init.o
  CC [M]  drivers/gpu/drm/radeon/rv770_dpm.o
  AR      drivers/net/ethernet/cavium/common/built-in.a
  CC [M]  net/netfilter/xt_recent.o
  AR      drivers/net/ethernet/cavium/thunder/built-in.a
  AR      drivers/net/ethernet/cavium/liquidio/built-in.a
  CC [M]  drivers/net/ethernet/cavium/liquidio/lio_ethtool.o
  CC      fs/btrfs/zstd.o
  CC [M]  drivers/net/ethernet/broadcom/bnxt/bnxt_sriov.o
  CC [M]  drivers/scsi/qla2xxx/qla_iocb.o
  CC [M]  drivers/net/wireless/intel/iwlwifi/cfg/1000.o
  CC      fs/efivarfs/super.o
  LD [M]  drivers/net/wireless/broadcom/brcm80211/brcmsmac/brcmsmac.o
  CC [M]  drivers/net/ethernet/cavium/liquidio/lio_core.o
  CC [M]  net/sunrpc/auth_gss/gss_krb5_seal.o
  CC [M]  drivers/net/wireless/ath/carl9170/rx.o
  CC [M]  drivers/net/wireless/ath/ath9k/htc_drv_gpio.o
  CC [M]  net/mac80211/s1g.o
  CC [M]  drivers/net/wireless/intel/iwlwifi/cfg/2000.o
  CC      fs/btrfs/compression.o
  CC      fs/efivarfs/vars.o
  CC [M]  net/netfilter/xt_sctp.o
  CC [M]  drivers/gpu/drm/radeon/rv730_dpm.o
  CC [M]  net/sunrpc/auth_gss/gss_krb5_unseal.o
  CC [M]  drivers/gpu/drm/amd/amdgpu/amdgpu_vm_cpu.o
  CC [M]  drivers/net/ethernet/broadcom/bnxt/bnxt_ethtool.o
  CC      fs/xfs/xfs_bmap_util.o
  CC [M]  drivers/net/wireless/intel/iwlwifi/cfg/5000.o
  CC [M]  drivers/net/wireless/ath/ath9k/htc_drv_debug.o
  LD [M]  drivers/net/wireless/ath/carl9170/carl9170.o
  CC [M]  drivers/net/ethernet/cavium/liquidio/request_manager.o
  CC [M]  drivers/net/macvlan.o
  AR      drivers/net/wireless/marvell/built-in.a
  CC [M]  drivers/net/wireless/marvell/mwl8k.o
  AR      fs/efivarfs/built-in.a
  AR      drivers/net/wireless/mediatek/built-in.a
  CC [M]  drivers/net/wireless/mediatek/mt7601u/usb.o
  CC [M]  drivers/gpu/drm/radeon/rv740_dpm.o
  CC [M]  net/sunrpc/auth_gss/gss_krb5_wrap.o
  CC [M]  drivers/scsi/qla2xxx/qla_isr.o
  CC [M]  net/netfilter/xt_socket.o
  CC [M]  net/mac80211/ibss.o
  CC      fs/btrfs/delayed-ref.o
  CC [M]  drivers/net/wireless/intel/iwlwifi/cfg/6000.o
  CC [M]  drivers/gpu/drm/amd/amdgpu/amdgpu_vm_sdma.o
  CC [M]  drivers/net/wireless/ath/ath9k/ath9k_pci_owl_loader.o
  CC [M]  drivers/net/ethernet/cavium/liquidio/response_manager.o
  CC [M]  drivers/gpu/drm/radeon/rv770_smc.o
  CC [M]  drivers/net/wireless/mediatek/mt7601u/init.o
  CC [M]  drivers/net/wireless/intel/iwlwifi/cfg/7000.o
  CC [M]  drivers/scsi/lpfc/lpfc_ct.o
  CC [M]  net/sunrpc/auth_gss/gss_krb5_crypto.o
  CC [M]  net/netfilter/xt_state.o
  CC [M]  drivers/gpu/drm/radeon/cypress_dpm.o
  CC [M]  drivers/gpu/drm/amd/amdgpu/amdgpu_discovery.o
  LD [M]  drivers/net/wireless/ath/ath9k/ath9k.o
  LD [M]  drivers/net/wireless/ath/ath9k/ath9k_hw.o
  LD [M]  drivers/net/wireless/ath/ath9k/ath9k_common.o
  LD [M]  drivers/net/wireless/ath/ath9k/ath9k_htc.o
  CC [M]  drivers/net/wireless/ath/ath6kl/debug.o
  CC [M]  drivers/net/ethernet/cavium/liquidio/octeon_device.o
  CC      fs/btrfs/relocation.o
  CC      fs/xfs/xfs_bio_io.o
  CC [M]  net/mac80211/iface.o
  CC [M]  net/mac80211/link.o
  CC [M]  drivers/net/wireless/intel/iwlwifi/cfg/8000.o
  CC [M]  drivers/net/wireless/mediatek/mt7601u/main.o
  CC [M]  net/netfilter/xt_statistic.o
  CC [M]  drivers/net/wireless/marvell/libertas/cfg.o
  CC [M]  drivers/net/ethernet/broadcom/bnxt/bnxt_dcb.o
  CC [M]  net/sunrpc/auth_gss/gss_krb5_keys.o
  CC      fs/xfs/xfs_buf.o
  CC [M]  drivers/scsi/qla2xxx/qla_gs.o
  CC [M]  drivers/gpu/drm/radeon/btc_dpm.o
  CC [M]  drivers/net/ethernet/cavium/liquidio/cn66xx_device.o
  CC [M]  drivers/net/wireless/intel/iwlwifi/cfg/9000.o
  CC [M]  net/netfilter/xt_string.o
  CC [M]  drivers/net/wireless/mediatek/mt7601u/mcu.o
  CC [M]  drivers/net/wireless/ath/ath6kl/hif.o
  CC [M]  drivers/scsi/lpfc/lpfc_els.o
  CC [M]  drivers/gpu/drm/amd/amdgpu/amdgpu_ras_eeprom.o
  CC [M]  drivers/net/ethernet/broadcom/bnxt/bnxt_ulp.o
  CC [M]  drivers/net/wireless/intel/iwlwifi/cfg/22000.o
  CC [M]  drivers/gpu/drm/i915/i915_config.o
  LD [M]  net/sunrpc/auth_gss/auth_rpcgss.o
  CC [M]  drivers/net/wireless/marvell/libertas/cmd.o
  LD [M]  net/sunrpc/auth_gss/rpcsec_gss_krb5.o
  CC [M]  drivers/net/ethernet/cavium/liquidio/cn68xx_device.o
  AR      drivers/net/wireless/microchip/built-in.a
  CC [M]  drivers/scsi/lpfc/lpfc_hbadisc.o
  CC [M]  net/netfilter/xt_tcpmss.o
  CC [M]  drivers/gpu/drm/radeon/sumo_dpm.o
  CC [M]  drivers/gpu/drm/i915/i915_driver.o
  CC [M]  drivers/net/wireless/ath/ath6kl/htc_mbox.o
  CC [M]  net/mac80211/rate.o
  CC [M]  drivers/net/wireless/mediatek/mt7601u/trace.o
  CC [M]  drivers/scsi/qla2xxx/qla_dbg.o
  CC [M]  drivers/net/wireless/intel/iwlwifi/cfg/ax210.o
  CC [M]  drivers/net/ethernet/cavium/liquidio/cn23xx_pf_device.o
  CC      fs/btrfs/delayed-inode.o
  CC [M]  drivers/gpu/drm/amd/amdgpu/amdgpu_nbio.o
  CC [M]  drivers/net/ethernet/broadcom/bnxt/bnxt_xdp.o
  CC [M]  net/netfilter/xt_time.o
  CC [M]  drivers/net/wireless/marvell/libertas/cmdresp.o
  CC [M]  drivers/net/wireless/intel/iwlwifi/cfg/bz.o
  CC      fs/xfs/xfs_dahash_test.o
  CC [M]  drivers/gpu/drm/radeon/sumo_smc.o
  CC [M]  drivers/gpu/drm/i915/i915_drm_client.o
  CC [M]  drivers/net/ethernet/cavium/liquidio/cn23xx_vf_device.o
  CC [M]  drivers/gpu/drm/amd/amdgpu/amdgpu_umc.o
  CC [M]  net/mac80211/tkip.o
  CC [M]  drivers/net/wireless/ath/ath6kl/htc_pipe.o
  CC [M]  net/netfilter/xt_u32.o
  CC [M]  drivers/net/wireless/mediatek/mt7601u/dma.o
  CC [M]  drivers/net/wireless/marvell/libertas/debugfs.o
  CC      fs/xfs/xfs_dir2_readdir.o
  CC [M]  drivers/net/wireless/intel/iwlwifi/cfg/sc.o
  CC [M]  drivers/scsi/qla2xxx/qla_sup.o
  CC [M]  drivers/net/ethernet/broadcom/bnxt/bnxt_ptp.o
  CC      fs/btrfs/scrub.o
  CC [M]  drivers/gpu/drm/radeon/trinity_dpm.o
  CC [M]  drivers/gpu/drm/i915/i915_edram.o
  CC [M]  drivers/net/ethernet/cavium/liquidio/octeon_mailbox.o
  CC [M]  drivers/gpu/drm/amd/amdgpu/smu_v11_0_i2c.o
  CC [M]  drivers/net/wireless/intel/iwlwifi/cfg/dr.o
  CC [M]  drivers/net/wireless/ath/ath6kl/bmi.o
  CC [M]  net/mac80211/aes_cmac.o
  CC [M]  drivers/net/wireless/mediatek/mt7601u/core.o
  CC [M]  drivers/net/wireless/marvell/libertas/ethtool.o
  AR      drivers/net/ethernet/chelsio/inline_crypto/built-in.a
  CC [M]  drivers/net/ethernet/chelsio/cxgb/cxgb2.o
  CC [M]  drivers/scsi/lpfc/lpfc_init.o
  CC [M]  drivers/gpu/drm/i915/i915_freq.o
  CC [M]  net/netfilter/ipset/ip_set_core.o
  CC [M]  drivers/net/wireless/intel/iwlwifi/cfg/rf-jf.o
  CC [M]  drivers/gpu/drm/radeon/trinity_smc.o
  CC [M]  drivers/net/ethernet/broadcom/bnxt/bnxt_vfr.o
  CC [M]  drivers/net/ethernet/cavium/liquidio/octeon_mem_ops.o
  CC [M]  net/mac80211/aes_gmac.o
  CC [M]  drivers/gpu/drm/amd/amdgpu/amdgpu_fru_eeprom.o
  CC [M]  drivers/net/wireless/mediatek/mt7601u/eeprom.o
  CC [M]  drivers/net/wireless/ath/ath6kl/cfg80211.o
  CC [M]  drivers/net/wireless/marvell/libertas/main.o
  CC      fs/xfs/xfs_discard.o
  CC [M]  drivers/scsi/qla2xxx/qla_attr.o
  CC [M]  drivers/gpu/drm/i915/i915_getparam.o
  CC [M]  drivers/net/wireless/intel/iwlwifi/cfg/rf-hr.o
  CC [M]  drivers/net/ethernet/chelsio/cxgb/espi.o
  CC [M]  drivers/gpu/drm/radeon/ni_dpm.o
  CC      fs/btrfs/backref.o
  CC [M]  drivers/net/ethernet/cavium/liquidio/octeon_droq.o
  CC [M]  net/mac80211/fils_aead.o
  CC [M]  drivers/gpu/drm/amd/amdgpu/amdgpu_rap.o
  CC [M]  drivers/net/wireless/mediatek/mt7601u/phy.o
  CC [M]  drivers/net/ethernet/broadcom/bnxt/bnxt_devlink.o
  CC [M]  drivers/net/wireless/marvell/libertas/rx.o
  CC [M]  drivers/gpu/drm/i915/i915_gmch.o
  CC [M]  net/netfilter/ipset/ip_set_getport.o
  CC [M]  drivers/net/ethernet/chelsio/cxgb/tp.o
  CC [M]  drivers/net/wireless/intel/iwlwifi/cfg/rf-gf.o
  CC [M]  drivers/net/ethernet/cavium/liquidio/octeon_nic.o
  CC [M]  net/mac80211/cfg.o
  CC [M]  drivers/gpu/drm/amd/amdgpu/amdgpu_fw_attestation.o
  CC [M]  drivers/scsi/qla2xxx/qla_mid.o
  CC      fs/xfs/xfs_error.o
  CC [M]  drivers/net/wireless/marvell/libertas/tx.o
  CC [M]  drivers/gpu/drm/i915/i915_ioctl.o
  CC [M]  drivers/net/wireless/ath/ath6kl/init.o
  CC [M]  drivers/net/wireless/intel/iwlwifi/cfg/rf-fm.o
  CC [M]  drivers/gpu/drm/radeon/si_smc.o
  CC [M]  drivers/net/ethernet/chelsio/cxgb/pm3393.o
  CC [M]  drivers/net/wireless/mediatek/mt7601u/mac.o
  CC [M]  drivers/net/ethernet/broadcom/bnxt/bnxt_dim.o
  CC [M]  net/netfilter/ipset/pfxlen.o
  CC      fs/btrfs/ulist.o
  CC [M]  drivers/net/ethernet/cavium/liquidio/lio_main.o
  CC [M]  drivers/gpu/drm/amd/amdgpu/amdgpu_securedisplay.o
  CC      fs/xfs/xfs_exchrange.o
  CC [M]  drivers/net/wireless/marvell/libertas/firmware.o
  CC      fs/btrfs/qgroup.o
  CC [M]  drivers/gpu/drm/i915/i915_irq.o
  CC [M]  drivers/scsi/qla2xxx/qla_dfs.o
  CC [M]  drivers/net/wireless/intel/iwlwifi/cfg/rf-wh.o
  CC [M]  drivers/gpu/drm/radeon/si_dpm.o
  CC [M]  drivers/net/wireless/ath/ath6kl/main.o
  CC [M]  drivers/net/ethernet/chelsio/cxgb/sge.o
  CC [M]  drivers/net/ethernet/broadcom/bnxt/bnxt_coredump.o
  CC [M]  drivers/gpu/drm/amd/amdgpu/amdgpu_eeprom.o
  CC [M]  net/netfilter/ipset/ip_set_bitmap_ip.o
  CC [M]  drivers/net/wireless/mediatek/mt7601u/util.o
  CC [M]  drivers/net/wireless/marvell/libertas/mesh.o
  CC [M]  drivers/net/wireless/intel/iwlwifi/cfg/rf-pe.o
  CC [M]  drivers/scsi/qla2xxx/qla_bsg.o
  CC [M]  drivers/gpu/drm/i915/i915_mitigations.o
  CC [M]  drivers/gpu/drm/amd/amdgpu/amdgpu_mca.o
  CC [M]  drivers/net/wireless/mediatek/mt7601u/debugfs.o
  CC [M]  drivers/net/ethernet/broadcom/bnxt/bnxt_gso.o
  CC [M]  drivers/net/wireless/ath/ath6kl/txrx.o
  CC [M]  drivers/net/wireless/intel/iwlwifi/fw/paging.o
  CC      fs/xfs/xfs_export.o
  CC [M]  net/mac80211/ethtool.o
  CC [M]  net/netfilter/ipset/ip_set_bitmap_ipmac.o
  CC [M]  drivers/net/ethernet/cavium/liquidio/octeon_console.o
  CC [M]  drivers/net/wireless/marvell/libertas/if_usb.o
  CC [M]  drivers/scsi/lpfc/lpfc_mbox.o
  CC [M]  drivers/gpu/drm/i915/i915_mmio_range.o
  CC [M]  drivers/net/ethernet/chelsio/cxgb/subr.o
  CC [M]  drivers/gpu/drm/i915/i915_module.o
  CC      fs/btrfs/send.o
  CC      fs/xfs/xfs_extent_busy.o
  CC [M]  drivers/gpu/drm/radeon/kv_smc.o
  CC [M]  drivers/gpu/drm/amd/amdgpu/amdgpu_psp_ta.o
  CC [M]  drivers/net/wireless/mediatek/mt7601u/tx.o
  CC [M]  drivers/net/wireless/intel/iwlwifi/fw/smem.o
  CC [M]  drivers/scsi/qla2xxx/qla_nx.o
  CC [M]  drivers/net/ethernet/cavium/liquidio/lio_vf_rep.o
  CC [M]  drivers/net/ethernet/broadcom/bnxt/bnxt_tc.o
  CC [M]  drivers/gpu/drm/i915/i915_params.o
  CC [M]  net/mac80211/rx.o
  CC [M]  drivers/net/wireless/ath/ath6kl/wmi.o
  CC [M]  drivers/net/wireless/marvell/libertas/if_sdio.o
  CC [M]  net/netfilter/ipset/ip_set_bitmap_port.o
  CC [M]  drivers/scsi/lpfc/lpfc_nportdisc.o
  CC [M]  drivers/net/ethernet/chelsio/cxgb/mv88x201x.o
  CC [M]  drivers/gpu/drm/radeon/kv_dpm.o
  CC [M]  drivers/gpu/drm/amd/amdgpu/amdgpu_lsdma.o
  LD [M]  drivers/net/wireless/mediatek/mt7601u/mt7601u.o
  CC [M]  drivers/net/wireless/mediatek/mt76/mmio.o
  CC [M]  drivers/net/wireless/intel/iwlwifi/fw/init.o
  CC [M]  drivers/net/ethernet/cavium/liquidio/lio_vf_main.o
  CC [M]  drivers/gpu/drm/i915/i915_pci.o
  CC [M]  drivers/net/ethernet/chelsio/cxgb/my3126.o
  CC [M]  net/netfilter/ipset/ip_set_hash_ip.o
  CC [M]  drivers/gpu/drm/amd/amdgpu/amdgpu_ring_mux.o
  LD [M]  drivers/net/wireless/marvell/libertas/libertas.o
  LD [M]  drivers/net/wireless/marvell/libertas/usb8xxx.o
  LD [M]  drivers/net/wireless/marvell/libertas/libertas_sdio.o
  CC [M]  drivers/net/wireless/marvell/libertas_tf/main.o
  CC      fs/xfs/xfs_file.o
  CC [M]  drivers/net/wireless/mediatek/mt76/util.o
  CC [M]  drivers/scsi/qla2xxx/qla_mr.o
  CC [M]  drivers/gpu/drm/i915/i915_scatterlist.o
  CC [M]  drivers/net/wireless/intel/iwlwifi/fw/acpi.o
  CC [M]  drivers/scsi/lpfc/lpfc_scsi.o
  CC [M]  drivers/net/ethernet/chelsio/cxgb/mv88e1xxx.o
  CC [M]  drivers/net/wireless/ath/ath6kl/core.o
  CC [M]  drivers/gpu/drm/radeon/ci_smc.o
  CC [M]  drivers/net/ethernet/broadcom/bnxt/bnxt_debugfs.o
  CC [M]  drivers/net/wireless/marvell/libertas_tf/cmd.o
  CC      fs/btrfs/dev-replace.o
  CC [M]  drivers/gpu/drm/i915/i915_switcheroo.o
  CC [M]  drivers/gpu/drm/amd/amdgpu/amdgpu_xcp.o
  CC [M]  drivers/net/wireless/mediatek/mt76/trace.o
  LD [M]  drivers/net/ethernet/cavium/liquidio/liquidio-core.o
  LD [M]  drivers/net/ethernet/cavium/liquidio/liquidio.o
  LD [M]  drivers/net/ethernet/cavium/liquidio/liquidio_vf.o
  CC [M]  drivers/net/ethernet/chelsio/cxgb/vsc7326.o
  AR      drivers/net/ethernet/cavium/octeon/built-in.a
  CC [M]  drivers/gpu/drm/radeon/ci_dpm.o
  AR      drivers/net/ethernet/cavium/built-in.a
  CC [M]  net/netfilter/ipvs/ip_vs_conn.o
  CC [M]  drivers/net/wireless/ath/ath6kl/recovery.o
  CC [M]  drivers/net/wireless/intel/iwlwifi/fw/uefi.o
  CC [M]  net/netfilter/ipset/ip_set_hash_ipmac.o
  CC [M]  drivers/gpu/drm/i915/i915_sysfs.o
  CC [M]  net/mac80211/spectmgmt.o
  CC [M]  drivers/net/ethernet/broadcom/bnxt/bnxt_hwmon.o
  CC [M]  drivers/scsi/qla2xxx/qla_nx2.o
  CC [M]  drivers/net/wireless/marvell/libertas_tf/if_usb.o
  CC      fs/btrfs/raid56.o
  CC [M]  drivers/gpu/drm/amd/amdgpu/amdgpu_seq64.o
  CC      fs/xfs/xfs_filestream.o
  CC [M]  drivers/net/wireless/mediatek/mt76/dma.o
  CC [M]  drivers/net/wireless/ath/ath6kl/trace.o
  LD [M]  drivers/net/ethernet/chelsio/cxgb/cxgb.o
  CC [M]  drivers/net/ethernet/chelsio/cxgb3/cxgb3_main.o
  CC [M]  drivers/gpu/drm/i915/i915_timer_util.o
  CC [M]  drivers/net/wireless/intel/iwlwifi/iwl-devtrace.o
  CC [M]  net/mac80211/tx.o
  CC [M]  net/netfilter/ipvs/ip_vs_core.o
  CC [M]  drivers/gpu/drm/i915/i915_utils.o
  LD [M]  drivers/net/ethernet/broadcom/bnxt/bnxt_en.o
  CC [M]  drivers/net/ethernet/chelsio/cxgb3/ael1002.o
  CC [M]  drivers/scsi/lpfc/lpfc_attr.o
  LD [M]  drivers/net/wireless/marvell/libertas_tf/libertas_tf.o
  LD [M]  drivers/net/wireless/marvell/libertas_tf/libertas_tf_usb.o
  CC [M]  drivers/net/wireless/marvell/mwifiex/main.o
  CC [M]  drivers/gpu/drm/amd/amdgpu/amdgpu_aca.o
  CC [M]  drivers/scsi/qla2xxx/qla_target.o
  CC [M]  drivers/gpu/drm/radeon/dce6_afmt.o
  CC [M]  drivers/gpu/drm/i915/intel_clock_gating.o
  CC [M]  drivers/net/wireless/ath/ath6kl/usb.o
  CC [M]  net/netfilter/ipset/ip_set_hash_ipmark.o
  CC [M]  drivers/net/wireless/mediatek/mt76/mac80211.o
  CC      fs/btrfs/uuid-tree.o
  CC [M]  drivers/net/ethernet/chelsio/cxgb4/cxgb4_main.o
  CC      fs/xfs/xfs_fsmap.o
  CC [M]  drivers/gpu/drm/amd/amdgpu/amdgpu_dev_coredump.o
  CC [M]  drivers/net/ethernet/chelsio/cxgb3/vsc8211.o
  CC [M]  drivers/net/wireless/marvell/mwifiex/init.o
  CC [M]  drivers/gpu/drm/radeon/radeon_vm.o
  CC [M]  net/netfilter/ipvs/ip_vs_ctl.o
  CC [M]  drivers/gpu/drm/i915/intel_cpu_info.o
  CC      fs/btrfs/props.o
  CC [M]  drivers/gpu/drm/i915/intel_device_info.o
  LD [M]  drivers/net/wireless/ath/ath6kl/ath6kl_core.o
  LD [M]  drivers/net/wireless/ath/ath6kl/ath6kl_usb.o
  CC [M]  drivers/net/wireless/ath/ar5523/ar5523.o
  CC [M]  drivers/net/wireless/intel/iwlwifi/dvm/main.o
  CC [M]  drivers/gpu/drm/amd/amdgpu/amdgpu_cper.o
  CC [M]  drivers/net/ethernet/chelsio/cxgb3/t3_hw.o
  CC [M]  drivers/net/wireless/marvell/mwifiex/cfp.o
  CC [M]  drivers/net/wireless/mediatek/mt76/debugfs.o
  CC [M]  drivers/gpu/drm/radeon/radeon_ucode.o
  CC [M]  drivers/scsi/lpfc/lpfc_vport.o
  CC      fs/btrfs/free-space-tree.o
  CC [M]  net/netfilter/ipset/ip_set_hash_ipport.o
  CC [M]  drivers/gpu/drm/i915/intel_memory_region.o
  CC      fs/xfs/xfs_fsops.o
  CC [M]  drivers/gpu/drm/amd/amdgpu/amdgpu_userq_fence.o
  CC [M]  net/mac80211/key.o
  CC [M]  drivers/scsi/qla2xxx/qla_tmpl.o
  CC [M]  drivers/net/wireless/intel/iwlwifi/dvm/rs.o
  CC [M]  drivers/net/wireless/mediatek/mt76/eeprom.o
  CC [M]  drivers/gpu/drm/radeon/radeon_ib.o
  CC [M]  drivers/net/wireless/marvell/mwifiex/cmdevt.o
  CC [M]  drivers/net/wireless/ath/ath10k/mac.o
  CC [M]  net/netfilter/ipvs/ip_vs_sched.o
  CC [M]  drivers/scsi/lpfc/lpfc_debugfs.o
  CC [M]  drivers/gpu/drm/i915/intel_pcode.o
  CC [M]  drivers/net/ethernet/chelsio/cxgb4/l2t.o
  CC [M]  drivers/net/ethernet/chelsio/cxgb3/mc5.o
  CC      fs/btrfs/tree-checker.o
  CC [M]  drivers/gpu/drm/radeon/radeon_sync.o
  CC [M]  drivers/gpu/drm/amd/amdgpu/amdgpu_eviction_fence.o
  CC [M]  drivers/scsi/qla2xxx/qla_nvme.o
  CC [M]  drivers/net/wireless/mediatek/mt76/tx.o
  CC      fs/xfs/xfs_globals.o
  CC [M]  net/netfilter/ipvs/ip_vs_xmit.o
  CC [M]  drivers/gpu/drm/i915/intel_region_ttm.o
  CC [M]  net/mac80211/util.o
  CC [M]  drivers/net/wireless/marvell/mwifiex/util.o
  CC [M]  drivers/net/ethernet/chelsio/cxgb3/xgmac.o
  CC [M]  drivers/net/wireless/intel/iwlwifi/dvm/mac80211.o
  CC [M]  net/netfilter/ipset/ip_set_hash_ipportip.o
  CC      fs/xfs/xfs_handle.o
  CC [M]  drivers/gpu/drm/radeon/radeon_audio.o
  CC [M]  drivers/gpu/drm/amd/amdgpu/amdgpu_ip.o
  CC [M]  drivers/scsi/qla2xxx/qla_edif.o
  CC [M]  drivers/net/ethernet/chelsio/cxgb4/smt.o
  CC [M]  drivers/gpu/drm/i915/intel_runtime_pm.o
  CC      fs/btrfs/space-info.o
  CC [M]  drivers/net/wireless/mediatek/mt76/agg-rx.o
  CC [M]  drivers/net/ethernet/chelsio/cxgb3/sge.o
  CC [M]  drivers/net/wireless/marvell/mwifiex/txrx.o
  CC [M]  drivers/scsi/lpfc/lpfc_bsg.o
  CC [M]  drivers/gpu/drm/amd/amdgpu/amdgpu_fdinfo.o
  CC [M]  drivers/gpu/drm/radeon/radeon_dp_auxch.o
  CC [M]  drivers/net/wireless/intel/iwlwifi/dvm/ucode.o
  CC [M]  drivers/net/ethernet/chelsio/cxgb4/t4_hw.o
  CC [M]  net/netfilter/ipvs/ip_vs_app.o
  CC [M]  drivers/gpu/drm/i915/intel_step.o
  CC [M]  drivers/net/wireless/mediatek/mt76/mcu.o
  CC      fs/xfs/xfs_health.o
  LD [M]  drivers/scsi/qla2xxx/qla2xxx.o
  CC [M]  drivers/net/wireless/marvell/mwifiex/wmm.o
  CC      fs/btrfs/block-rsv.o
  CC [M]  drivers/net/wireless/intel/iwlwifi/dvm/tx.o
  CC [M]  drivers/gpu/drm/radeon/radeon_mn.o
  CC [M]  drivers/gpu/drm/amd/amdgpu/amdgpu_pmu.o
  CC [M]  net/netfilter/ipset/ip_set_hash_ipportnet.o
  CC [M]  drivers/net/wireless/ath/ath10k/debug.o
  CC [M]  drivers/scsi/lpfc/lpfc_nvme.o
  CC [M]  drivers/gpu/drm/i915/intel_uncore.o
  CC [M]  net/mac80211/parse.o
  CC [M]  net/netfilter/ipvs/ip_vs_sync.o
  CC [M]  drivers/net/ethernet/chelsio/cxgb3/l2t.o
  CC [M]  drivers/net/wireless/mediatek/mt76/wed.o
  CC [M]  drivers/gpu/drm/radeon/r600_dma.o
  CC      fs/btrfs/delalloc-space.o
  CC [M]  drivers/gpu/drm/amd/amdgpu/cik.o
  CC [M]  drivers/net/wireless/intel/iwlwifi/dvm/lib.o
  CC [M]  drivers/net/wireless/marvell/mwifiex/11n.o
  CC [M]  drivers/net/ethernet/chelsio/cxgb3/cxgb3_offload.o
  CC [M]  drivers/scsi/lpfc/lpfc_nvmet.o
  CC [M]  drivers/net/wireless/mediatek/mt76/scan.o
  CC [M]  net/mac80211/wme.o
  CC [M]  drivers/gpu/drm/radeon/rv770_dma.o
  CC      fs/xfs/xfs_healthmon.o
  CC [M]  drivers/net/wireless/ath/ath10k/core.o
  CC      fs/btrfs/block-group.o
  CC [M]  net/netfilter/ipvs/ip_vs_est.o
  CC [M]  drivers/gpu/drm/i915/intel_uncore_trace.o
  CC [M]  net/dns_resolver/dns_key.o
  CC [M]  drivers/net/wireless/intel/iwlwifi/dvm/calib.o
  CC [M]  drivers/gpu/drm/amd/amdgpu/cik_ih.o
  CC [M]  drivers/net/wireless/marvell/mwifiex/11ac.o
  CC [M]  drivers/gpu/drm/radeon/evergreen_dma.o
  CC [M]  net/netfilter/ipset/ip_set_hash_mac.o
  CC [M]  drivers/gpu/drm/i915/intel_wakeref.o
  CC [M]  drivers/net/wireless/mediatek/mt76/channel.o
  CC [M]  drivers/net/ethernet/chelsio/cxgb4/sge.o
  CC [M]  drivers/net/ethernet/chelsio/cxgb3/aq100x.o
  CC [M]  net/mac80211/chan.o
  CC [M]  net/dns_resolver/dns_query.o
  CC [M]  drivers/scsi/lpfc/lpfc_vmid.o
  CC [M]  net/netfilter/ipvs/ip_vs_proto.o
  CC [M]  drivers/gpu/drm/amd/amdgpu/dce_v8_0.o
  CC [M]  drivers/gpu/drm/radeon/ni_dma.o
  CC [M]  drivers/net/wireless/marvell/mwifiex/11n_aggr.o
  LD [M]  net/dns_resolver/dns_resolver.o
  CC [M]  net/netfilter/ipset/ip_set_hash_net.o
  CC [M]  drivers/net/wireless/intel/iwlwifi/dvm/tt.o
  CC [M]  drivers/gpu/drm/i915/vlv_iosf_sb.o
  CC [M]  drivers/net/wireless/ath/ath10k/htc.o
  CC [M]  drivers/net/wireless/mediatek/mt76/pci.o
  LD [M]  drivers/net/ethernet/chelsio/cxgb3/cxgb3.o
  CC [M]  net/mac80211/trace.o
  LD [M]  drivers/scsi/lpfc/lpfc.o
  CC [M]  drivers/gpu/drm/i915/vlv_suspend.o
  CC [M]  drivers/scsi/megaraid/megaraid_sas_base.o
  CC      fs/xfs/xfs_icache.o
  CC      fs/btrfs/discard.o
  CC [M]  drivers/gpu/drm/radeon/si_dma.o
  CC [M]  net/netfilter/ipvs/ip_vs_pe.o
  CC [M]  drivers/net/wireless/marvell/mwifiex/11n_rxreorder.o
  CC [M]  fs/binfmt_misc.o
  CC [M]  drivers/net/wireless/intel/iwlwifi/dvm/sta.o
  CC [M]  drivers/net/wireless/mediatek/mt76/usb.o
  AR      drivers/net/wireless/purelifi/built-in.a
  CC [M]  drivers/net/wireless/intel/iwlwifi/dvm/rx.o
  CC      fs/btrfs/reflink.o
  CC [M]  drivers/net/wireless/ath/ath10k/htt.o
  CC [M]  drivers/gpu/drm/i915/i915_memcpy.o
  CC [M]  drivers/gpu/drm/radeon/cik_sdma.o
  CC [M]  drivers/gpu/drm/amd/amdgpu/gfx_v7_0.o
  CC [M]  drivers/gpu/drm/i915/i915_mm.o
  CC [M]  net/netfilter/ipvs/ip_vs_proto_tcp.o
  CC [M]  drivers/net/ethernet/chelsio/cxgb4/clip_tbl.o
  CC [M]  drivers/net/wireless/ath/wcn36xx/main.o
  CC [M]  drivers/net/wireless/marvell/mwifiex/scan.o
  CC [M]  net/netfilter/ipset/ip_set_hash_netport.o
  AR      net/netfilter/built-in.a
  AR      drivers/net/ethernet/cisco/built-in.a
  CC [M]  drivers/net/wireless/ath/ath10k/htt_rx.o
  CC [M]  drivers/net/ethernet/cisco/enic/enic_main.o
  CC [M]  drivers/net/wireless/intel/iwlwifi/dvm/eeprom.o
  CC [M]  drivers/gpu/drm/i915/i915_sw_fence.o
  CC      fs/btrfs/subpage.o
  CC [M]  drivers/gpu/drm/radeon/radeon_uvd.o
  CC [M]  drivers/net/wireless/mediatek/mt76/usb_trace.o
  CC [M]  drivers/scsi/megaraid/megaraid_sas_fusion.o
  CC [M]  net/netfilter/ipvs/ip_vs_proto_udp.o
  CC [M]  drivers/gpu/drm/i915/i915_sw_fence_work.o
  CC      fs/xfs/xfs_ioctl.o
  CC [M]  drivers/net/ethernet/chelsio/cxgb4/cxgb4_ethtool.o
  CC [M]  drivers/net/wireless/ath/wcn36xx/dxe.o
  CC [M]  drivers/gpu/drm/i915/i915_syncmap.o
  CC [M]  drivers/gpu/drm/amd/amdgpu/cik_sdma.o
  CC [M]  drivers/net/wireless/marvell/mwifiex/join.o
  CC [M]  drivers/gpu/drm/radeon/uvd_v1_0.o
  CC [M]  drivers/net/wireless/intel/iwlwifi/dvm/power.o
  CC [M]  drivers/net/wireless/mediatek/mt76/sdio.o
  CC [M]  drivers/gpu/drm/i915/i915_user_extensions.o
  CC      fs/btrfs/tree-mod-log.o
  CC [M]  net/netfilter/ipvs/ip_vs_proto_ah_esp.o
  CC [M]  drivers/gpu/drm/i915/i915_ioc32.o
  CC [M]  drivers/net/wireless/ath/wcn36xx/txrx.o
  CC [M]  net/netfilter/ipset/ip_set_hash_netiface.o
  CC [M]  drivers/net/wireless/intel/iwlwifi/dvm/scan.o
  CC [M]  drivers/net/ethernet/cisco/enic/vnic_cq.o
  CC [M]  drivers/gpu/drm/radeon/uvd_v2_2.o
  CC [M]  drivers/scsi/megaraid/megaraid_sas_fp.o
  CC [M]  drivers/net/wireless/ath/ath10k/htt_tx.o
  CC [M]  drivers/net/wireless/marvell/mwifiex/sta_ioctl.o
  CC [M]  drivers/gpu/drm/amd/amdgpu/uvd_v4_2.o
  CC [M]  net/netfilter/ipvs/ip_vs_proto_sctp.o
  CC [M]  drivers/net/wireless/mediatek/mt76/sdio_txrx.o
  CC [M]  drivers/net/ethernet/chelsio/cxgb4/cxgb4_uld.o
  CC [M]  drivers/gpu/drm/i915/i915_debugfs.o
  CC      fs/btrfs/extent-io-tree.o
  CC [M]  drivers/net/ethernet/cisco/enic/vnic_intr.o
  CC [M]  drivers/net/wireless/ath/wcn36xx/smd.o
  CC [M]  drivers/gpu/drm/radeon/uvd_v3_1.o
  CC      fs/xfs/xfs_iomap.o
  CC [M]  drivers/scsi/megaraid/megaraid_sas_debugfs.o
  CC [M]  drivers/net/wireless/intel/iwlwifi/dvm/rxon.o
  CC [M]  drivers/gpu/drm/amd/amdgpu/vce_v2_0.o
  CC [M]  net/netfilter/ipvs/ip_vs_nfct.o
  CC [M]  drivers/net/wireless/marvell/mwifiex/sta_cmd.o
  CC [M]  drivers/gpu/drm/i915/i915_debugfs_params.o
  CC [M]  drivers/net/ethernet/cisco/enic/vnic_wq.o
  CC [M]  drivers/net/wireless/mediatek/mt76/mt76x02_util.o
  CC [M]  drivers/gpu/drm/radeon/uvd_v4_2.o
  CC [M]  drivers/net/wireless/ath/ath10k/txrx.o
  LD [M]  drivers/scsi/megaraid/megaraid_sas.o
  CC [M]  drivers/scsi/mpi3mr/mpi3mr_os.o
  CC      fs/btrfs/fs.o
  CC [M]  drivers/net/ethernet/chelsio/cxgb4/srq.o
  CC [M]  net/netfilter/ipset/ip_set_hash_netnet.o
  CC [M]  drivers/gpu/drm/amd/amdgpu/si.o
  CC [M]  drivers/gpu/drm/radeon/radeon_vce.o
  CC [M]  drivers/gpu/drm/i915/i915_pmu.o
  CC [M]  drivers/net/wireless/ath/wcn36xx/pmc.o
  CC [M]  drivers/net/wireless/intel/iwlwifi/dvm/devices.o
  CC [M]  net/netfilter/ipvs/ip_vs_rr.o
  CC [M]  drivers/net/ethernet/cisco/enic/enic_res.o
  CC      fs/btrfs/messages.o
  CC [M]  drivers/net/wireless/ath/ath10k/wmi.o
  CC [M]  net/mac80211/mlme.o
  CC [M]  drivers/net/wireless/mediatek/mt76/mt76x02_mac.o
  CC [M]  drivers/net/ethernet/chelsio/cxgb4/sched.o
  CC [M]  drivers/net/wireless/marvell/mwifiex/uap_cmd.o
  CC      fs/btrfs/bio.o
  CC      fs/xfs/xfs_iops.o
  CC [M]  net/netfilter/ipvs/ip_vs_wrr.o
  CC [M]  drivers/net/wireless/ath/wcn36xx/debug.o
  CC [M]  drivers/gpu/drm/radeon/vce_v1_0.o
  CC [M]  drivers/net/wireless/intel/iwlwifi/dvm/led.o
  CC [M]  drivers/net/ethernet/cisco/enic/enic_dev.o
  CC [M]  drivers/gpu/drm/i915/i915_bo.o
  CC [M]  drivers/gpu/drm/amd/amdgpu/gmc_v6_0.o
  CC [M]  drivers/scsi/mpi3mr/mpi3mr_fw.o
  CC [M]  drivers/net/ethernet/chelsio/cxgb4/cxgb4_filter.o
  CC [M]  drivers/net/wireless/marvell/mwifiex/ie.o
  CC [M]  drivers/gpu/drm/radeon/vce_v2_0.o
  CC [M]  drivers/net/wireless/ath/wcn36xx/firmware.o
  CC [M]  net/netfilter/ipvs/ip_vs_lc.o
  CC [M]  drivers/net/ethernet/cisco/enic/enic_pp.o
  CC      fs/btrfs/lru_cache.o
  CC [M]  drivers/gpu/drm/i915/i915_display_pc8.o
  CC [M]  drivers/net/wireless/mediatek/mt76/mt76x02_mcu.o
  LD [M]  drivers/net/wireless/intel/iwlwifi/dvm/iwldvm.o
  CC [M]  drivers/net/wireless/intel/iwlwifi/mvm/fw.o
  CC [M]  net/netfilter/ipset/ip_set_hash_netportnet.o
  CC [M]  drivers/gpu/drm/amd/amdgpu/gfx_v6_0.o
  CC [M]  drivers/gpu/drm/radeon/radeon_fbdev.o
  CC      fs/btrfs/raid-stripe-tree.o
  LD [M]  drivers/net/wireless/ath/wcn36xx/wcn36xx.o
  CC [M]  drivers/gpu/drm/radeon/radeon_acpi.o
  CC [M]  net/netfilter/ipvs/ip_vs_wlc.o
  CC [M]  drivers/gpu/drm/i915/i915_dpt.o
  CC [M]  drivers/net/wireless/marvell/mwifiex/sta_cmdresp.o
  CC [M]  drivers/net/ethernet/cisco/enic/vnic_dev.o
  CC      fs/xfs/xfs_inode.o
  CC [M]  drivers/net/wireless/mediatek/mt76/mt76x02_eeprom.o
  CC [M]  drivers/net/wireless/mediatek/mt76/mt76x02_phy.o
  CC [M]  drivers/net/ethernet/chelsio/cxgb4/cxgb4_tc_u32.o
  MKREG   drivers/gpu/drm/radeon/r100_reg_safe.h
  CC [M]  drivers/net/wireless/intel/iwlwifi/mvm/mac80211.o
  MKREG   drivers/gpu/drm/radeon/rn50_reg_safe.h
  MKREG   drivers/gpu/drm/radeon/r300_reg_safe.h
  MKREG   drivers/gpu/drm/radeon/r420_reg_safe.h
  CC      fs/btrfs/fiemap.o
  CC [M]  drivers/gpu/drm/radeon/rs600.o
  CC [M]  drivers/scsi/mpi3mr/mpi3mr_app.o
  CC [M]  net/netfilter/ipvs/ip_vs_fo.o
  CC [M]  drivers/gpu/drm/i915/i915_dsb_buffer.o
  CC [M]  drivers/gpu/drm/amd/amdgpu/si_ih.o
  CC [M]  drivers/net/wireless/ath/ath10k/wmi-tlv.o
  HOSTCC  drivers/gpu/drm/xe/xe_gen_wa_oob
  CC [M]  drivers/net/ethernet/cisco/enic/vnic_rq.o
  CC [M]  drivers/net/wireless/marvell/mwifiex/sta_event.o
  CC [M]  drivers/gpu/drm/xe/xe_i2c.o
  CC [M]  drivers/net/wireless/mediatek/mt76/mt76x02_mmio.o
  CC [M]  net/netfilter/ipset/ip_set_list_set.o
  CC [M]  net/netfilter/ipvs/ip_vs_ovf.o
  CC      fs/btrfs/direct-io.o
  CC [M]  drivers/gpu/drm/i915/i915_hdcp_gsc.o
  CC [M]  drivers/gpu/drm/amd/amdgpu/si_dma.o
  CC [M]  drivers/net/ethernet/chelsio/cxgb4/cxgb4_ptp.o
  CC [M]  drivers/gpu/drm/radeon/rv515.o
  CC [M]  drivers/net/ethernet/cisco/enic/vnic_vic.o
  CC [M]  net/mac80211/tdls.o
  CC [M]  drivers/gpu/drm/xe/xe_userptr.o
  CC [M]  drivers/scsi/mpi3mr/mpi3mr_transport.o
  CC [M]  drivers/net/ethernet/cisco/enic/enic_ethtool.o
  CC [M]  drivers/net/wireless/marvell/mwifiex/uap_event.o
  CC      fs/xfs/xfs_itable.o
  CC [M]  net/netfilter/ipvs/ip_vs_lblc.o
  CC [M]  drivers/gpu/drm/i915/i915_initial_plane.o
  LD [M]  net/netfilter/ipset/ip_set.o
  CC [M]  drivers/net/wireless/mediatek/mt76/mt76x02_txrx.o
  GEN     xe_wa_oob.c xe_wa_oob.h
  AR      drivers/auxdisplay/built-in.a
  AR      drivers/net/ethernet/cortina/built-in.a
  CC [M]  fs/mbcache.o
  CC      fs/btrfs/acl.o
  CC [M]  drivers/net/ethernet/chelsio/cxgb4/cxgb4_tc_flower.o
  CC [M]  drivers/gpu/drm/amd/amdgpu/dce_v6_0.o
  CC [M]  drivers/gpu/drm/radeon/r200.o
  GEN	xe_device_wa_oob.c xe_device_wa_oob.h
  CC [M]  drivers/gpu/drm/xe/xe_bb.o
  CC [M]  drivers/net/ethernet/cisco/enic/enic_api.o
  CC [M]  drivers/net/wireless/ath/ath10k/bmi.o
  CC [M]  drivers/net/wireless/marvell/mwifiex/sta_tx.o
  CC      fs/xfs/xfs_iwalk.o
  AR      drivers/net/wireless/quantenna/built-in.a
  CC [M]  drivers/net/wireless/intel/iwlwifi/mld/mld.o
  CC [M]  net/netfilter/ipvs/ip_vs_lblcr.o
  CC      fs/btrfs/zoned.o
  LD [M]  drivers/scsi/mpi3mr/mpi3mr.o
  CC [M]  drivers/gpu/drm/i915/i915_overlay.o
  CC      drivers/scsi/scsi_sysfs.o
  CC [M]  drivers/net/wireless/mediatek/mt76/mt76x02_trace.o
  CC [M]  drivers/net/wireless/intel/iwlwifi/mvm/nvm.o
  CC [M]  net/mac80211/ocb.o
  CC [M]  drivers/gpu/drm/xe/xe_bo.o
  CC [M]  drivers/net/ethernet/cisco/enic/enic_clsf.o
  CC [M]  drivers/gpu/drm/radeon/r600_cs.o
  CC [M]  drivers/net/wireless/ath/ath10k/hw.o
  CC [M]  drivers/net/wireless/marvell/mwifiex/sta_rx.o
  CC [M]  drivers/net/ethernet/chelsio/cxgb4/cxgb4_cudbg.o
  CC [M]  drivers/net/wireless/intel/iwlwifi/mld/notif.o
  CC [M]  drivers/gpu/drm/i915/i915_panic.o
  CC [M]  net/netfilter/ipvs/ip_vs_dh.o
  CC [M]  drivers/gpu/drm/amd/amdgpu/uvd_v3_1.o
  CC [M]  drivers/net/wireless/mediatek/mt76/mt76x02_debugfs.o
  CC [M]  drivers/net/ethernet/cisco/enic/enic_rq.o
  LD [M]  drivers/scsi/sr_mod.o
  AR      drivers/scsi/built-in.a
  CC [M]  drivers/net/wireless/intel/iwlwifi/mvm/ops.o
  CC [M]  net/mac80211/airtime.o
  CC [M]  drivers/gpu/drm/xe/xe_bo_evict.o
  CC      fs/xfs/xfs_message.o
  CC [M]  drivers/net/wireless/marvell/mwifiex/uap_txrx.o
  CC [M]  drivers/net/ethernet/chelsio/cxgb4/cxgb4_mps.o
  CC [M]  drivers/net/wireless/ath/ath10k/p2p.o
  CC [M]  drivers/gpu/drm/i915/gt/gen2_engine_cs.o
  CC [M]  drivers/gpu/drm/radeon/evergreen_cs.o
  AR      fs/btrfs/built-in.a
  CC [M]  drivers/net/wireless/ath/ath10k/swap.o
  CC [M]  net/netfilter/ipvs/ip_vs_sh.o
  CC [M]  drivers/net/wireless/intel/iwlwifi/mld/mac80211.o
  CC [M]  drivers/gpu/drm/amd/amdgpu/vce_v1_0.o
  CC [M]  drivers/net/wireless/mediatek/mt76/mt76x02_dfs.o
  CC [M]  drivers/net/ethernet/cisco/enic/enic_wq.o
  CC      fs/xfs/xfs_mount.o
  CC [M]  drivers/gpu/drm/mgag200/mgag200_bmc.o
  CC [M]  drivers/gpu/drm/xe/xe_dep_scheduler.o
  CC      fs/xfs/xfs_mru_cache.o
  CC [M]  drivers/gpu/drm/i915/gt/gen6_engine_cs.o
  CC [M]  drivers/net/wireless/marvell/mwifiex/cfg80211.o
  CC [M]  drivers/net/wireless/intel/iwlwifi/mvm/phy-ctxt.o
  CC [M]  drivers/net/wireless/ath/ath10k/spectral.o
  CC [M]  drivers/net/ethernet/chelsio/cxgb4/cudbg_common.o
  CC [M]  drivers/gpu/drm/mgag200/mgag200_ddc.o
  LD [M]  drivers/net/ethernet/cisco/enic/enic.o
  CC [M]  drivers/net/ethernet/chelsio/cxgb4/cudbg_lib.o
  CC [M]  net/netfilter/ipvs/ip_vs_mh.o
  CC [M]  drivers/gpu/drm/xe/xe_devcoredump.o
  CC [M]  drivers/gpu/drm/amd/amdgpu/vi.o
  CC [M]  drivers/net/wireless/mediatek/mt76/mt76x02_beacon.o
  LD [M]  net/netfilter/nf_conntrack.o
  CC [M]  drivers/net/ethernet/chelsio/cxgb4/cudbg_zlib.o
  CC [M]  drivers/gpu/drm/i915/gt/gen6_ppgtt.o
  CC [M]  drivers/net/wireless/intel/iwlwifi/mld/fw.o
  CC [M]  drivers/gpu/drm/mgag200/mgag200_drv.o
  CC [M]  drivers/gpu/drm/radeon/r100.o
  CC [M]  drivers/net/wireless/intel/iwlwifi/mvm/mac-ctxt.o
  CC [M]  drivers/net/wireless/ath/ath10k/trace.o
  CC [M]  drivers/gpu/drm/xe/xe_device.o
  CC [M]  net/mac80211/eht.o
  CC [M]  drivers/net/wireless/ath/ath10k/thermal.o
  CC [M]  net/netfilter/ipvs/ip_vs_sed.o
  CC      fs/xfs/xfs_pwork.o
  CC [M]  drivers/net/wireless/mediatek/mt76/mt76x02_usb_mcu.o
  CC [M]  drivers/gpu/drm/amd/amdgpu/mxgpu_vi.o
  CC [M]  drivers/gpu/drm/mgag200/mgag200_g200.o
  CC [M]  drivers/gpu/drm/xe/xe_device_sysfs.o
  CC [M]  drivers/gpu/drm/i915/gt/gen7_renderclear.o
  CC [M]  drivers/net/wireless/intel/iwlwifi/mld/power.o
  CC [M]  net/netfilter/ipvs/ip_vs_nq.o
  CC [M]  drivers/net/wireless/marvell/mwifiex/ethtool.o
  CC      drivers/usb/common/common.o
  CC [M]  drivers/net/ethernet/chelsio/cxgb4/cxgb4_tc_mqprio.o
  CC [M]  net/mac80211/uhr.o
  CC [M]  drivers/gpu/drm/mgag200/mgag200_g200eh.o
  CC [M]  drivers/net/wireless/marvell/mwifiex/11h.o
  CC [M]  drivers/net/wireless/intel/iwlwifi/mvm/utils.o
  CC [M]  drivers/net/wireless/mediatek/mt76/mt76x02_usb_core.o
  CC [M]  drivers/gpu/drm/amd/amdgpu/nbio_v6_1.o
  CC [M]  drivers/gpu/drm/i915/gt/gen8_engine_cs.o
  CC [M]  drivers/gpu/drm/xe/xe_dma_buf.o
  CC      drivers/usb/common/debug.o
  CC [M]  net/netfilter/ipvs/ip_vs_ftp.o
  CC [M]  drivers/net/wireless/intel/iwlwifi/mld/iface.o
  AR      drivers/usb/common/built-in.a
  CC      drivers/usb/core/usb.o
  AR      drivers/usb/phy/built-in.a
  CC [M]  net/netfilter/ipvs/ip_vs_pe_sip.o
  CC [M]  drivers/gpu/drm/radeon/r300.o
  CC [M]  drivers/gpu/drm/mgag200/mgag200_g200eh3.o
  CC      fs/xfs/xfs_reflink.o
  CC [M]  net/mac80211/nan.o
  CC [M]  drivers/net/wireless/ath/ath10k/leds.o
  CC [M]  drivers/net/wireless/marvell/mwifiex/tdls.o
  CC [M]  drivers/net/wireless/mediatek/mt76/mt76_connac_mcu.o
  CC [M]  drivers/net/ethernet/chelsio/cxgb4/cxgb4_tc_matchall.o
  CC [M]  drivers/gpu/drm/mgag200/mgag200_g200eh5.o
  CC [M]  drivers/gpu/drm/i915/gt/gen8_ppgtt.o
  CC [M]  drivers/gpu/drm/xe/xe_drm_client.o
  CC [M]  drivers/gpu/drm/amd/amdgpu/soc15.o
  CC      drivers/usb/core/hub.o
  CC [M]  drivers/net/wireless/intel/iwlwifi/mvm/rx.o
  CC [M]  drivers/gpu/drm/nouveau/dispnv04/i2c/ch7006_drv.o
  LD [M]  net/netfilter/ipvs/ip_vs.o
  LD [M]  net/netfilter/nf_conntrack_h323.o
  CC [M]  drivers/net/wireless/intel/iwlwifi/mld/link.o
  LD [M]  net/netfilter/nf_nat.o
  LD [M]  net/netfilter/nf_tables.o
  LD [M]  net/netfilter/nf_flow_table.o
  CC [M]  drivers/gpu/drm/radeon/r420.o
  CC [M]  drivers/gpu/drm/udl/udl_drv.o
  CC [M]  drivers/net/wireless/ath/ath10k/wow.o
  CC [M]  drivers/gpu/drm/mgag200/mgag200_g200er.o
  CC [M]  net/mac80211/led.o
  CC [M]  drivers/net/wireless/marvell/mwifiex/debugfs.o
  CC [M]  drivers/gpu/drm/xe/xe_drm_ras.o
  CC [M]  drivers/gpu/drm/nouveau/dispnv04/i2c/ch7006_mode.o
  CC [M]  drivers/gpu/drm/udl/udl_edid.o
  CC [M]  drivers/gpu/drm/i915/gt/intel_breadcrumbs.o
  CC [M]  drivers/net/ethernet/chelsio/cxgb4/cxgb4_debugfs.o
  LD [M]  drivers/gpu/drm/radeon/radeon.o
  CC [M]  drivers/net/wireless/ath/ath10k/coredump.o
  CC [M]  drivers/gpu/drm/mgag200/mgag200_g200ev.o
  CC [M]  drivers/gpu/drm/amd/amdgpu/emu_soc.o
  CC [M]  drivers/net/wireless/intel/iwlwifi/mld/rx.o
  CC [M]  drivers/net/wireless/intel/iwlwifi/mvm/rxmq.o
  AR      drivers/net/ethernet/dlink/built-in.a
  CC [M]  drivers/net/ethernet/dlink/dl2k.o
  CC [M]  drivers/gpu/drm/xe/xe_eu_stall.o
  CC      fs/xfs/xfs_stats.o
  CC [M]  drivers/gpu/drm/udl/udl_main.o
  CC [M]  drivers/gpu/drm/nouveau/dispnv04/i2c/sil164_drv.o
  CC [M]  drivers/net/wireless/mediatek/mt76/mt76_connac_mac.o
  CC [M]  net/mac80211/mesh.o
  CC [M]  drivers/gpu/drm/mgag200/mgag200_g200ew3.o
  CC [M]  drivers/net/wireless/marvell/mwifiex/sdio.o
  CC [M]  drivers/gpu/drm/i915/gt/intel_context.o
  CC [M]  drivers/gpu/drm/amd/amdgpu/mxgpu_ai.o
  CC      drivers/usb/core/hcd.o
  CC      fs/xfs/xfs_super.o
  CC [M]  drivers/net/wireless/ath/ath10k/ce.o
  CC [M]  drivers/gpu/drm/udl/udl_modeset.o
  CC [M]  drivers/gpu/drm/nouveau/nvif/object.o
  CC [M]  drivers/gpu/drm/mgag200/mgag200_g200se.o
  CC [M]  drivers/gpu/drm/xe/xe_exec.o
  CC [M]  drivers/gpu/drm/amd/amdgpu/nbio_v7_0.o
  CC [M]  drivers/net/wireless/intel/iwlwifi/mld/mcc.o
  CC [M]  drivers/net/wireless/intel/iwlwifi/mvm/tx.o
  CC [M]  drivers/gpu/drm/udl/udl_transfer.o
  CC [M]  drivers/gpu/drm/i915/gt/intel_context_sseu.o
  CC [M]  drivers/net/wireless/mediatek/mt76/mt76_connac3_mac.o
  CC [M]  drivers/gpu/drm/nouveau/nvif/client.o
  CC [M]  drivers/gpu/drm/mgag200/mgag200_g200wb.o
  CC [M]  drivers/net/macvtap.o
  CC      drivers/usb/core/urb.o
  CC [M]  net/mac80211/mesh_pathtbl.o
  CC [M]  drivers/net/wireless/marvell/mwifiex/pcie.o
  CC [M]  drivers/gpu/drm/xe/xe_exec_queue.o
  LD [M]  drivers/gpu/drm/udl/udl.o
  CC [M]  drivers/net/wireless/ath/ath10k/pci.o
  CC [M]  drivers/net/wireless/intel/iwlwifi/mvm/binding.o
  CC [M]  drivers/gpu/drm/amd/amdgpu/vega10_reg_init.o
  CC [M]  drivers/net/ethernet/chelsio/cxgb4/cxgb4_thermal.o
  CC [M]  drivers/gpu/drm/nouveau/nvif/conn.o
  CC [M]  drivers/net/wireless/intel/iwlwifi/mld/session-protect.o
  CC [M]  drivers/gpu/drm/mgag200/mgag200_mode.o
  CC [M]  drivers/gpu/drm/i915/gt/intel_engine_cs.o
  CC [M]  drivers/net/wireless/ath/ath11k/core.o
  CC      drivers/usb/core/message.o
  CC [M]  drivers/net/wireless/mediatek/mt76/mt792x_core.o
  CC [M]  drivers/gpu/drm/amd/amdgpu/vega20_reg_init.o
  CC [M]  drivers/gpu/drm/nouveau/nvif/device.o
  CC      fs/xfs/xfs_symlink.o
  CC [M]  drivers/net/wireless/ath/ath11k/hal.o
  LD [M]  drivers/net/ethernet/chelsio/cxgb4/cxgb4.o
  CC [M]  drivers/gpu/drm/mgag200/mgag200_vga_bmc.o
  CC [M]  drivers/net/ethernet/chelsio/cxgb4vf/cxgb4vf_main.o
  CC [M]  drivers/net/wireless/intel/iwlwifi/mvm/quota.o
  CC [M]  net/mac80211/mesh_plink.o
  CC [M]  drivers/net/wireless/intel/iwlwifi/mld/phy.o
  CC [M]  drivers/gpu/drm/xe/xe_execlist.o
  CC [M]  drivers/net/wireless/marvell/mwifiex/pcie_quirks.o
  CC [M]  drivers/gpu/drm/nouveau/nvif/disp.o
  CC [M]  drivers/gpu/drm/amd/amdgpu/nbio_v7_4.o
  CC      drivers/usb/core/driver.o
  CC [M]  drivers/net/wireless/mediatek/mt76/mt792x_mac.o
  CC [M]  drivers/gpu/drm/mgag200/mgag200_vga.o
  CC [M]  drivers/net/wireless/ath/ath10k/sdio.o
  CC      drivers/input/serio/serio.o
  CC [M]  drivers/gpu/drm/i915/gt/intel_engine_heartbeat.o
  CC [M]  drivers/net/wireless/intel/iwlwifi/mvm/sta.o
  CC [M]  drivers/net/wireless/intel/iwlwifi/mld/scan.o
  CC [M]  drivers/gpu/drm/xe/xe_force_wake.o
  CC [M]  drivers/gpu/drm/nouveau/nvif/driver.o
  CC [M]  drivers/net/wireless/marvell/mwifiex/usb.o
  LD [M]  drivers/gpu/drm/mgag200/mgag200.o
  CC [M]  drivers/net/wireless/intel/iwlwifi/mld/sta.o
  CC [M]  drivers/net/wireless/ath/ath11k/hal_tx.o
  CC [M]  net/mac80211/mesh_hwmp.o
  CC      drivers/usb/core/config.o
  CC      drivers/input/serio/i8042.o
  CC      fs/xfs/xfs_sysfs.o
  CC [M]  drivers/gpu/drm/amd/amdgpu/nbio_v2_3.o
  CC [M]  drivers/net/ethernet/chelsio/cxgb4vf/t4vf_hw.o
  CC [M]  drivers/gpu/drm/nouveau/nvif/event.o
  CC [M]  drivers/net/wireless/mediatek/mt76/mt792x_trace.o
  CC [M]  drivers/gpu/drm/i915/gt/intel_engine_pm.o
  CC [M]  drivers/gpu/drm/xe/xe_ggtt.o
  CC      fs/xfs/xfs_trans.o
  CC      drivers/usb/core/file.o
  CC [M]  drivers/net/wireless/ath/ath10k/usb.o
  CC [M]  drivers/net/wireless/ath/ath11k/hal_rx.o
  CC      drivers/input/serio/libps2.o
  LD [M]  drivers/net/wireless/marvell/mwifiex/mwifiex.o
  CC [M]  net/mac80211/mesh_sync.o
  LD [M]  drivers/net/wireless/marvell/mwifiex/mwifiex_sdio.o
  CC [M]  drivers/gpu/drm/nouveau/nvif/fifo.o
  LD [M]  drivers/net/wireless/marvell/mwifiex/mwifiex_pcie.o
  LD [M]  drivers/net/wireless/marvell/mwifiex/mwifiex_usb.o
  CC [M]  drivers/gpu/drm/amd/amdgpu/nv.o
  CC [M]  drivers/net/wireless/intel/iwlwifi/mvm/sf.o
  CC [M]  drivers/net/ethernet/chelsio/cxgb4vf/sge.o
  CC [M]  drivers/net/wireless/intel/iwlwifi/mld/tx.o
  CC [M]  drivers/gpu/drm/i915/gt/intel_engine_user.o
  CC [M]  drivers/net/wireless/mediatek/mt76/mt792x_debugfs.o
  CC      drivers/usb/core/buffer.o
  CC [M]  net/openvswitch/actions.o
  CC [M]  drivers/gpu/drm/xe/xe_gpu_scheduler.o
  AR      drivers/input/serio/built-in.a
  CC [M]  drivers/net/wireless/ath/ath12k/core.o
  CC [M]  drivers/net/wireless/intel/iwlwifi/mvm/scan.o
  CC [M]  drivers/gpu/drm/nouveau/nvif/head.o
  CC [M]  drivers/gpu/drm/xe/xe_gsc.o
  CC      drivers/usb/core/sysfs.o
  LD [M]  drivers/net/wireless/ath/ath10k/ath10k_core.o
  CC [M]  drivers/gpu/drm/i915/gt/intel_execlists_submission.o
  LD [M]  drivers/net/wireless/ath/ath10k/ath10k_pci.o
  LD [M]  drivers/net/wireless/ath/ath10k/ath10k_sdio.o
  LD [M]  drivers/net/wireless/ath/ath10k/ath10k_usb.o
  CC [M]  drivers/gpu/drm/xe/xe_gsc_debugfs.o
  CC [M]  drivers/gpu/drm/amd/amdgpu/arct_reg_init.o
  CC [M]  net/mac80211/mesh_ps.o
  CC [M]  drivers/net/wireless/mediatek/mt76/mt792x_dma.o
  LD [M]  drivers/net/wireless/intel/iwlwifi/iwlwifi.o
  CC [M]  net/mac80211/pm.o
  CC [M]  drivers/gpu/drm/nouveau/nvif/mem.o
  CC      fs/xfs/xfs_verify_media.o
  CC [M]  drivers/net/wireless/intel/iwlwifi/mld/coex.o
  CC [M]  net/openvswitch/datapath.o
  CC [M]  drivers/net/mii.o
  LD [M]  drivers/net/ethernet/chelsio/cxgb4vf/cxgb4vf.o
  CC [M]  drivers/net/wireless/ath/ath11k/wmi.o
  CC      drivers/usb/core/endpoint.o
  CC [M]  drivers/net/ethernet/chelsio/libcxgb/libcxgb_ppm.o
  CC [M]  drivers/gpu/drm/xe/xe_gsc_proxy.o
  CC [M]  drivers/gpu/drm/amd/amdgpu/mxgpu_nv.o
  CC [M]  drivers/gpu/drm/nouveau/nvif/mmu.o
  CC [M]  drivers/gpu/drm/ast/ast_2000.o
  CC [M]  drivers/net/wireless/ath/ath12k/hal.o
  CC [M]  net/mac80211/rc80211_minstrel_ht.o
  CC [M]  drivers/net/wireless/mediatek/mt76/mt792x_acpi_sar.o
  CC      drivers/usb/core/devio.o
  CC [M]  drivers/net/wireless/intel/iwlwifi/mld/tlc.o
  CC [M]  drivers/net/wireless/intel/iwlwifi/mvm/time-event.o
  AR      drivers/net/wireless/ralink/built-in.a
  LD [M]  drivers/net/wireless/ath/ath.o
  CC [M]  drivers/net/ethernet/chelsio/libcxgb/libcxgb_cm.o
  CC [M]  drivers/gpu/drm/i915/gt/intel_ggtt.o
  CC [M]  drivers/gpu/drm/ast/ast_2100.o
  CC [M]  drivers/gpu/drm/xe/xe_gsc_submit.o
  CC [M]  net/vmw_vsock/af_vsock.o
  CC [M]  drivers/gpu/drm/nouveau/nvif/outp.o
  CC [M]  drivers/gpu/drm/amd/amdgpu/nbio_v7_2.o
  CC      fs/xfs/xfs_xattr.o
  CC [M]  drivers/net/wireless/ath/ath12k/wmi.o
  CC [M]  net/openvswitch/dp_notify.o
  CC [M]  drivers/gpu/drm/ast/ast_2200.o
  CC [M]  drivers/gpu/drm/xe/xe_gt.o
  CC [M]  drivers/gpu/drm/nouveau/nvif/timer.o
  CC [M]  drivers/net/wireless/mediatek/mt76/mt792x_usb.o
  LD [M]  drivers/net/ethernet/chelsio/libcxgb/libcxgb.o
  AR      drivers/net/ethernet/chelsio/built-in.a
  AR      drivers/net/ethernet/emulex/built-in.a
  CC [M]  drivers/net/ethernet/emulex/benet/be_main.o
  CC [M]  drivers/net/wireless/intel/iwlwifi/mld/agg.o
  CC      fs/xfs/xfs_log.o
  CC [M]  drivers/gpu/drm/ast/ast_2300.o
  CC      drivers/usb/core/notify.o
  CC [M]  drivers/net/wireless/intel/iwlwifi/mvm/rs.o
  CC [M]  drivers/gpu/drm/i915/gt/intel_ggtt_fencing.o
  CC [M]  drivers/gpu/drm/amd/amdgpu/hdp_v4_0.o
  CC [M]  net/openvswitch/flow.o
  CC [M]  net/mac80211/wbrf.o
  CC [M]  drivers/gpu/drm/nouveau/nvif/vmm.o
  CC [M]  net/vmw_vsock/af_vsock_tap.o
  CC      drivers/usb/core/generic.o
  CC [M]  drivers/net/wireless/mediatek/mt76/mt76x0/usb.o
  CC [M]  drivers/gpu/drm/xe/xe_gt_ccs_mode.o
  CC [M]  drivers/gpu/drm/ast/ast_2400.o
  CC      drivers/usb/core/quirks.o
  CC [M]  drivers/net/wireless/intel/iwlwifi/mld/key.o
  CC [M]  drivers/gpu/drm/nouveau/nvif/chan.o
  LD [M]  net/mac80211/mac80211.o
  CC [M]  drivers/gpu/drm/i915/gt/intel_gt.o
  CC [M]  drivers/gpu/drm/amd/amdgpu/hdp_v5_0.o
  CC [M]  net/vmw_vsock/vsock_addr.o
  CC [M]  drivers/gpu/drm/i915/gt/intel_gt_buffer_pool.o
  CC [M]  drivers/gpu/drm/ast/ast_2500.o
  CC [M]  net/openvswitch/flow_netlink.o
  CC [M]  drivers/gpu/drm/xe/xe_gt_clock.o
  CC [M]  drivers/net/wireless/mediatek/mt76/mt76x0/usb_mcu.o
  CC      drivers/usb/core/devices.o
  CC [M]  drivers/net/wireless/intel/iwlwifi/mvm/rs-fw.o
  CC [M]  drivers/gpu/drm/nouveau/nvif/chan506f.o
  CC [M]  net/vmw_vsock/vsock_bpf.o
  CC [M]  drivers/net/wireless/intel/iwlwifi/mld/regulatory.o
  CC [M]  drivers/gpu/drm/nouveau/nvif/chan906f.o
  CC [M]  drivers/gpu/drm/amd/amdgpu/aldebaran_reg_init.o
  CC [M]  drivers/gpu/drm/ast/ast_2600.o
  CC [M]  drivers/gpu/drm/xe/xe_gt_freq.o
  CC [M]  drivers/gpu/drm/i915/gt/intel_gt_ccs_mode.o
  CC      drivers/usb/core/phy.o
  CC      fs/xfs/xfs_log_cil.o
  CC [M]  drivers/net/wireless/ath/ath11k/mac.o
  CC [M]  drivers/net/wireless/mediatek/mt76/mt76x0/pci.o
  CC [M]  drivers/net/wireless/intel/iwlwifi/mvm/power.o
  CC [M]  drivers/gpu/drm/nouveau/nvif/chanc36f.o
  CC [M]  drivers/gpu/drm/ast/ast_cursor.o
  CC [M]  drivers/net/ethernet/emulex/benet/be_cmds.o
  CC [M]  drivers/net/wireless/ath/ath12k/mac.o
  CC [M]  drivers/gpu/drm/amd/amdgpu/aldebaran.o
  CC [M]  drivers/net/wireless/intel/iwlwifi/mld/ap.o
  CC      drivers/usb/host/pci-quirks.o
  CC [M]  net/vmw_vsock/diag.o
  CC      drivers/usb/core/port.o
  CC [M]  drivers/gpu/drm/xe/xe_gt_idle.o
  CC [M]  drivers/gpu/drm/i915/gt/intel_gt_clock_utils.o
  CC [M]  drivers/gpu/drm/nouveau/nvif/user.o
  CC [M]  drivers/gpu/drm/ast/ast_ddc.o
  CC [M]  drivers/net/wireless/mediatek/mt76/mt76x0/pci_mcu.o
  CC [M]  net/openvswitch/flow_table.o
  CC [M]  drivers/net/wireless/intel/iwlwifi/mvm/coex.o
  CC      drivers/usb/host/ehci-hcd.o
  CC [M]  net/vmw_vsock/virtio_transport.o
  CC [M]  drivers/gpu/drm/amd/amdgpu/soc21.o
  CC      drivers/usb/core/trace.o
  CC [M]  drivers/gpu/drm/xe/xe_gt_mcr.o
  CC [M]  drivers/net/wireless/intel/iwlwifi/mld/thermal.o
  CC [M]  drivers/gpu/drm/i915/gt/intel_gt_debugfs.o
  CC [M]  drivers/gpu/drm/nouveau/nvif/userc361.o
  CC [M]  drivers/gpu/drm/ast/ast_dp501.o
  CC      fs/xfs/xfs_bmap_item.o
  CC [M]  drivers/net/wireless/mediatek/mt76/mt76x0/init.o
  CC      drivers/usb/core/hcd-pci.o
  CC [M]  drivers/net/wireless/intel/iwlwifi/mvm/tt.o
  CC [M]  drivers/gpu/drm/nouveau/nvkm/core/client.o
  CC [M]  net/vmw_vsock/virtio_transport_common.o
  CC [M]  drivers/gpu/drm/i915/gt/intel_gt_engines_debugfs.o
  CC [M]  drivers/gpu/drm/xe/xe_gt_sysfs.o
  CC [M]  drivers/gpu/drm/ast/ast_dp.o
  CC [M]  net/openvswitch/meter.o
  CC [M]  drivers/net/ethernet/emulex/benet/be_ethtool.o
  CC [M]  drivers/gpu/drm/amd/amdgpu/soc24.o
  CC [M]  drivers/net/wireless/intel/iwlwifi/mld/roc.o
  CC [M]  drivers/gpu/drm/nouveau/nvkm/core/engine.o
  CC [M]  drivers/gpu/drm/ast/ast_drv.o
  CC [M]  drivers/gpu/drm/i915/gt/intel_gt_irq.o
  CC      drivers/usb/core/usb-acpi.o
  CC [M]  drivers/gpu/drm/xe/xe_gt_throttle.o
  CC [M]  drivers/net/wireless/mediatek/mt76/mt76x0/main.o
  CC [M]  drivers/net/wireless/intel/iwlwifi/mvm/offloading.o
  CC      drivers/usb/host/ehci-pci.o
  CC [M]  drivers/gpu/drm/amd/amdgpu/sienna_cichlid.o
  CC [M]  net/vmw_vsock/vsock_loopback.o
  CC [M]  drivers/net/wireless/intel/iwlwifi/mld/stats.o
  CC [M]  net/openvswitch/openvswitch_trace.o
  CC [M]  drivers/gpu/drm/nouveau/nvkm/core/enum.o
  AR      drivers/usb/core/built-in.a
  CC [M]  net/openvswitch/vport.o
  CC      fs/xfs/xfs_buf_item.o
  CC [M]  drivers/gpu/drm/ast/ast_mm.o
  CC [M]  drivers/net/ethernet/emulex/benet/be_roce.o
  CC [M]  drivers/net/wireless/ath/ath11k/reg.o
  CC [M]  drivers/gpu/drm/xe/xe_gt_topology.o
  CC [M]  drivers/net/wireless/mediatek/mt76/mt76x0/eeprom.o
  CC [M]  drivers/gpu/drm/i915/gt/intel_gt_mcr.o
  CC      drivers/usb/host/ohci-hcd.o
  CC [M]  drivers/gpu/drm/ast/ast_mode.o
  CC [M]  drivers/gpu/drm/amd/amdgpu/smu_v13_0_10.o
  LD [M]  net/vmw_vsock/vsock.o
  LD [M]  net/vmw_vsock/vsock_diag.o
  LD [M]  net/vmw_vsock/vmw_vsock_virtio_transport.o
  LD [M]  net/vmw_vsock/vmw_vsock_virtio_transport_common.o
  CC [M]  drivers/net/wireless/intel/iwlwifi/mvm/tdls.o
  CC [M]  drivers/gpu/drm/nouveau/nvkm/core/event.o
  CC [M]  drivers/gpu/drm/qxl/qxl_drv.o
  CC [M]  drivers/net/wireless/intel/iwlwifi/mld/low_latency.o
  CC [M]  drivers/net/mdio.o
  CC [M]  drivers/gpu/drm/xe/xe_guc.o
  LD [M]  drivers/net/ethernet/emulex/benet/be2net.o
  AR      drivers/net/ethernet/engleder/built-in.a
  AR      drivers/net/ethernet/ezchip/built-in.a
  CC [M]  net/openvswitch/vport-internal_dev.o
  AR      drivers/net/ethernet/fungible/built-in.a
  AR      drivers/net/ethernet/google/built-in.a
  AR      drivers/net/ethernet/hisilicon/built-in.a
  AR      drivers/net/ethernet/huawei/built-in.a
  AR      drivers/net/ethernet/intel/libie/built-in.a
  CC [M]  drivers/net/ethernet/intel/libie/rx.o
  CC [M]  drivers/net/wireless/ath/ath11k/htc.o
  CC [M]  drivers/gpu/drm/i915/gt/intel_gt_pm.o
  CC [M]  drivers/net/wireless/mediatek/mt76/mt76x0/phy.o
  CC [M]  drivers/gpu/drm/amd/amdgpu/nbio_v4_3.o
  CC [M]  drivers/gpu/drm/nouveau/nvkm/core/firmware.o
  CC [M]  drivers/gpu/drm/qxl/qxl_kms.o
  CC [M]  drivers/gpu/drm/ast/ast_post.o
  CC [M]  drivers/net/ethernet/intel/e100.o
  CC [M]  drivers/net/wireless/ath/ath12k/reg.o
  CC      fs/xfs/xfs_buf_item_recover.o
  CC [M]  drivers/net/wireless/intel/iwlwifi/mvm/ftm-responder.o
  CC [M]  drivers/net/wireless/intel/iwlwifi/mld/mlo.o
  CC [M]  drivers/net/ethernet/intel/libie/adminq.o
  CC [M]  net/openvswitch/vport-netdev.o
  CC      drivers/usb/host/ohci-pci.o
  CC [M]  drivers/gpu/drm/ast/ast_sil164.o
  CC [M]  drivers/gpu/drm/qxl/qxl_display.o
  CC [M]  drivers/gpu/drm/nouveau/nvkm/core/gpuobj.o
  CC [M]  drivers/gpu/drm/xe/xe_guc_ads.o
  CC [M]  drivers/gpu/drm/i915/gt/intel_gt_pm_debugfs.o
  CC [M]  drivers/net/ethernet/intel/libie/fwlog.o
  CC [M]  drivers/net/wireless/ath/ath11k/qmi.o
  CC [M]  drivers/gpu/drm/amd/amdgpu/hdp_v6_0.o
  CC      drivers/usb/host/uhci-hcd.o
  CC [M]  drivers/gpu/drm/ast/ast_vbios.o
  LD [M]  drivers/net/wireless/mediatek/mt76/mt76x0/mt76x0u.o
  CC [M]  drivers/net/wireless/ath/ath12k/htc.o
  LD [M]  drivers/net/wireless/mediatek/mt76/mt76x0/mt76x0e.o
  LD [M]  drivers/net/wireless/mediatek/mt76/mt76x0/mt76x0-common.o
  CC [M]  drivers/net/wireless/mediatek/mt76/mt76x2/eeprom.o
  CC [M]  drivers/net/wireless/intel/iwlwifi/mvm/ftm-initiator.o
  CC [M]  drivers/gpu/drm/nouveau/nvkm/core/intr.o
  CC [M]  net/openvswitch/conntrack.o
  CC [M]  drivers/net/wireless/intel/iwlwifi/mld/ptp.o
  CC [M]  drivers/gpu/drm/qxl/qxl_ttm.o
  LD [M]  drivers/net/ethernet/intel/libie/libie.o
  LD [M]  drivers/net/ethernet/intel/libie/libie_adminq.o
  CC [M]  drivers/net/tun.o
  LD [M]  drivers/net/ethernet/intel/libie/libie_fwlog.o
  CC [M]  drivers/net/ethernet/intel/libeth/rx.o
  CC [M]  drivers/gpu/drm/i915/gt/intel_gt_pm_irq.o
  CC [M]  drivers/gpu/drm/amd/amdgpu/nbio_v7_7.o
  CC [M]  drivers/gpu/drm/ast/ast_vga.o
  CC [M]  drivers/gpu/drm/xe/xe_guc_buf.o
  CC      fs/xfs/xfs_dquot_item_recover.o
  CC [M]  drivers/net/wireless/ath/ath11k/dp.o
  CC [M]  drivers/gpu/drm/qxl/qxl_object.o
  CC [M]  drivers/net/wireless/mediatek/mt76/mt76x2/mac.o
  CC [M]  drivers/net/wireless/ath/ath12k/qmi.o
  CC [M]  drivers/gpu/drm/nouveau/nvkm/core/ioctl.o
  CC      drivers/usb/host/xhci.o
  CC [M]  drivers/gpu/drm/i915/gt/intel_gt_requests.o
  LD [M]  drivers/gpu/drm/ast/ast.o
  CC [M]  drivers/gpu/drm/i915/gt/intel_gt_sysfs.o
  CC [M]  drivers/net/wireless/intel/iwlwifi/mld/time_sync.o
  CC [M]  drivers/net/wireless/intel/iwlwifi/mvm/rfi.o
  CC [M]  drivers/net/ethernet/intel/libeth/tx.o
  CC [M]  drivers/gpu/drm/xe/xe_guc_capture.o
  CC [M]  drivers/gpu/drm/qxl/qxl_gem.o
  CC      fs/xfs/xfs_exchmaps_item.o
  CC [M]  drivers/gpu/drm/amd/amdgpu/hdp_v5_2.o
  CC [M]  net/openvswitch/vport-vxlan.o
  CC [M]  drivers/gpu/drm/nouveau/nvkm/core/memory.o
  CC [M]  drivers/net/wireless/mediatek/mt76/mt76x2/init.o
  CC [M]  drivers/net/wireless/ath/ath11k/dp_tx.o
  CC [M]  drivers/gpu/drm/i915/gt/intel_gt_sysfs_pm.o
  CC [M]  drivers/net/wireless/intel/iwlwifi/mvm/mld-key.o
  CC [M]  drivers/net/wireless/ath/ath12k/dp.o
  CC [M]  drivers/gpu/drm/qxl/qxl_cmd.o
  CC [M]  drivers/net/ethernet/intel/libeth/xdp.o
  CC [M]  drivers/net/wireless/intel/iwlwifi/mld/ftm-initiator.o
  CC [M]  drivers/net/wireless/mediatek/mt76/mt7603/pci.o
  CC [M]  drivers/gpu/drm/amd/amdgpu/lsdma_v6_0.o
  CC [M]  drivers/gpu/drm/nouveau/nvkm/core/mm.o
  CC [M]  net/openvswitch/vport-gre.o
  CC [M]  drivers/gpu/drm/nouveau/nvkm/core/object.o
  CC [M]  drivers/gpu/drm/xe/xe_guc_ct.o
  CC [M]  drivers/net/wireless/mediatek/mt76/mt76x2/phy.o
  CC [M]  drivers/gpu/drm/qxl/qxl_image.o
  CC [M]  drivers/gpu/drm/i915/gt/intel_gtt.o
  CC [M]  drivers/net/wireless/intel/iwlwifi/mvm/mld-mac.o
  CC [M]  drivers/gpu/drm/amd/amdgpu/nbio_v7_9.o
  CC      drivers/usb/host/xhci-mem.o
  CC [M]  drivers/net/ethernet/intel/libeth/xsk.o
  CC [M]  drivers/net/wireless/intel/iwlwifi/mld/nan.o
  CC      fs/xfs/xfs_extfree_item.o
  CC [M]  drivers/net/wireless/mediatek/mt76/mt7603/soc.o
  LD [M]  drivers/net/ethernet/intel/libeth/libeth.o
  CC [M]  drivers/net/wireless/ath/ath12k/dp_tx.o
  CC [M]  drivers/net/wireless/ath/ath11k/dp_rx.o
  LD [M]  net/openvswitch/openvswitch.o
  CC [M]  net/nsh/nsh.o
  CC [M]  drivers/net/wireless/mediatek/mt76/mt76x2/mcu.o
  CC [M]  drivers/gpu/drm/nouveau/nvkm/core/oproxy.o
  CC [M]  drivers/gpu/drm/qxl/qxl_draw.o
  CC [M]  drivers/gpu/drm/virtio/virtgpu_drv.o
  CC [M]  drivers/gpu/drm/i915/gt/intel_llc.o
  CC [M]  drivers/gpu/drm/xe/xe_guc_db_mgr.o
  LD [M]  drivers/net/ethernet/intel/libeth/libeth_xdp.o
  CC [M]  drivers/net/ethernet/intel/e1000/e1000_main.o
  CC [M]  drivers/net/wireless/mediatek/mt76/mt7603/main.o
  CC [M]  drivers/gpu/drm/qxl/qxl_debugfs.o
  CC [M]  drivers/gpu/drm/nouveau/nvkm/core/option.o
  CC [M]  drivers/net/wireless/intel/iwlwifi/mvm/link.o
  CC [M]  drivers/net/wireless/intel/iwlwifi/mld/led.o
  CC [M]  net/qrtr/af_qrtr.o
  CC [M]  drivers/gpu/drm/amd/amdgpu/aqua_vanjaram.o
  CC [M]  drivers/net/wireless/ath/ath12k/dp_rx.o
  CC [M]  drivers/net/wireless/mediatek/mt76/mt76x2/pci.o
  CC [M]  drivers/gpu/drm/virtio/virtgpu_kms.o
  CC      drivers/usb/host/xhci-ext-caps.o
  CC [M]  drivers/gpu/drm/i915/gt/intel_lrc.o
  CC [M]  drivers/gpu/drm/qxl/qxl_irq.o
  CC [M]  drivers/gpu/drm/xe/xe_guc_engine_activity.o
  CC [M]  drivers/gpu/drm/nouveau/nvkm/core/ramht.o
  CC      fs/xfs/xfs_attr_item.o
  CC [M]  drivers/net/wireless/intel/iwlwifi/mld/d3.o
  CC [M]  drivers/net/wireless/intel/iwlwifi/mvm/mld-sta.o
  CC      drivers/usb/host/xhci-ring.o
  CC [M]  drivers/net/wireless/mediatek/mt76/mt76x2/pci_main.o
  CC [M]  drivers/gpu/drm/virtio/virtgpu_gem.o
  CC [M]  drivers/net/wireless/mediatek/mt76/mt7603/init.o
  CC [M]  net/qrtr/ns.o
  CC [M]  drivers/gpu/drm/amd/amdgpu/nbio_v7_11.o
  CC [M]  drivers/gpu/drm/qxl/qxl_dumb.o
  CC [M]  drivers/gpu/drm/nouveau/nvkm/core/subdev.o
  CC [M]  drivers/net/wireless/ath/ath12k/dp_htt.o
  CC [M]  drivers/gpu/drm/xe/xe_guc_hwconfig.o
  CC [M]  drivers/gpu/drm/virtio/virtgpu_vram.o
  CC [M]  drivers/gpu/drm/i915/gt/intel_migrate.o
  CC [M]  drivers/gpu/drm/qxl/qxl_ioctl.o
  CC [M]  drivers/net/wireless/mediatek/mt76/mt76x2/pci_init.o
  CC [M]  drivers/net/wireless/ath/ath11k/debug.o
  CC [M]  drivers/net/wireless/intel/iwlwifi/mvm/mld-mac80211.o
  CC [M]  drivers/gpu/drm/nouveau/nvkm/core/uevent.o
  CC [M]  drivers/net/ethernet/intel/e1000/e1000_hw.o
  CC [M]  drivers/gpu/drm/xe/xe_guc_id_mgr.o
  CC [M]  drivers/gpu/drm/amd/amdgpu/lsdma_v7_0.o
  CC [M]  drivers/gpu/drm/virtio/virtgpu_display.o
  CC [M]  net/qrtr/mhi.o
  CC [M]  drivers/net/wireless/mediatek/mt76/mt7603/mcu.o
  LD [M]  drivers/net/wireless/intel/iwlwifi/mld/iwlmld.o
  CC [M]  drivers/net/wireless/mediatek/mt76/mt7603/core.o
  CC [M]  drivers/gpu/drm/qxl/qxl_release.o
  CC      fs/xfs/xfs_icreate_item.o
  CC [M]  drivers/net/wireless/ath/ath12k/dp_peer.o
  CC [M]  drivers/gpu/drm/nouveau/nvkm/nvfw/fw.o
  CC      drivers/usb/host/xhci-hub.o
  CC [M]  drivers/net/wireless/ath/ath11k/ce.o
  CC [M]  drivers/net/wireless/mediatek/mt76/mt76x2/pci_mcu.o
  CC [M]  drivers/gpu/drm/i915/gt/intel_mocs.o
  CC [M]  drivers/gpu/drm/virtio/virtgpu_vq.o
  CC [M]  drivers/gpu/drm/xe/xe_guc_klv_helpers.o
  CC [M]  drivers/gpu/drm/amd/amdgpu/hdp_v7_0.o
  LD [M]  net/qrtr/qrtr.o
  LD [M]  net/qrtr/qrtr-mhi.o
  AR      net/built-in.a
  CC [M]  drivers/gpu/drm/qxl/qxl_prime.o
  CC [M]  drivers/gpu/drm/i915/gt/intel_ppgtt.o
  CC [M]  drivers/net/wireless/intel/iwlwifi/mvm/ptp.o
  CC      fs/xfs/xfs_inode_item.o
  CC [M]  drivers/net/wireless/mediatek/mt76/mt7603/dma.o
  CC [M]  drivers/gpu/drm/xe/xe_guc_log.o
  CC [M]  drivers/gpu/drm/nouveau/nvkm/nvfw/hs.o
  CC [M]  drivers/gpu/drm/nouveau/nvkm/nvfw/ls.o
  CC [M]  drivers/net/wireless/mediatek/mt76/mt76x2/pci_phy.o
  LD [M]  drivers/gpu/drm/qxl/qxl.o
  CC [M]  drivers/gpu/drm/amd/amdgpu/nbif_v6_3_1.o
  CC      fs/xfs/xfs_inode_item_recover.o
  CC [M]  drivers/net/wireless/ath/ath12k/debug.o
  CC [M]  drivers/gpu/drm/virtio/virtgpu_fence.o
  CC [M]  drivers/net/wireless/ath/ath11k/peer.o
  CC      drivers/usb/host/xhci-dbg.o
  CC [M]  drivers/net/ethernet/intel/e1000/e1000_ethtool.o
  AR      drivers/net/ethernet/i825xx/built-in.a
  CC [M]  drivers/gpu/drm/amd/amdgpu/cyan_skillfish_reg_init.o
  CC [M]  drivers/net/wireless/ath/ath11k/dbring.o
  CC [M]  drivers/net/wireless/mediatek/mt76/mt7603/mac.o
  CC [M]  drivers/gpu/drm/i915/gt/intel_rc6.o
  CC [M]  drivers/net/wireless/intel/iwlwifi/mvm/time-sync.o
  CC      drivers/usb/host/xhci-trace.o
  CC [M]  drivers/gpu/drm/xe/xe_guc_pagefault.o
  CC [M]  drivers/gpu/drm/nouveau/nvkm/nvfw/acr.o
  CC [M]  drivers/gpu/drm/virtio/virtgpu_object.o
  CC [M]  drivers/net/wireless/ath/ath12k/ce.o
  CC [M]  drivers/net/wireless/mediatek/mt76/mt76x2/usb.o
  CC [M]  drivers/gpu/drm/nouveau/nvkm/nvfw/flcn.o
  CC [M]  drivers/gpu/drm/amd/amdgpu/soc_v1_0.o
  CC [M]  drivers/gpu/drm/nouveau/nvkm/falcon/base.o
  CC [M]  drivers/net/tap.o
  CC [M]  drivers/net/wireless/intel/iwlwifi/mvm/led.o
  CC [M]  fs/ext4/balloc.o
  CC [M]  drivers/gpu/drm/i915/gt/intel_region_lmem.o
  CC [M]  drivers/gpu/drm/virtio/virtgpu_debugfs.o
  CC [M]  drivers/net/wireless/ath/ath11k/hw.o
  CC [M]  drivers/net/ethernet/intel/e1000/e1000_param.o
  CC [M]  drivers/gpu/drm/xe/xe_guc_pc.o
  CC      fs/xfs/xfs_iunlink_item.o
  CC [M]  drivers/net/wireless/mediatek/mt76/mt76x2/usb_init.o
  CC [M]  drivers/net/ethernet/intel/e1000e/82571.o
  CC [M]  drivers/gpu/drm/virtio/virtgpu_plane.o
  CC [M]  drivers/net/wireless/ath/ath12k/peer.o
  CC [M]  drivers/gpu/drm/nouveau/nvkm/falcon/cmdq.o
  CC [M]  drivers/net/wireless/mediatek/mt76/mt7603/eeprom.o
  CC [M]  drivers/gpu/drm/amd/amdgpu/lsdma_v7_1.o
  CC [M]  drivers/gpu/drm/i915/gt/intel_renderstate.o
  CC      drivers/usb/host/xhci-debugfs.o
  CC [M]  drivers/net/wireless/intel/iwlwifi/mvm/d3.o
  CC [M]  fs/ext4/bitmap.o
  LD [M]  drivers/net/ethernet/intel/e1000/e1000.o
  CC      drivers/usb/host/xhci-pci.o
  CC [M]  drivers/gpu/drm/virtio/virtgpu_ioctl.o
  CC [M]  drivers/gpu/drm/xe/xe_guc_rc.o
  CC [M]  drivers/net/wireless/ath/ath11k/pcic.o
  CC      drivers/input/input.o
  CC [M]  drivers/net/wireless/mediatek/mt76/mt76x2/usb_main.o
  CC [M]  drivers/gpu/drm/nouveau/nvkm/falcon/fw.o
  CC [M]  fs/ext4/block_validity.o
  CC [M]  drivers/net/ethernet/intel/e1000e/ich8lan.o
  CC [M]  drivers/gpu/drm/amd/amdgpu/df_v1_7.o
  CC [M]  drivers/gpu/drm/i915/gt/intel_reset.o
  CC [M]  drivers/gpu/drm/amd/amdgpu/df_v3_6.o
  CC [M]  drivers/net/wireless/mediatek/mt76/mt7603/beacon.o
  CC [M]  drivers/net/wireless/ath/ath12k/dbring.o
  AR      drivers/usb/host/built-in.a
  CC      drivers/usb/storage/uas.o
  CC      fs/xfs/xfs_refcount_item.o
  CC [M]  drivers/gpu/drm/virtio/virtgpu_prime.o
  CC [M]  drivers/gpu/drm/xe/xe_guc_submit.o
  CC [M]  fs/ext4/dir.o
  CC [M]  drivers/net/wireless/mediatek/mt76/mt76x2/usb_mac.o
  CC [M]  drivers/gpu/drm/nouveau/nvkm/falcon/msgq.o
  CC      drivers/usb/storage/scsiglue.o
  CC [M]  drivers/net/wireless/ath/ath11k/fw.o
  CC      drivers/input/input-compat.o
  CC [M]  drivers/gpu/drm/amd/amdgpu/df_v4_3.o
  CC [M]  drivers/gpu/drm/virtio/virtgpu_trace_points.o
  CC [M]  drivers/net/wireless/mediatek/mt76/mt7603/debugfs.o
  LD [M]  drivers/net/wireless/intel/iwlwifi/mvm/iwlmvm.o
  CC [M]  drivers/net/wireless/ath/ath12k/mhi.o
  AR      drivers/net/ethernet/microsoft/built-in.a
  CC [M]  drivers/gpu/drm/amd/amdgpu/df_v4_6_2.o
  CC [M]  drivers/net/wireless/mediatek/mt76/mt7615/main.o
  CC [M]  drivers/gpu/drm/i915/gt/intel_ring.o
  CC [M]  drivers/gpu/drm/nouveau/nvkm/falcon/qmgr.o
  CC [M]  fs/ext4/ext4_jbd2.o
  CC      drivers/usb/storage/protocol.o
  CC      drivers/input/input-mt.o
  CC [M]  drivers/net/wireless/mediatek/mt76/mt76x2/usb_mcu.o
  CC [M]  drivers/net/ethernet/intel/e1000e/80003es2lan.o
  CC [M]  drivers/net/wireless/ath/ath11k/p2p.o
  CC [M]  fs/jbd2/transaction.o
  CC [M]  drivers/gpu/drm/virtio/virtgpu_submit.o
  CC [M]  drivers/gpu/drm/amd/amdgpu/df_v4_15.o
  LD [M]  drivers/net/wireless/mediatek/mt76/mt7603/mt7603e.o
  CC [M]  drivers/net/wireless/ath/ath11k/trace.o
  CC      drivers/usb/storage/transport.o
  CC      fs/xfs/xfs_rmap_item.o
  CC [M]  drivers/net/wireless/ath/ath12k/pci.o
  CC      drivers/input/input-poller.o
  CC [M]  drivers/gpu/drm/nouveau/nvkm/falcon/v1.o
  CC [M]  drivers/gpu/drm/i915/gt/intel_ring_submission.o
  CC [M]  drivers/net/wireless/mediatek/mt76/mt7615/init.o
  CC [M]  fs/ext4/extents.o
  CC [M]  drivers/gpu/drm/xe/xe_guc_tlb_inval.o
  CC [M]  drivers/net/wireless/mediatek/mt76/mt76x2/usb_phy.o
  CC [M]  drivers/net/wireless/ath/ath11k/thermal.o
  LD [M]  drivers/gpu/drm/virtio/virtio-gpu.o
  CC [M]  drivers/net/veth.o
  CC      drivers/input/ff-core.o
  CC [M]  drivers/gpu/drm/amd/amdgpu/gmc_v7_0.o
  CC [M]  drivers/net/ethernet/intel/e1000e/mac.o
  CC      drivers/usb/storage/usb.o
  CC [M]  drivers/gpu/drm/nouveau/nvkm/falcon/gm200.o
  CC [M]  fs/jbd2/commit.o
  CC      drivers/input/touchscreen.o
  CC [M]  drivers/gpu/drm/xe/xe_heci_gsc.o
  CC [M]  drivers/net/wireless/ath/ath11k/wow.o
  CC [M]  drivers/net/wireless/ath/ath12k/dp_mon.o
  CC [M]  drivers/gpu/drm/i915/gt/intel_rps.o
  LD [M]  drivers/net/wireless/mediatek/mt76/mt76x2/mt76x2-common.o
  LD [M]  drivers/net/wireless/mediatek/mt76/mt76x2/mt76x2e.o
  LD [M]  drivers/net/wireless/mediatek/mt76/mt76x2/mt76x2u.o
  CC [M]  drivers/gpu/drm/amd/amdgpu/gmc_v8_0.o
  CC [M]  drivers/net/wireless/mediatek/mt76/mt7615/mcu.o
  AR      drivers/net/ethernet/litex/built-in.a
  CC [M]  drivers/net/wireless/mediatek/mt76/mt7615/eeprom.o
  CC      drivers/usb/storage/initializers.o
  CC      drivers/input/touch-overlay.o
  CC      fs/xfs/xfs_log_recover.o
  CC [M]  drivers/net/ethernet/intel/e1000e/manage.o
  CC [M]  drivers/gpu/drm/nouveau/nvkm/falcon/gp102.o
  AR      drivers/usb/misc/built-in.a
  CC      drivers/usb/storage/sierra_ms.o
  CC [M]  fs/jbd2/recovery.o
  CC      fs/xfs/xfs_trans_ail.o
  CC [M]  drivers/gpu/drm/xe/xe_huc.o
  CC [M]  fs/ext4/extents_status.o
  CC      drivers/input/ff-memless.o
  CC [M]  drivers/gpu/drm/nouveau/nvkm/falcon/tu102.o
  CC      drivers/usb/storage/option_ms.o
  CC [M]  drivers/net/wireless/ath/ath11k/coredump.o
  CC      drivers/rtc/lib.o
  CC [M]  drivers/gpu/drm/amd/amdgpu/gfxhub_v1_0.o
  CC [M]  drivers/net/wireless/ath/ath12k/fw.o
  CC [M]  fs/jbd2/checkpoint.o
  CC [M]  drivers/net/ethernet/intel/e1000e/nvm.o
  CC      drivers/input/vivaldi-fmap.o
  CC [M]  drivers/gpu/drm/xe/xe_hw_engine.o
  CC [M]  drivers/gpu/drm/xe/xe_hw_engine_class_sysfs.o
  CC [M]  drivers/gpu/drm/i915/gt/intel_sa_media.o
  CC      drivers/usb/storage/usual-tables.o
  CC      drivers/rtc/class.o
  CC [M]  drivers/gpu/drm/nouveau/nvkm/falcon/ga100.o
  CC      drivers/input/mousedev.o
  CC [M]  drivers/net/wireless/ath/ath11k/ahb.o
  CC [M]  fs/jbd2/revoke.o
  CC [M]  drivers/net/wireless/mediatek/mt76/mt7615/mac.o
  CC [M]  fs/ext4/file.o
  CC [M]  drivers/net/wireless/ath/ath12k/p2p.o
  AR      drivers/usb/storage/built-in.a
  CC [M]  drivers/gpu/drm/amd/amdgpu/mmhub_v1_0.o
  CC [M]  drivers/usb/class/cdc-acm.o
  CC      drivers/rtc/interface.o
  CC [M]  drivers/net/ethernet/intel/e1000e/phy.o
  CC [M]  drivers/gpu/drm/i915/gt/intel_sseu.o
  CC [M]  drivers/gpu/drm/nouveau/nvkm/falcon/ga102.o
  CC [M]  fs/exfat/inode.o
  CC      drivers/input/evdev.o
  CC      fs/xfs/xfs_trans_buf.o
  CC [M]  drivers/gpu/drm/xe/xe_hw_engine_group.o
  AR      drivers/net/wireless/realtek/built-in.a
  CC [M]  drivers/net/wireless/realtek/rtl818x/rtl8180/dev.o
  CC [M]  fs/jbd2/journal.o
  CC [M]  fs/ext4/fsmap.o
  CC [M]  drivers/net/wireless/ath/ath11k/mhi.o
  CC [M]  drivers/net/wireless/ath/ath12k/ahb.o
  CC [M]  drivers/gpu/drm/nouveau/nvkm/subdev/acr/base.o
  CC [M]  fs/exfat/namei.o
  CC [M]  drivers/usb/class/usblp.o
  CC [M]  drivers/gpu/drm/amd/amdgpu/gmc_v9_0.o
  CC      drivers/input/keyboard/atkbd.o
  CC [M]  drivers/gpu/drm/xe/xe_hw_error.o
  CC      drivers/rtc/nvmem.o
  CC [M]  drivers/gpu/drm/i915/gt/intel_sseu_debugfs.o
  CC [M]  drivers/net/ethernet/intel/e1000e/param.o
  CC [M]  drivers/gpu/drm/nouveau/nvkm/subdev/acr/lsfw.o
  CC [M]  drivers/net/wireless/ath/ath11k/pci.o
  CC      drivers/rtc/dev.o
  CC [M]  drivers/net/wireless/realtek/rtl818x/rtl8180/rtl8225.o
  CC [M]  fs/ext4/fsync.o
  CC [M]  drivers/usb/serial/usb-serial.o
  CC [M]  fs/exfat/dir.o
  CC [M]  drivers/net/wireless/mediatek/mt76/mt7615/debugfs.o
  CC [M]  drivers/net/wireless/ath/ath12k/acpi.o
  CC [M]  drivers/gpu/drm/xe/xe_hw_fence.o
  AR      drivers/input/keyboard/built-in.a
  CC      drivers/input/mouse/psmouse-base.o
  CC [M]  drivers/gpu/drm/i915/gt/intel_timeline.o
  CC      fs/xfs/xfs_acl.o
  CC      drivers/rtc/proc.o
  CC [M]  drivers/gpu/drm/nouveau/nvkm/subdev/acr/gm200.o
  CC [M]  drivers/net/ethernet/intel/e1000e/ethtool.o
  CC [M]  fs/ext4/hash.o
  CC [M]  drivers/gpu/drm/amd/amdgpu/gfxhub_v1_1.o
  CC [M]  drivers/net/wireless/realtek/rtl818x/rtl8180/sa2400.o
  CC [M]  drivers/usb/serial/generic.o
  LD [M]  fs/jbd2/jbd2.o
  CC      drivers/i2c/i2c-boardinfo.o
  CC      drivers/rtc/sysfs.o
  CC [M]  drivers/net/wireless/ath/ath12k/trace.o
  CC [M]  fs/exfat/super.o
  LD [M]  drivers/net/wireless/ath/ath11k/ath11k.o
  LD [M]  drivers/net/wireless/ath/ath11k/ath11k_ahb.o
  LD [M]  drivers/net/wireless/ath/ath11k/ath11k_pci.o
  CC [M]  drivers/net/wireless/realtek/rtl818x/rtl8187/dev.o
  CC [M]  drivers/gpu/drm/xe/xe_irq.o
  CC      drivers/input/mouse/synaptics.o
  CC [M]  drivers/net/wireless/mediatek/mt76/mt7615/trace.o
  CC [M]  drivers/gpu/drm/i915/gt/intel_tlb.o
  CC [M]  drivers/gpu/drm/nouveau/nvkm/subdev/acr/gm20b.o
  CC [M]  fs/ext4/ialloc.o
  CC [M]  drivers/usb/serial/bus.o
  CC      drivers/rtc/rtc-mc146818-lib.o
  AR      drivers/i2c/algos/built-in.a
  CC [M]  drivers/i2c/algos/i2c-algo-bit.o
  CC [M]  drivers/gpu/drm/amd/amdgpu/mmhub_v9_4.o
  CC [M]  drivers/net/wireless/realtek/rtl818x/rtl8180/max2820.o
  CC [M]  fs/exfat/fatent.o
  CC [M]  drivers/net/ethernet/intel/e1000e/netdev.o
  CC [M]  drivers/gpu/drm/nouveau/nvkm/subdev/acr/gp102.o
  CC      fs/xfs/xfs_sysctl.o
  CC [M]  drivers/usb/serial/ch341.o
  CC      drivers/rtc/rtc-cmos.o
  CC [M]  drivers/net/wireless/mediatek/mt76/mt7615/pci.o
  CC [M]  drivers/net/wireless/ath/ath12k/wow.o
  CC [M]  drivers/gpu/drm/i915/gt/intel_wopcm.o
  CC      drivers/input/mouse/focaltech.o
  CC [M]  drivers/gpu/drm/xe/xe_late_bind_fw.o
  CC [M]  drivers/net/wireless/realtek/rtl818x/rtl8187/rtl8225.o
  AR      drivers/i2c/busses/built-in.a
  CC [M]  drivers/i2c/busses/i2c-i801.o
  CC [M]  fs/exfat/cache.o
  CC [M]  drivers/net/wireless/realtek/rtl818x/rtl8180/grf5101.o
  CC      fs/xfs/xfs_ioctl32.o
  CC [M]  drivers/usb/serial/cp210x.o
  CC [M]  drivers/gpu/drm/nouveau/nvkm/subdev/acr/gp108.o
  CC [M]  fs/ext4/indirect.o
  CC      drivers/input/mouse/alps.o
  AR      drivers/rtc/built-in.a
  CC [M]  drivers/net/wireless/ath/ath12k/thermal.o
  CC [M]  drivers/gpu/drm/amd/amdgpu/gfxhub_v2_0.o
  CC [M]  drivers/gpu/drm/xe/xe_lrc.o
  CC [M]  drivers/gpu/drm/i915/gt/intel_workarounds.o
  CC [M]  drivers/net/wireless/mediatek/mt76/mt7615/pci_init.o
  CC [M]  fs/exfat/nls.o
  CC [M]  drivers/i2c/busses/i2c-piix4.o
  CC [M]  drivers/net/wireless/realtek/rtl818x/rtl8187/leds.o
  CC [M]  fs/exfat/misc.o
  CC [M]  drivers/gpu/drm/nouveau/nvkm/subdev/acr/gv100.o
  CC [M]  drivers/net/wireless/realtek/rtl818x/rtl8180/rtl8225se.o
  CC [M]  drivers/usb/serial/ftdi_sio.o
  CC [M]  drivers/net/wireless/ath/ath12k/wifi7/core.o
  CC      drivers/input/mouse/byd.o
  CC [M]  drivers/net/wireless/mediatek/mt76/mt7615/dma.o
  CC [M]  fs/exfat/file.o
  CC [M]  fs/ext4/inline.o
  CC [M]  drivers/gpu/drm/amd/amdgpu/mmhub_v2_0.o
  CC [M]  drivers/gpu/drm/nouveau/nvkm/subdev/acr/gp10b.o
  CC [M]  drivers/net/wireless/realtek/rtl818x/rtl8187/rfkill.o
  CC [M]  drivers/net/ethernet/intel/igb/igb_main.o
  AR      drivers/i2c/muxes/built-in.a
  CC      fs/xfs/xfs_pnfs.o
  CC [M]  drivers/i2c/i2c-core-base.o
  LD [M]  drivers/net/wireless/realtek/rtl818x/rtl8180/rtl818x_pci.o
  CC [M]  drivers/net/ethernet/intel/e1000e/ptp.o
  CC [M]  drivers/usb/serial/option.o
  CC      drivers/input/mouse/logips2pp.o
  CC [M]  drivers/gpu/drm/i915/gt/shmem_utils.o
  CC [M]  drivers/net/wireless/ath/ath12k/wifi7/pci.o
  CC [M]  drivers/gpu/drm/nouveau/nvkm/subdev/acr/tu102.o
  CC [M]  fs/exfat/balloc.o
  CC [M]  drivers/net/wireless/mediatek/mt76/mt7615/pci_mac.o
  CC [M]  drivers/net/wireless/mediatek/mt76/mt7915/pci.o
  CC [M]  drivers/usb/serial/pl2303.o
  CC      drivers/input/mouse/lifebook.o
  LD [M]  drivers/net/wireless/realtek/rtl818x/rtl8187/rtl8187.o
  CC      fs/xfs/xfs_drain.o
  CC [M]  drivers/net/wireless/realtek/rtlwifi/base.o
  CC [M]  drivers/gpu/drm/amd/amdgpu/gmc_v10_0.o
  CC [M]  fs/ext4/inode.o
  CC [M]  drivers/gpu/drm/i915/gt/sysfs_engines.o
  CC      drivers/input/mouse/trackpoint.o
  LD [M]  drivers/net/ethernet/intel/e1000e/e1000e.o
  CC [M]  drivers/net/virtio_net.o
  CC [M]  drivers/gpu/drm/nouveau/nvkm/subdev/acr/ga100.o
  CC [M]  drivers/net/wireless/ath/ath12k/wifi7/wmi.o
  CC [M]  drivers/i2c/i2c-core-smbus.o
  CC [M]  drivers/usb/serial/usb-serial-simple.o
  LD [M]  fs/exfat/exfat.o
  CC [M]  fs/ext4/ioctl.o
  CC [M]  drivers/net/wireless/mediatek/mt76/mt7915/init.o
  CC [M]  drivers/net/wireless/mediatek/mt76/mt7615/mmio.o
  CC      drivers/input/mouse/cypress_ps2.o
  CC [M]  drivers/gpu/drm/nouveau/nvkm/subdev/acr/ga102.o
  CC [M]  drivers/usb/serial/usb_wwan.o
  CC [M]  drivers/gpu/drm/amd/amdgpu/gfxhub_v2_1.o
  CC [M]  drivers/gpu/drm/i915/gt/intel_ggtt_gmch.o
  CC [M]  drivers/net/wireless/ath/ath12k/wifi7/mhi.o
  CC      fs/xfs/xfs_hooks.o
  CC [M]  drivers/net/wireless/realtek/rtlwifi/cam.o
  CC [M]  drivers/gpu/drm/xe/xe_mem_pool.o
  CC [M]  drivers/net/wireless/mediatek/mt76/mt7615/usb_sdio.o
  CC [M]  drivers/i2c/i2c-core-acpi.o
  CC      drivers/input/mouse/synaptics_usb.o
  CC [M]  drivers/gpu/drm/nouveau/nvkm/subdev/bar/base.o
  CC [M]  drivers/usb/serial/xr_serial.o
  CC [M]  drivers/net/wireless/ath/ath12k/wifi7/ce.o
  CC [M]  drivers/net/wireless/mediatek/mt76/mt7915/dma.o
  CC [M]  drivers/gpu/drm/i915/gt/gen6_renderstate.o
  AR      drivers/input/mouse/built-in.a
  CC [M]  drivers/gpu/drm/xe/xe_migrate.o
  AR      drivers/input/joystick/built-in.a
  CC [M]  drivers/input/joystick/xpad.o
  AR      drivers/net/ethernet/marvell/octeon_ep/built-in.a
  AR      drivers/net/ethernet/marvell/octeon_ep_vf/built-in.a
  AR      drivers/net/ethernet/marvell/octeontx2/built-in.a
  CC [M]  drivers/net/wireless/realtek/rtlwifi/core.o
  CC [M]  drivers/gpu/drm/i915/gt/gen7_renderstate.o
  AR      drivers/net/ethernet/marvell/prestera/built-in.a
  CC [M]  drivers/net/ethernet/marvell/skge.o
  CC [M]  drivers/i2c/i2c-smbus.o
  CC [M]  drivers/gpu/drm/nouveau/nvkm/subdev/bar/nv50.o
  CC [M]  drivers/gpu/drm/amd/amdgpu/mmhub_v2_3.o
  LD [M]  drivers/usb/serial/usbserial.o
  CC [M]  drivers/usb/usbip/usbip_common.o
  CC [M]  drivers/gpu/drm/i915/gt/gen8_renderstate.o
  CC [M]  drivers/net/wireless/mediatek/mt76/mt7615/usb.o
  CC [M]  drivers/net/wireless/ath/ath12k/wifi7/hw.o
  CC [M]  drivers/net/ethernet/intel/igb/igb_ethtool.o
  CC [M]  drivers/gpu/drm/i915/gt/gen9_renderstate.o
  CC [M]  drivers/i2c/i2c-dev.o
  CC      fs/xfs/xfs_buf_mem.o
  CC [M]  drivers/net/wireless/mediatek/mt76/mt7915/eeprom.o
  CC [M]  fs/ext4/mballoc.o
  CC      drivers/input/misc/pcspkr.o
  CC [M]  drivers/gpu/drm/nouveau/nvkm/subdev/bar/g84.o
  AR      drivers/net/wireless/rsi/built-in.a
  CC [M]  drivers/gpu/drm/i915/gem/i915_gem_busy.o
  LD [M]  drivers/net/wireless/ath/ath12k/ath12k.o
  CC [M]  drivers/net/wireless/mediatek/mt76/mt7921/mac.o
  CC [M]  drivers/usb/usbip/usbip_event.o
  CC [M]  drivers/net/wireless/mediatek/mt76/mt7615/usb_mcu.o
  CC [M]  drivers/net/wireless/realtek/rtlwifi/debug.o
  CC [M]  drivers/gpu/drm/amd/amdgpu/mmhub_v1_7.o
  CC [M]  drivers/input/misc/uinput.o
  CC [M]  drivers/net/wireless/ath/ath12k/wifi7/hal_tx.o
  CC [M]  drivers/gpu/drm/nouveau/nvkm/subdev/bar/gf100.o
  CC [M]  drivers/i2c/i2c-mux.o
  CC [M]  drivers/net/ethernet/marvell/sky2.o
  CC [M]  drivers/gpu/drm/i915/gem/i915_gem_clflush.o
  CC [M]  drivers/gpu/drm/xe/xe_mmio.o
  CC [M]  drivers/usb/usbip/vhci_sysfs.o
  CC [M]  drivers/net/wireless/mediatek/mt76/mt7915/main.o
  CC [M]  drivers/net/wireless/realtek/rtlwifi/efuse.o
  CC [M]  drivers/net/wireless/mediatek/mt76/mt7615/sdio.o
  AR      drivers/input/misc/built-in.a
  CC [M]  drivers/input/input-leds.o
  AR      drivers/i2c/built-in.a
  LD [M]  drivers/i2c/i2c-core.o
  CC [M]  drivers/gpu/drm/nouveau/nvkm/subdev/bar/gk20a.o
  CC [M]  drivers/input/joydev.o
  CC [M]  drivers/net/wireless/mediatek/mt76/mt7921/mcu.o
  CC [M]  drivers/gpu/drm/amd/amdgpu/gfxhub_v3_0.o
  CC      fs/xfs/libxfs/xfs_btree_mem.o
  CC [M]  drivers/net/wireless/ath/ath12k/wifi7/hal_rx.o
  CC [M]  drivers/net/ethernet/intel/igb/e1000_82575.o
  CC [M]  drivers/usb/usbip/vhci_tx.o
  CC [M]  drivers/gpu/drm/nouveau/nvkm/subdev/bar/gm107.o
  CC [M]  drivers/gpu/drm/i915/gem/i915_gem_context.o
  CC [M]  drivers/gpu/drm/xe/xe_mmio_gem.o
  CC [M]  drivers/net/wireless/ath/ath12k/wifi7/dp_rx.o
  CC [M]  drivers/net/wireless/realtek/rtlwifi/ps.o
  AR      drivers/input/built-in.a
  CC [M]  drivers/net/ethernet/intel/igc/igc_main.o
  CC [M]  drivers/usb/usbip/vhci_rx.o
  CC [M]  drivers/net/wireless/mediatek/mt76/mt7615/sdio_mcu.o
  CC [M]  drivers/net/wireless/mediatek/mt76/mt7915/mcu.o
  CC [M]  drivers/gpu/drm/nouveau/nvkm/subdev/bar/gm20b.o
  CC [M]  drivers/gpu/drm/amd/amdgpu/mmhub_v3_0.o
  CC [M]  drivers/gpu/drm/xe/xe_mocs.o
  CC [M]  drivers/usb/usbip/vhci_hcd.o
  LD [M]  drivers/net/wireless/mediatek/mt76/mt7615/mt7615-common.o
  CC [M]  fs/ext4/migrate.o
  AR      drivers/net/wireless/silabs/built-in.a
  CC [M]  drivers/net/wireless/mediatek/mt76/mt7921/main.o
  AR      drivers/net/ethernet/mellanox/built-in.a
  CC [M]  drivers/net/ethernet/mellanox/mlx4/alloc.o
  AR      drivers/net/ethernet/marvell/built-in.a
  CC [M]  drivers/net/wireless/realtek/rtlwifi/rc.o
  CC [M]  drivers/net/wireless/mediatek/mt76/mt7915/mac.o
  LD [M]  drivers/net/wireless/mediatek/mt76/mt7615/mt7615e.o
  LD [M]  drivers/net/wireless/mediatek/mt76/mt7615/mt7663-usb-sdio-common.o
  LD [M]  drivers/net/wireless/mediatek/mt76/mt7615/mt7663u.o
  LD [M]  drivers/net/wireless/mediatek/mt76/mt7615/mt7663s.o
  CC      fs/xfs/scrub/trace.o
  CC [M]  drivers/usb/usbip/stub_dev.o
  CC [M]  drivers/net/ethernet/intel/igb/e1000_mac.o
  CC [M]  drivers/gpu/drm/nouveau/nvkm/subdev/bar/tu102.o
  CC [M]  drivers/gpu/drm/i915/gem/i915_gem_create.o
  CC [M]  drivers/net/wireless/ath/ath12k/wifi7/dp_tx.o
  AR      drivers/gpu/drm/built-in.a
  CC [M]  fs/ext4/mmp.o
  CC      fs/xfs/scrub/agb_bitmap.o
  CC [M]  drivers/gpu/drm/amd/amdgpu/mmhub_v3_0_2.o
  CC [M]  drivers/net/ethernet/mellanox/mlx4/catas.o
  CC [M]  drivers/usb/usbip/stub_main.o
  CC [M]  drivers/gpu/drm/nouveau/nvkm/subdev/bios/base.o
  CC [M]  drivers/net/wireless/realtek/rtlwifi/regd.o
  CC [M]  drivers/gpu/drm/xe/xe_module.o
  CC [M]  drivers/net/wireless/mediatek/mt76/mt7921/init.o
  CC [M]  drivers/net/ethernet/intel/igbvf/vf.o
  CC [M]  fs/ext4/move_extent.o
  CC [M]  drivers/gpu/drm/i915/gem/i915_gem_dmabuf.o
  CC [M]  drivers/net/ethernet/intel/igb/e1000_nvm.o
  CC [M]  drivers/usb/usbip/stub_rx.o
  CC [M]  drivers/gpu/drm/nouveau/nvkm/subdev/bios/bit.o
  CC [M]  drivers/net/ethernet/mellanox/mlx4/cmd.o
  CC [M]  drivers/net/wireless/ath/ath12k/wifi7/dp.o
  CC [M]  drivers/gpu/drm/amd/amdgpu/gmc_v11_0.o
  CC [M]  drivers/gpu/drm/xe/xe_nvm.o
  CC [M]  drivers/net/wireless/realtek/rtlwifi/stats.o
  CC [M]  fs/hfsplus/super.o
  CC [M]  drivers/net/ethernet/intel/igbvf/mbx.o
  CC [M]  drivers/gpu/drm/nouveau/nvkm/subdev/bios/boost.o
  CC [M]  drivers/net/ethernet/intel/igb/e1000_phy.o
  CC [M]  drivers/gpu/drm/i915/gem/i915_gem_domain.o
  CC [M]  drivers/net/wireless/mediatek/mt76/mt7915/debugfs.o
  CC [M]  drivers/net/ethernet/intel/igc/igc_mac.o
  CC [M]  drivers/net/wireless/mediatek/mt76/mt7921/debugfs.o
  CC [M]  drivers/usb/usbip/stub_tx.o
  CC [M]  fs/ext4/namei.o
  CC [M]  drivers/gpu/drm/xe/xe_oa.o
  CC [M]  drivers/net/ethernet/intel/igbvf/ethtool.o
  CC [M]  drivers/net/wireless/ath/ath12k/wifi7/dp_mon.o
  CC [M]  drivers/net/wireless/realtek/rtlwifi/pci.o
  CC [M]  fs/hfsplus/options.o
  CC [M]  drivers/gpu/drm/nouveau/nvkm/subdev/bios/conn.o
  LD [M]  drivers/usb/usbip/usbip-core.o
  LD [M]  drivers/usb/usbip/vhci-hcd.o
  CC [M]  drivers/gpu/drm/amd/amdgpu/mmhub_v3_0_1.o
  LD [M]  drivers/usb/usbip/usbip-host.o
  AR      drivers/usb/built-in.a
  CC [M]  fs/ext4/page-io.o
  CC [M]  drivers/net/ethernet/intel/igc/igc_i225.o
  CC [M]  drivers/gpu/drm/i915/gem/i915_gem_execbuffer.o
  CC [M]  drivers/net/wireless/mediatek/mt76/mt7921/pci.o
  CC [M]  drivers/net/ethernet/intel/igb/e1000_mbx.o
  CC [M]  fs/hfsplus/inode.o
  CC [M]  drivers/net/ethernet/intel/igbvf/netdev.o
  CC [M]  drivers/net/ethernet/mellanox/mlx4/cq.o
  CC [M]  drivers/gpu/drm/nouveau/nvkm/subdev/bios/cstep.o
  CC [M]  drivers/net/wireless/mediatek/mt76/mt7915/mmio.o
  CC [M]  drivers/net/ethernet/intel/igc/igc_base.o
  CC [M]  fs/nfs/client.o
  CC [M]  drivers/gpu/drm/xe/xe_observation.o
  CC [M]  drivers/net/wireless/realtek/rtlwifi/usb.o
  CC [M]  drivers/net/ethernet/intel/igb/e1000_i210.o
  CC [M]  drivers/gpu/drm/amd/amdgpu/gfxhub_v3_0_3.o
  CC [M]  drivers/net/wireless/ath/ath12k/wifi7/hal.o
  CC [M]  drivers/gpu/drm/nouveau/nvkm/subdev/bios/dcb.o
  CC [M]  fs/hfsplus/ioctl.o
  CC [M]  drivers/net/wireless/mediatek/mt76/mt7921/pci_mac.o
  CC [M]  fs/ext4/readpage.o
  CC [M]  drivers/net/ethernet/mellanox/mlx4/eq.o
  CC [M]  drivers/net/wireless/mediatek/mt76/mt7915/coredump.o
  CC [M]  drivers/gpu/drm/xe/xe_pagefault.o
  CC [M]  fs/hfsplus/extents.o
  CC [M]  drivers/net/ethernet/intel/igc/igc_nvm.o
  LD [M]  drivers/net/ethernet/intel/igbvf/igbvf.o
  CC [M]  drivers/net/ethernet/intel/igb/igb_ptp.o
  AR      drivers/net/wireless/st/built-in.a
  CC [M]  drivers/gpu/drm/nouveau/nvkm/subdev/bios/disp.o
  CC [M]  drivers/gpu/drm/i915/gem/i915_gem_internal.o
  CC [M]  drivers/net/ethernet/mellanox/mlx5/core/main.o
  CC [M]  drivers/net/wireless/realtek/rtlwifi/rtl8192c/main.o
  CC [M]  drivers/gpu/drm/amd/amdgpu/gfxhub_v1_2.o
  CC [M]  drivers/net/wireless/ath/ath12k/wifi7/hal_qcn9274.o
  CC [M]  drivers/net/wireless/mediatek/mt76/mt7921/pci_mcu.o
  CC [M]  fs/ext4/resize.o
  CC [M]  fs/nfs/dir.o
  CC [M]  drivers/net/ethernet/intel/igc/igc_phy.o
  CC [M]  fs/hfsplus/catalog.o
  CC [M]  drivers/gpu/drm/nouveau/nvkm/subdev/bios/dp.o
  CC [M]  drivers/net/ethernet/mellanox/mlx4/fw.o
  CC [M]  drivers/gpu/drm/xe/xe_page_reclaim.o
  LD [M]  drivers/net/wireless/mediatek/mt76/mt7915/mt7915e.o
  CC [M]  drivers/net/ethernet/mellanox/mlxsw/core.o
  CC [M]  drivers/gpu/drm/i915/gem/i915_gem_lmem.o
  CC [M]  drivers/net/wireless/realtek/rtlwifi/rtl8192c/dm_common.o
  CC      fs/xfs/scrub/agheader.o
  CC [M]  drivers/net/wireless/ath/ath12k/wifi7/hal_wcn7850.o
  CC [M]  drivers/net/wireless/mediatek/mt76/mt7921/sdio.o
  CC [M]  drivers/net/ethernet/intel/igb/igb_hwmon.o
  CC [M]  drivers/net/ethernet/intel/igc/igc_diag.o
  CC [M]  drivers/gpu/drm/nouveau/nvkm/subdev/bios/extdev.o
  CC [M]  fs/hfsplus/dir.o
  CC [M]  drivers/gpu/drm/xe/xe_pat.o
  CC [M]  drivers/gpu/drm/i915/gem/i915_gem_mman.o
  CC [M]  fs/ext4/super.o
  CC [M]  drivers/net/ethernet/mellanox/mlx5/core/cmd.o
  CC [M]  drivers/gpu/drm/amd/amdgpu/mmhub_v1_8.o
  CC      fs/xfs/scrub/alloc.o
  CC [M]  drivers/gpu/drm/nouveau/nvkm/subdev/bios/fan.o
  CC [M]  drivers/net/wireless/realtek/rtlwifi/rtl8192c/fw_common.o
  CC [M]  drivers/net/ethernet/intel/igb/igb_xsk.o
  CC [M]  drivers/net/ethernet/mellanox/mlx4/fw_qos.o
  CC [M]  drivers/net/ethernet/intel/igc/igc_ethtool.o
  CC [M]  drivers/net/wireless/ath/ath12k/wifi7/hal_qcc2072.o
  CC [M]  drivers/net/wireless/mediatek/mt76/mt7921/sdio_mac.o
  CC [M]  fs/hfsplus/btree.o
  CC [M]  fs/nfs/file.o
  CC [M]  drivers/net/ethernet/mellanox/mlxsw/core_acl_flex_keys.o
  CC [M]  drivers/gpu/drm/nouveau/nvkm/subdev/bios/gpio.o
  CC [M]  drivers/gpu/drm/i915/gem/i915_gem_object.o
  CC      fs/xfs/scrub/attr.o
  CC [M]  drivers/gpu/drm/amd/amdgpu/mmhub_v3_3.o
  CC [M]  drivers/net/ethernet/mellanox/mlxsw/core_acl_flex_actions.o
  CC [M]  drivers/net/ethernet/mellanox/mlx4/icm.o
  CC [M]  fs/hfsplus/bnode.o
  CC [M]  drivers/net/wireless/realtek/rtlwifi/rtl8192c/phy_common.o
  CC [M]  drivers/net/wireless/ath/ath12k/wifi7/ahb.o
  LD [M]  drivers/net/ethernet/intel/igb/igb.o
  CC [M]  drivers/net/ethernet/mellanox/mlxfw/mlxfw_fsm.o
  CC [M]  drivers/net/wireless/mediatek/mt76/mt7921/sdio_mcu.o
  CC [M]  drivers/gpu/drm/nouveau/nvkm/subdev/bios/i2c.o
  CC [M]  drivers/gpu/drm/xe/xe_pci.o
  CC [M]  drivers/net/ethernet/mellanox/mlx5/core/debugfs.o
  CC      fs/xfs/scrub/bitmap.o
  CC [M]  drivers/net/ethernet/intel/igc/igc_ptp.o
  CC [M]  drivers/gpu/drm/i915/gem/i915_gem_object_frontbuffer.o
  CC [M]  fs/nfs/getroot.o
  CC [M]  drivers/net/ethernet/mellanox/mlx4/intf.o
  CC [M]  fs/hfsplus/brec.o
  LD [M]  drivers/net/wireless/ath/ath12k/wifi7/ath12k_wifi7.o
  CC [M]  drivers/gpu/drm/amd/amdgpu/gfxhub_v11_5_0.o
  CC [M]  drivers/gpu/drm/nouveau/nvkm/subdev/bios/iccsense.o
  AR      drivers/i3c/built-in.a
  CC [M]  drivers/net/ethernet/mellanox/mlxfw/mlxfw_mfa2_tlv_multi.o
  AR      drivers/media/i2c/built-in.a
  CC [M]  drivers/media/i2c/ir-kbd-i2c.o
  LD [M]  drivers/net/wireless/realtek/rtlwifi/rtl8192c/rtl8192c-common.o
  CC [M]  drivers/net/wireless/realtek/rtlwifi/rtl8192ce/dm.o
  CC [M]  drivers/net/wireless/mediatek/mt76/mt7921/usb.o
  CC      fs/xfs/scrub/bmap.o
  CC [M]  drivers/gpu/drm/xe/xe_pci_rebar.o
  CC [M]  drivers/net/ethernet/mellanox/mlxsw/core_env.o
  CC [M]  drivers/net/ethernet/mellanox/mlxfw/mlxfw_mfa2.o
  CC [M]  drivers/gpu/drm/i915/gem/i915_gem_pages.o
  CC [M]  drivers/net/ethernet/mellanox/mlx5/core/fw.o
  CC [M]  drivers/gpu/drm/nouveau/nvkm/subdev/bios/image.o
  CC [M]  fs/hfsplus/bfind.o
  CC [M]  fs/nfs/inode.o
  CC [M]  drivers/net/ethernet/intel/igc/igc_dump.o
  CC [M]  drivers/net/ethernet/mellanox/mlx4/main.o
  CC [M]  drivers/gpu/drm/xe/xe_pcode.o
  CC [M]  drivers/gpu/drm/amd/amdgpu/mmhub_v4_1_0.o
  AR      drivers/media/tuners/built-in.a
  CC [M]  drivers/net/wireless/realtek/rtlwifi/rtl8192ce/hw.o
  CC [M]  drivers/media/tuners/mc44s803.o
  LD [M]  drivers/net/ethernet/mellanox/mlxfw/mlxfw.o
  LD [M]  drivers/gpu/drm/drm.o
  LD [M]  drivers/net/wireless/mediatek/mt76/mt7921/mt7921-common.o
  LD [M]  drivers/net/wireless/mediatek/mt76/mt7921/mt7921e.o
  LD [M]  drivers/net/wireless/mediatek/mt76/mt7921/mt7921s.o
  LD [M]  drivers/net/wireless/mediatek/mt76/mt7921/mt7921u.o
  CC [M]  drivers/gpu/drm/nouveau/nvkm/subdev/bios/init.o
  CC      fs/xfs/scrub/btree.o
  CC [M]  drivers/net/wireless/mediatek/mt76/mt7996/pci.o
  CC [M]  fs/hfsplus/tables.o
  CC [M]  drivers/net/wireless/mediatek/mt76/mt7996/init.o
  CC [M]  drivers/net/ethernet/mellanox/mlxsw/core_linecards.o
  CC [M]  drivers/gpu/drm/i915/gem/i915_gem_phys.o
  CC [M]  drivers/gpu/drm/xe/xe_pm.o
  CC [M]  drivers/net/ethernet/mellanox/mlx5/core/eq.o
  CC [M]  drivers/media/tuners/mt20xx.o
  CC [M]  drivers/net/ethernet/intel/igc/igc_tsn.o
  CC [M]  drivers/gpu/drm/amd/amdgpu/gfxhub_v12_0.o
  CC [M]  fs/hfsplus/unicode.o
  CC [M]  drivers/net/wireless/mediatek/mt76/mt7925/mac.o
  CC [M]  drivers/net/wireless/realtek/rtlwifi/rtl8192ce/led.o
  CC      fs/xfs/scrub/common.o
  CC [M]  fs/nfs/super.o
  CC [M]  drivers/gpu/drm/i915/gem/i915_gem_pm.o
  CC [M]  drivers/media/tuners/tuner-simple.o
  CC [M]  drivers/gpu/drm/xe/xe_preempt_fence.o
  CC [M]  drivers/net/wireless/mediatek/mt76/mt7996/dma.o
  CC [M]  drivers/net/ethernet/intel/igc/igc_xdp.o
  CC [M]  drivers/gpu/drm/nouveau/nvkm/subdev/bios/mxm.o
  CC [M]  drivers/net/ethernet/mellanox/mlx4/mcg.o
  CC [M]  fs/hfsplus/wrapper.o
  CC [M]  drivers/net/ethernet/mellanox/mlxsw/core_linecard_dev.o
  CC [M]  drivers/gpu/drm/amd/amdgpu/gmc_v12_0.o
  CC [M]  drivers/net/wireless/realtek/rtlwifi/rtl8192ce/phy.o
  CC [M]  drivers/net/ethernet/mellanox/mlx5/core/uar.o
  CC [M]  drivers/gpu/drm/i915/gem/i915_gem_region.o
  CC [M]  drivers/gpu/drm/xe/xe_psmi.o
  CC [M]  fs/hfsplus/bitmap.o
  CC [M]  drivers/gpu/drm/nouveau/nvkm/subdev/bios/npde.o
  CC [M]  drivers/media/tuners/tuner-types.o
  CC [M]  fs/nfs/io.o
  CC [M]  drivers/net/ethernet/intel/igc/igc_leds.o
  CC      fs/xfs/scrub/dabtree.o
  CC [M]  drivers/net/wireless/mediatek/mt76/mt7925/mcu.o
  CC [M]  fs/ext4/symlink.o
  CC [M]  drivers/net/ethernet/mellanox/mlxsw/core_hwmon.o
  CC [M]  drivers/net/ethernet/mellanox/mlx4/mr.o
  CC [M]  drivers/net/wireless/realtek/rtlwifi/rtl8192ce/rf.o
  CC [M]  drivers/gpu/drm/amd/amdgpu/mmhub_v4_2_0.o
  CC [M]  drivers/net/wireless/mediatek/mt76/mt7996/eeprom.o
  CC [M]  drivers/gpu/drm/i915/gem/i915_gem_shmem.o
  CC [M]  drivers/gpu/drm/xe/xe_pt.o
  CC [M]  drivers/gpu/drm/nouveau/nvkm/subdev/bios/pcir.o
  CC [M]  drivers/net/ethernet/mellanox/mlx5/core/pagealloc.o
  CC [M]  fs/hfsplus/part_tbl.o
  CC [M]  drivers/media/tuners/tda18271-maps.o
  CC [M]  fs/ext4/sysfs.o
  LD [M]  drivers/net/ethernet/intel/igc/igc.o
  CC [M]  drivers/net/ethernet/intel/ixgbe/ixgbe_main.o
  CC [M]  fs/nfs/direct.o
  CC      fs/xfs/scrub/dir.o
  CC [M]  drivers/gpu/drm/nouveau/nvkm/subdev/bios/perf.o
  CC [M]  drivers/net/ethernet/mellanox/mlx4/pd.o
  CC [M]  drivers/media/tuners/tda18271-common.o
  CC [M]  drivers/net/wireless/realtek/rtlwifi/rtl8192ce/sw.o
  CC [M]  fs/hfsplus/attributes.o
  CC [M]  drivers/gpu/drm/i915/gem/i915_gem_shrinker.o
  CC [M]  drivers/net/ethernet/mellanox/mlxsw/core_thermal.o
  CC [M]  drivers/net/wireless/mediatek/mt76/mt7996/main.o
  CC [M]  fs/ext4/xattr.o
  CC [M]  drivers/gpu/drm/nouveau/nvkm/subdev/bios/pll.o
  CC [M]  drivers/net/ethernet/mellanox/mlx5/core/health.o
  CC [M]  drivers/gpu/drm/amd/amdgpu/gfxhub_v12_1.o
  CC [M]  drivers/net/ethernet/mellanox/mlx4/port.o
  CC [M]  fs/hfsplus/xattr.o
  CC [M]  drivers/net/wireless/realtek/rtlwifi/rtl8192ce/table.o
  CC [M]  drivers/net/wireless/realtek/rtlwifi/rtl8192ce/trx.o
  CC [M]  drivers/net/wireless/mediatek/mt76/mt7925/regd.o
  CC [M]  drivers/media/tuners/tda18271-fe.o
  CC [M]  drivers/gpu/drm/xe/xe_pt_walk.o
  CC      fs/xfs/scrub/dirtree.o
  CC [M]  fs/nfs/pagelist.o
  CC [M]  drivers/gpu/drm/i915/gem/i915_gem_stolen.o
  CC [M]  drivers/net/ethernet/mellanox/mlxsw/pci.o
  CC [M]  drivers/gpu/drm/nouveau/nvkm/subdev/bios/pmu.o
  CC [M]  drivers/gpu/drm/xe/xe_pxp.o
  CC [M]  fs/hfsplus/xattr_user.o
  CC [M]  drivers/net/ethernet/mellanox/mlx5/core/mcg.o
  CC [M]  fs/ext4/xattr_hurd.o
  CC [M]  drivers/net/wireless/mediatek/mt76/mt7925/main.o
  CC [M]  drivers/net/wireless/mediatek/mt76/mt7996/mcu.o
  LD [M]  drivers/net/wireless/realtek/rtlwifi/rtl8192ce/rtl8192ce.o
  CC [M]  drivers/net/wireless/realtek/rtlwifi/rtl8192cu/dm.o
  CC [M]  drivers/media/tuners/tda827x.o
  CC [M]  drivers/gpu/drm/nouveau/nvkm/subdev/bios/power_budget.o
  CC [M]  drivers/gpu/drm/i915/gem/i915_gem_throttle.o
  CC [M]  fs/ext4/xattr_trusted.o
  CC [M]  drivers/net/ethernet/mellanox/mlx4/profile.o
  CC [M]  fs/hfsplus/xattr_security.o
  CC [M]  drivers/gpu/drm/amd/amdgpu/gmc_v12_1.o
  CC      fs/xfs/scrub/fscounters.o
  CC [M]  drivers/gpu/drm/xe/xe_pxp_debugfs.o
  CC [M]  drivers/net/ethernet/mellanox/mlx5/core/cq.o
  CC [M]  fs/nfs/read.o
  CC [M]  drivers/gpu/drm/nouveau/nvkm/subdev/bios/ramcfg.o
  CC [M]  drivers/net/wireless/realtek/rtlwifi/rtl8192cu/hw.o
  CC [M]  fs/ext4/xattr_user.o
  CC [M]  drivers/media/tuners/tda8290.o
  CC [M]  fs/hfsplus/xattr_trusted.o
  CC [M]  drivers/gpu/drm/i915/gem/i915_gem_tiling.o
  CC [M]  drivers/net/ethernet/mellanox/mlxsw/i2c.o
  CC [M]  drivers/net/ethernet/mellanox/mlx4/qp.o
  CC [M]  drivers/gpu/drm/xe/xe_pxp_submit.o
  CC [M]  drivers/gpu/drm/amd/amdgpu/umc_v6_0.o
  CC [M]  drivers/gpu/drm/nouveau/nvkm/subdev/bios/rammap.o
  CC [M]  fs/ext4/fast_commit.o
  CC [M]  drivers/net/ethernet/mellanox/mlx5/core/alloc.o
  CC [M]  drivers/net/ethernet/intel/ixgbe/ixgbe_common.o
  LD [M]  fs/hfsplus/hfsplus.o
  CC [M]  drivers/media/tuners/tda9887.o
  CC      fs/xfs/scrub/health.o
  LD [M]  drivers/net/wireless/mediatek/mt76/mt76.o
  CC [M]  drivers/net/ethernet/intel/ixgbe/ixgbe_ethtool.o
  CC [M]  drivers/net/wireless/mediatek/mt76/mt7925/init.o
  CC [M]  fs/nfs/symlink.o
  CC [M]  drivers/gpu/drm/i915/gem/i915_gem_ttm.o
  CC [M]  drivers/gpu/drm/amd/amdgpu/umc_v6_1.o
  CC [M]  drivers/net/wireless/realtek/rtlwifi/rtl8192cu/led.o
  CC [M]  drivers/net/ethernet/mellanox/mlxsw/spectrum.o
  CC [M]  drivers/gpu/drm/xe/xe_query.o
  CC [M]  drivers/net/ethernet/mellanox/mlx4/reset.o
  CC [M]  drivers/gpu/drm/nouveau/nvkm/subdev/bios/shadow.o
  CC      fs/xfs/scrub/ialloc.o
  CC [M]  drivers/media/tuners/xc2028.o
  CC [M]  drivers/net/wireless/mediatek/mt76/mt7996/mac.o
  CC [M]  drivers/net/ethernet/mellanox/mlx5/core/port.o
  CC [M]  fs/nfs/unlink.o
  CC [M]  drivers/net/wireless/mediatek/mt76/mt7925/debugfs.o
  CC [M]  fs/ext4/orphan.o
  CC [M]  drivers/net/wireless/realtek/rtlwifi/rtl8192cu/mac.o
  CC [M]  drivers/gpu/drm/amd/amdgpu/umc_v6_7.o
  CC [M]  drivers/net/ethernet/mellanox/mlx4/sense.o
  CC [M]  drivers/gpu/drm/i915/gem/i915_gem_ttm_move.o
  CC [M]  drivers/gpu/drm/nouveau/nvkm/subdev/bios/shadowacpi.o
  AR      drivers/net/ethernet/meta/built-in.a
  CC [M]  drivers/gpu/drm/xe/xe_range_fence.o
  CC [M]  drivers/net/net_failover.o
  CC [M]  drivers/net/ethernet/intel/ixgbe/ixgbe_82599.o
  CC      fs/xfs/scrub/inode.o
  CC [M]  fs/ext4/acl.o
  CC [M]  drivers/media/tuners/xc4000.o
  CC [M]  drivers/net/wireless/mediatek/mt76/mt7925/pci.o
  CC [M]  drivers/gpu/drm/xe/xe_reg_sr.o
  CC [M]  drivers/net/ethernet/mellanox/mlx4/srq.o
  CC [M]  drivers/gpu/drm/nouveau/nvkm/subdev/bios/shadowof.o
  CC [M]  drivers/gpu/drm/amd/amdgpu/umc_v8_7.o
  CC [M]  drivers/gpu/drm/i915/gem/i915_gem_ttm_pm.o
  CC [M]  drivers/net/wireless/realtek/rtlwifi/rtl8192cu/phy.o
  CC [M]  drivers/net/ethernet/mellanox/mlx5/core/mr.o
  CC [M]  fs/nfs/write.o
  AR      drivers/net/wireless/ti/built-in.a
  CC      drivers/pps/pps.o
  CC [M]  fs/ext4/xattr_security.o
  CC [M]  drivers/gpu/drm/nouveau/nvkm/subdev/bios/shadowpci.o
  CC [M]  drivers/gpu/drm/xe/xe_reg_whitelist.o
  CC [M]  drivers/net/ethernet/mellanox/mlx4/resource_tracker.o
  CC      drivers/pps/kapi.o
  CC [M]  drivers/media/tuners/xc5000.o
  CC [M]  drivers/net/ethernet/intel/ixgbe/ixgbe_82598.o
  CC [M]  drivers/net/ethernet/mellanox/mlxsw/spectrum_buffers.o
  CC [M]  drivers/net/wireless/mediatek/mt76/mt7925/pci_mac.o
  CC      fs/xfs/scrub/iscan.o
  CC [M]  drivers/gpu/drm/amd/amdgpu/umc_v8_10.o
  CC [M]  drivers/gpu/drm/i915/gem/i915_gem_userptr.o
  CC [M]  drivers/net/wireless/realtek/rtlwifi/rtl8192cu/rf.o
  CC [M]  drivers/net/ethernet/mellanox/mlx5/core/pd.o
  LD [M]  fs/ext4/ext4.o
  CC [M]  drivers/gpu/drm/nouveau/nvkm/subdev/bios/shadowramin.o
  CC [M]  drivers/net/wireless/realtek/rtlwifi/rtl8192cu/sw.o
  CC [M]  drivers/net/wireless/mediatek/mt76/mt7996/debugfs.o
  CC      drivers/pps/sysfs.o
  CC [M]  drivers/net/wireless/mediatek/mt76/mt7925/pci_mcu.o
  LD [M]  drivers/media/tuners/tda18271.o
  AR      drivers/media/rc/keymaps/built-in.a
  CC [M]  drivers/media/rc/rc-main.o
  CC [M]  drivers/gpu/drm/amd/amdgpu/umc_v12_0.o
  AR      drivers/pps/clients/built-in.a
  CC [M]  drivers/net/ethernet/intel/ixgbe/ixgbe_phy.o
  AR      drivers/pps/built-in.a
  CC      drivers/ptp/ptp_clock.o
  CC [M]  fs/nfs/namespace.o
  CC [M]  drivers/gpu/drm/nouveau/nvkm/subdev/bios/shadowrom.o
  CC [M]  drivers/net/wireless/realtek/rtlwifi/rtl8192cu/table.o
  CC      drivers/power/supply/power_supply_core.o
  CC [M]  drivers/gpu/drm/i915/gem/i915_gem_wait.o
  CC [M]  drivers/net/ethernet/mellanox/mlx5/core/transobj.o
  CC [M]  drivers/net/wireless/realtek/rtlwifi/rtl8192cu/trx.o
  CC      fs/xfs/scrub/listxattr.o
  CC [M]  drivers/gpu/drm/xe/xe_ring_ops.o
  CC [M]  drivers/net/ethernet/mellanox/mlxsw/spectrum_switchdev.o
  CC [M]  drivers/net/wireless/mediatek/mt76/mt7996/mmio.o
  CC [M]  drivers/gpu/drm/nouveau/nvkm/subdev/bios/timing.o
  CC [M]  drivers/media/rc/rc-ir-raw.o
  CC      drivers/ptp/ptp_chardev.o
  CC [M]  drivers/net/wireless/mediatek/mt76/mt7925/usb.o
  CC [M]  drivers/net/ethernet/mellanox/mlx4/crdump.o
  CC      fs/xfs/scrub/metapath.o
  CC [M]  drivers/gpu/drm/amd/amdgpu/umc_v8_14.o
  CC [M]  fs/nfs/mount_clnt.o
  CC      drivers/power/supply/power_supply_sysfs.o
  CC [M]  drivers/gpu/drm/i915/i915_active.o
  LD [M]  drivers/net/wireless/realtek/rtlwifi/rtl8192cu/rtl8192cu.o
  CC [M]  drivers/net/wireless/realtek/rtlwifi/rtl8192se/dm.o
  CC [M]  drivers/net/ethernet/intel/ixgbe/ixgbe_sriov.o
  CC [M]  drivers/net/ethernet/mellanox/mlx5/core/vport.o
  CC [M]  drivers/gpu/drm/xe/xe_rtp.o
  AR      drivers/media/rc/built-in.a
  LD [M]  drivers/media/rc/rc-core.o
  CC [M]  drivers/gpu/drm/nouveau/nvkm/subdev/bios/therm.o
  AR      drivers/media/common/b2c2/built-in.a
  AR      drivers/media/common/saa7146/built-in.a
  AR      drivers/media/common/siano/built-in.a
  AR      drivers/media/common/v4l2-tpg/built-in.a
  CC      drivers/ptp/ptp_sysfs.o
  AR      drivers/media/common/videobuf2/built-in.a
  CC      drivers/power/supply/power_supply_leds.o
  CC [M]  drivers/media/common/videobuf2/videobuf2-core.o
  CC [M]  drivers/net/wireless/mediatek/mt76/mt7996/coredump.o
  CC [M]  drivers/net/ethernet/mellanox/mlx4/en_main.o
  CC [M]  drivers/gpu/drm/amd/amdgpu/amdgpu_irq.o
  LD [M]  drivers/net/wireless/mediatek/mt76/mt7925/mt7925-common.o
  LD [M]  drivers/net/wireless/mediatek/mt76/mt7925/mt7925e.o
  LD [M]  drivers/net/wireless/mediatek/mt76/mt7925/mt7925u.o
  CC [M]  drivers/media/common/videobuf2/frame_vector.o
  CC [M]  fs/nfs/nfstrace.o
  CC [M]  drivers/net/wireless/realtek/rtlwifi/rtl8192se/fw.o
  CC      fs/xfs/scrub/nlinks.o
  CC      drivers/power/supply/power_supply_hwmon.o
  CC [M]  drivers/gpu/drm/i915/i915_cmd_parser.o
  CC [M]  drivers/gpu/drm/nouveau/nvkm/subdev/bios/vmap.o
  CC [M]  drivers/gpu/drm/xe/xe_sa.o
  CC      drivers/ptp/ptp_vclock.o
  CC [M]  drivers/gpu/drm/xe/xe_sched_job.o
  CC [M]  drivers/net/ethernet/mellanox/mlx4/en_tx.o
  CC [M]  drivers/net/ethernet/mellanox/mlxsw/spectrum_router.o
  AR      drivers/power/supply/built-in.a
  AR      drivers/power/built-in.a
  LD [M]  drivers/net/wireless/mediatek/mt76/mt7996/mt7996e.o
  AR      drivers/net/ethernet/microchip/built-in.a
  LD [M]  drivers/net/wireless/mediatek/mt76/mt76-usb.o
  CC [M]  drivers/gpu/drm/amd/amdgpu/amdgpu_ih.o
  LD [M]  drivers/net/wireless/mediatek/mt76/mt76-sdio.o
  CC [M]  drivers/net/ethernet/intel/ixgbevf/vf.o
  LD [M]  drivers/net/wireless/mediatek/mt76/mt76x02-lib.o
  LD [M]  drivers/net/wireless/mediatek/mt76/mt76x02-usb.o
  LD [M]  drivers/net/wireless/mediatek/mt76/mt76-connac-lib.o
  LD [M]  drivers/net/wireless/mediatek/mt76/mt792x-lib.o
  LD [M]  drivers/net/wireless/mediatek/mt76/mt792x-usb.o
  CC [M]  drivers/net/ethernet/intel/ixgbevf/mbx.o
  CC [M]  drivers/gpu/drm/nouveau/nvkm/subdev/bios/volt.o
  CC [M]  drivers/net/ethernet/intel/ixgbe/ixgbe_mbx.o
  CC [M]  drivers/net/ethernet/mellanox/mlx5/core/sriov.o
  CC [M]  drivers/net/wireless/realtek/rtlwifi/rtl8192se/hw.o
  CC [M]  drivers/ptp/ptp_kvm_x86.o
  AR      drivers/net/wireless/zydas/built-in.a
  CC [M]  drivers/gpu/drm/nouveau/nvkm/subdev/bios/vpstate.o
  CC [M]  drivers/gpu/drm/i915/i915_deps.o
  CC [M]  drivers/media/common/videobuf2/vb2-trace.o
  CC      fs/xfs/scrub/parent.o
  CC [M]  drivers/gpu/drm/xe/xe_shrinker.o
  CC [M]  drivers/gpu/drm/nouveau/nvkm/subdev/bios/xpio.o
  CC [M]  drivers/ptp/ptp_kvm_common.o
  CC [M]  drivers/gpu/drm/amd/amdgpu/iceland_ih.o
  CC [M]  drivers/gpu/drm/i915/i915_gem.o
  CC [M]  drivers/net/ethernet/intel/ixgbevf/ethtool.o
  CC [M]  drivers/net/ethernet/mellanox/mlxsw/spectrum1_kvdl.o
  CC [M]  drivers/net/wireless/realtek/rtlwifi/rtl8192d/dm_common.o
  CC [M]  drivers/net/ethernet/intel/ixgbe/ixgbe_x540.o
  CC [M]  drivers/net/ethernet/mellanox/mlx4/en_rx.o
  CC [M]  drivers/net/ethernet/mellanox/mlx5/core/fs_cmd.o
  CC [M]  drivers/media/common/videobuf2/videobuf2-dma-contig.o
  CC [M]  drivers/ptp/ptp_vmclock.o
  CC [M]  drivers/gpu/drm/nouveau/nvkm/subdev/bios/M0203.o
  CC [M]  drivers/gpu/drm/xe/xe_soc_remapper.o
  CC [M]  drivers/net/wireless/realtek/rtlwifi/rtl8192se/led.o
  CC [M]  drivers/gpu/drm/amd/amdgpu/tonga_ih.o
  CC      fs/xfs/scrub/readdir.o
  CC [M]  drivers/net/ethernet/intel/ixgbevf/ixgbevf_main.o
  CC [M]  drivers/gpu/drm/nouveau/nvkm/subdev/bios/M0205.o
  CC [M]  drivers/net/ethernet/intel/ixgbe/ixgbe_x550.o
  CC [M]  drivers/media/common/videobuf2/videobuf2-memops.o
  CC [M]  drivers/net/wireless/realtek/rtlwifi/rtl8192d/fw_common.o
  AR      drivers/ptp/built-in.a
  LD [M]  drivers/ptp/ptp_kvm.o
  CC [M]  drivers/gpu/drm/xe/xe_step.o
  CC [M]  fs/nfsd/trace.o
  CC [M]  drivers/net/wireless/realtek/rtlwifi/rtl8192se/phy.o
  CC [M]  drivers/gpu/drm/i915/i915_gem_evict.o
  CC [M]  drivers/net/ethernet/intel/ixgbe/ixgbe_lib.o
  CC [M]  fs/nfs/export.o
  CC [M]  drivers/net/ethernet/mellanox/mlx4/en_ethtool.o
  CC [M]  drivers/gpu/drm/nouveau/nvkm/subdev/bios/M0209.o
  CC [M]  drivers/media/common/videobuf2/videobuf2-v4l2.o
  CC [M]  drivers/gpu/drm/amd/amdgpu/cz_ih.o
  CC [M]  drivers/net/ethernet/mellanox/mlx5/core/fs_core.o
  CC [M]  drivers/gpu/drm/xe/xe_survivability_mode.o
  CC [M]  drivers/net/wireless/realtek/rtlwifi/rtl8192d/hw_common.o
  CC [M]  drivers/gpu/drm/i915/i915_gem_gtt.o
  AR      drivers/media/platform/allegro-dvt/built-in.a
  CC [M]  fs/nfs/sysfs.o
  CC [M]  drivers/net/wireless/realtek/rtlwifi/rtl8192se/rf.o
  AR      drivers/media/platform/amlogic/c3/isp/built-in.a
  CC [M]  drivers/gpu/drm/nouveau/nvkm/subdev/bios/P0260.o
  AR      drivers/media/platform/amlogic/c3/mipi-adapter/built-in.a
  CC      fs/xfs/scrub/refcount.o
  AR      drivers/media/platform/amlogic/c3/mipi-csi2/built-in.a
  AR      drivers/media/platform/amlogic/c3/built-in.a
  AR      drivers/media/platform/amlogic/meson-ge2d/built-in.a
  AR      drivers/media/platform/amlogic/built-in.a
  AR      drivers/media/platform/amphion/built-in.a
  AR      drivers/media/platform/arm/mali-c55/built-in.a
  AR      drivers/media/platform/arm/built-in.a
  CC [M]  drivers/net/ethernet/intel/ixgbe/ixgbe_ptp.o
  CC [M]  drivers/gpu/drm/amd/amdgpu/vega10_ih.o
  AR      drivers/media/platform/aspeed/built-in.a
  AR      drivers/media/platform/atmel/built-in.a
  AR      drivers/media/platform/broadcom/built-in.a
  AR      drivers/media/platform/cadence/built-in.a
  CC [M]  drivers/gpu/drm/xe/xe_sync.o
  AR      drivers/media/platform/chips-media/coda/built-in.a
  AR      drivers/media/platform/chips-media/wave5/built-in.a
  AR      drivers/media/platform/chips-media/built-in.a
  AR      drivers/media/platform/imagination/built-in.a
  LD [M]  drivers/media/common/videobuf2/videobuf2-common.o
  AR      drivers/media/platform/intel/built-in.a
  AR      drivers/media/common/built-in.a
  AR      drivers/media/platform/marvell/built-in.a
  CC [M]  drivers/gpu/drm/nouveau/nvkm/subdev/bus/base.o
  AR      drivers/media/platform/mediatek/jpeg/built-in.a
  AR      drivers/media/platform/mediatek/mdp/built-in.a
  AR      drivers/media/platform/mediatek/vcodec/common/built-in.a
  AR      drivers/media/platform/mediatek/vcodec/encoder/built-in.a
  AR      drivers/media/platform/mediatek/vcodec/decoder/built-in.a
  AR      drivers/media/platform/mediatek/vcodec/built-in.a
  CC [M]  fs/nfsd/nfssvc.o
  CC [M]  drivers/gpu/drm/i915/i915_gem_ww.o
  CC [M]  drivers/net/ethernet/intel/ixgbevf/ipsec.o
  AR      drivers/media/platform/mediatek/vpu/built-in.a
  AR      drivers/media/platform/mediatek/mdp3/built-in.a
  CC [M]  drivers/net/ethernet/mellanox/mlx4/en_port.o
  AR      drivers/media/platform/mediatek/built-in.a
  CC [M]  drivers/net/wireless/realtek/rtlwifi/rtl8192d/main.o
  AR      drivers/media/platform/microchip/built-in.a
  AR      drivers/media/platform/nuvoton/built-in.a
  CC [M]  drivers/net/wireless/realtek/rtlwifi/rtl8192se/sw.o
  CC [M]  fs/nfs/fs_context.o
  AR      drivers/media/platform/nvidia/tegra-vde/built-in.a
  AR      drivers/media/platform/nvidia/built-in.a
  CC [M]  drivers/net/ethernet/mellanox/mlxsw/spectrum2_kvdl.o
  AR      drivers/media/platform/nxp/dw100/built-in.a
  AR      drivers/media/platform/nxp/imx-jpeg/built-in.a
  AR      drivers/media/platform/nxp/imx8-isi/built-in.a
  AR      drivers/media/platform/nxp/built-in.a
  AR      drivers/media/platform/qcom/camss/built-in.a
  AR      drivers/media/platform/qcom/iris/built-in.a
  AR      drivers/media/platform/qcom/venus/built-in.a
  AR      drivers/media/platform/qcom/built-in.a
  CC [M]  drivers/gpu/drm/nouveau/nvkm/subdev/bus/hwsq.o
  CC      fs/xfs/scrub/rmap.o
  AR      drivers/media/platform/raspberrypi/pisp_be/built-in.a
  AR      drivers/media/platform/raspberrypi/rp1-cfe/built-in.a
  AR      drivers/media/platform/raspberrypi/built-in.a
  CC [M]  drivers/gpu/drm/amd/amdgpu/vega20_ih.o
  CC [M]  drivers/gpu/drm/xe/xe_tile.o
  AR      drivers/media/platform/renesas/rcar-isp/built-in.a
  CC [M]  drivers/net/ethernet/intel/ixgbe/ixgbe_xsk.o
  AR      drivers/media/platform/renesas/rcar-vin/built-in.a
  AR      drivers/media/platform/renesas/rzg2l-cru/built-in.a
  AR      drivers/media/platform/renesas/rzv2h-ivc/built-in.a
  AR      drivers/media/platform/renesas/vsp1/built-in.a
  AR      drivers/media/platform/renesas/built-in.a
  CC [M]  drivers/gpu/drm/i915/i915_query.o
  AR      drivers/media/platform/rockchip/rga/built-in.a
  CC [M]  drivers/net/wireless/realtek/rtlwifi/rtl8192d/phy_common.o
  AR      drivers/media/platform/rockchip/rkcif/built-in.a
  AR      drivers/media/platform/rockchip/rkisp1/built-in.a
  AR      drivers/media/platform/rockchip/rkvdec/built-in.a
  AR      drivers/media/platform/rockchip/built-in.a
  CC [M]  drivers/net/ethernet/mellanox/mlx4/en_cq.o
  AR      drivers/media/platform/samsung/exynos-gsc/built-in.a
  CC [M]  drivers/net/ethernet/mellanox/mlx5/core/pci_irq.o
  AR      drivers/media/platform/samsung/exynos4-is/built-in.a
  AR      drivers/media/platform/samsung/s3c-camif/built-in.a
  CC [M]  drivers/net/wireless/realtek/rtlwifi/rtl8192se/table.o
  AR      drivers/media/platform/samsung/s5p-g2d/built-in.a
  CC [M]  drivers/net/wireless/realtek/rtlwifi/rtl8192se/trx.o
  AR      drivers/media/platform/samsung/s5p-jpeg/built-in.a
  LD [M]  drivers/net/ethernet/intel/ixgbevf/ixgbevf.o
  AR      drivers/media/platform/samsung/s5p-mfc/built-in.a
  CC [M]  drivers/net/ethernet/mellanox/mlx5/core/fs_counters.o
  AR      drivers/media/platform/samsung/built-in.a
  CC [M]  drivers/gpu/drm/nouveau/nvkm/subdev/bus/nv04.o
  AR      drivers/media/platform/st/sti/bdisp/built-in.a
  AR      drivers/media/platform/st/sti/delta/built-in.a
  AR      drivers/media/platform/st/sti/hva/built-in.a
  AR      drivers/media/platform/st/stm32/built-in.a
  AR      drivers/media/platform/st/built-in.a
  CC [M]  drivers/gpu/drm/xe/xe_tile_sysfs.o
  CC      fs/xfs/scrub/scrub.o
  CC [M]  drivers/gpu/drm/nouveau/nvkm/subdev/bus/nv31.o
  AR      drivers/media/platform/sunxi/sun4i-csi/built-in.a
  AR      drivers/media/platform/sunxi/sun6i-csi/built-in.a
  AR      drivers/media/platform/sunxi/sun6i-mipi-csi2/built-in.a
  CC [M]  drivers/net/ethernet/mellanox/mlxsw/spectrum_kvdl.o
  AR      drivers/media/platform/sunxi/sun8i-a83t-mipi-csi2/built-in.a
  AR      drivers/media/platform/sunxi/sun8i-di/built-in.a
  CC [M]  drivers/gpu/drm/amd/amdgpu/navi10_ih.o
  AR      drivers/media/platform/sunxi/sun8i-rotate/built-in.a
  AR      drivers/media/platform/sunxi/built-in.a
  CC [M]  fs/nfs/sysctl.o
  AR      drivers/media/platform/synopsys/hdmirx/built-in.a
  AR      drivers/media/platform/synopsys/built-in.a
  CC [M]  drivers/net/ethernet/intel/ixgbe/ixgbe_e610.o
  AR      drivers/media/platform/ti/am437x/built-in.a
  CC [M]  drivers/gpu/drm/i915/i915_request.o
  AR      drivers/media/platform/ti/cal/built-in.a
  AR      drivers/media/platform/ti/vpe/built-in.a
  AR      drivers/media/platform/ti/davinci/built-in.a
  AR      drivers/media/platform/ti/j721e-csi2rx/built-in.a
  AR      drivers/media/platform/ti/omap/built-in.a
  AR      drivers/media/platform/ti/omap3isp/built-in.a
  AR      drivers/media/platform/ti/built-in.a
  CC [M]  drivers/net/wireless/realtek/rtlwifi/rtl8192d/rf_common.o
  CC [M]  drivers/net/ethernet/mellanox/mlx4/en_resources.o
  AR      drivers/media/platform/verisilicon/built-in.a
  CC      fs/xfs/scrub/symlink.o
  AR      drivers/media/platform/via/built-in.a
  AR      drivers/media/platform/xilinx/built-in.a
  AR      drivers/media/platform/built-in.a
  CC [M]  drivers/gpu/drm/nouveau/nvkm/subdev/bus/nv50.o
  CC [M]  drivers/gpu/drm/xe/xe_tlb_inval.o
  AR      drivers/media/pci/ttpci/built-in.a
  LD [M]  drivers/net/wireless/realtek/rtlwifi/rtl8192se/rtl8192se.o
  AR      drivers/media/pci/b2c2/built-in.a
  CC [M]  fs/nfs/fscache.o
  AR      drivers/media/pci/pluto2/built-in.a
  AR      drivers/media/pci/dm1105/built-in.a
  CC [M]  drivers/net/ethernet/intel/i40e/i40e_main.o
  AR      drivers/media/pci/pt1/built-in.a
  AR      drivers/media/pci/pt3/built-in.a
  AR      drivers/media/pci/mantis/built-in.a
  AR      drivers/media/pci/ngene/built-in.a
  AR      drivers/media/pci/ddbridge/built-in.a
  AR      drivers/media/pci/saa7146/built-in.a
  CC [M]  drivers/net/ethernet/mellanox/mlx5/core/fs_ft_pool.o
  AR      drivers/media/pci/smipcie/built-in.a
  AR      drivers/media/pci/netup_unidvb/built-in.a
  AR      drivers/media/pci/intel/ipu3/built-in.a
  AR      drivers/media/pci/intel/ivsc/built-in.a
  AR      drivers/media/pci/intel/built-in.a
  AR      drivers/net/wireless/virtual/built-in.a
  CC      drivers/hwmon/hwmon.o
  CC [M]  drivers/net/ethernet/mellanox/mlxsw/spectrum_acl_tcam.o
  CC [M]  drivers/media/pci/tw5864/tw5864-core.o
  CC      fs/xfs/scrub/xfarray.o
  CC [M]  drivers/gpu/drm/amd/amdgpu/ih_v6_0.o
  CC [M]  drivers/net/ethernet/mellanox/mlxsw/spectrum_acl_ctcam.o
  CC [M]  drivers/net/ethernet/mellanox/mlx4/en_netdev.o
  CC [M]  drivers/net/wireless/realtek/rtlwifi/rtl8192d/trx_common.o
  CC [M]  drivers/gpu/drm/nouveau/nvkm/subdev/bus/g94.o
  CC [M]  drivers/gpu/drm/i915/i915_scheduler.o
  CC [M]  drivers/gpu/drm/xe/xe_tlb_inval_job.o
  CC [M]  fs/nfs/nfs2super.o
  CC [M]  drivers/net/ethernet/mellanox/mlx5/core/rl.o
  CC [M]  drivers/media/pci/tw5864/tw5864-video.o
  CC [M]  drivers/gpu/drm/nouveau/nvkm/subdev/bus/gf100.o
  CC [M]  drivers/net/ethernet/intel/ixgbe/devlink/devlink.o
  CC [M]  fs/nfsd/nfsctl.o
  CC [M]  drivers/gpu/drm/amd/amdgpu/ih_v6_1.o
  CC [M]  drivers/hwmon/hwmon-vid.o
  LD [M]  drivers/net/wireless/realtek/rtlwifi/rtl8192d/rtl8192d-common.o
  CC [M]  drivers/net/wireless/realtek/rtlwifi/rtl8192de/dm.o
  CC      fs/xfs/scrub/xfblob.o
  CC [M]  fs/nfsd/nfsfh.o
  CC [M]  drivers/gpu/drm/i915/i915_trace_points.o
  CC [M]  drivers/gpu/drm/xe/xe_trace.o
  CC [M]  fs/nfs/proc.o
  CC [M]  drivers/hwmon/acpi_power_meter.o
  CC [M]  drivers/net/ethernet/mellanox/mlxsw/spectrum_acl_atcam.o
  CC [M]  drivers/gpu/drm/nouveau/nvkm/subdev/clk/base.o
  CC [M]  drivers/net/ethernet/mellanox/mlx5/core/lag/debugfs.o
  CC [M]  drivers/media/pci/tw5864/tw5864-h264.o
  CC [M]  drivers/net/ethernet/intel/ixgbe/ixgbe_fw_update.o
  CC      fs/xfs/scrub/xfile.o
  CC [M]  drivers/net/wireless/realtek/rtlwifi/rtl8192de/fw.o
  CC [M]  drivers/gpu/drm/amd/amdgpu/ih_v7_0.o
  CC [M]  drivers/net/ethernet/mellanox/mlx4/en_selftest.o
  CC [M]  drivers/hwmon/asus_atk0110.o
  CC [M]  drivers/media/pci/tw5864/tw5864-util.o
  CC [M]  drivers/hwmon/asus-ec-sensors.o
  CC [M]  drivers/gpu/drm/nouveau/nvkm/subdev/clk/nv04.o
  CC [M]  fs/nfs/nfs2xdr.o
  CC [M]  drivers/gpu/drm/i915/i915_ttm_buddy_manager.o
  CC [M]  drivers/net/ethernet/mellanox/mlx5/core/lag/lag.o
  CC [M]  drivers/gpu/drm/xe/xe_trace_bo.o
  CC [M]  drivers/net/ethernet/intel/ixgbe/devlink/region.o
  CC [M]  drivers/net/wireless/realtek/rtlwifi/rtl8192de/hw.o
  CC [M]  fs/nfsd/vfs.o
  CC [M]  drivers/gpu/drm/amd/amdgpu/amdgpu_psp.o
  CC [M]  drivers/net/ethernet/mellanox/mlx4/en_clock.o
  CC      fs/xfs/scrub/stats.o
  CC [M]  drivers/net/ethernet/mellanox/mlxsw/spectrum_acl_erp.o
  CC [M]  drivers/gpu/drm/xe/xe_trace_guc.o
  LD [M]  drivers/media/pci/tw5864/tw5864.o
  AR      drivers/media/pci/built-in.a
  CC [M]  drivers/hwmon/asus_wmi_sensors.o
  CC [M]  drivers/gpu/drm/i915/i915_vma.o
  AR      drivers/media/usb/b2c2/built-in.a
  CC [M]  drivers/gpu/drm/nouveau/nvkm/subdev/clk/nv40.o
  AR      drivers/media/usb/dvb-usb/built-in.a
  AR      drivers/media/usb/dvb-usb-v2/built-in.a
  AR      drivers/media/usb/s2255/built-in.a
  AR      drivers/media/usb/siano/built-in.a
  AR      drivers/media/usb/ttusb-budget/built-in.a
  AR      drivers/media/usb/ttusb-dec/built-in.a
  AR      drivers/media/usb/built-in.a
  CC [M]  drivers/net/ethernet/intel/ixgbe/ixgbe_sysfs.o
  AR      drivers/media/mmc/siano/built-in.a
  AR      drivers/media/mmc/built-in.a
  AR      drivers/media/firewire/built-in.a
  AR      drivers/media/spi/built-in.a
  CC [M]  drivers/net/wireless/realtek/rtlwifi/rtl8192de/led.o
  AR      drivers/media/test-drivers/built-in.a
  CC [M]  fs/nfs/nfs3super.o
  CC [M]  drivers/media/mc/mc-device.o
  CC [M]  drivers/hwmon/asb100.o
  LD [M]  drivers/net/ethernet/mellanox/mlx4/mlx4_core.o
  CC [M]  drivers/media/v4l2-core/v4l2-async.o
  CC [M]  drivers/gpu/drm/nouveau/nvkm/subdev/clk/nv50.o
  CC [M]  drivers/gpu/drm/xe/xe_trace_lrc.o
  LD [M]  drivers/net/ethernet/mellanox/mlx4/mlx4_en.o
  CC [M]  fs/lockd/clntlock.o
  CC      fs/xfs/scrub/agheader_repair.o
  CC [M]  drivers/net/ethernet/intel/ixgbe/ixgbe_debugfs.o
  CC [M]  drivers/net/ethernet/mellanox/mlx5/core/dev.o
  CC [M]  drivers/net/wireless/realtek/rtlwifi/rtl8192de/phy.o
  CC [M]  fs/nfs/nfs3client.o
  CC [M]  drivers/net/ethernet/mellanox/mlxsw/spectrum1_acl_tcam.o
  CC [M]  drivers/hwmon/w83627hf.o
  CC [M]  drivers/gpu/drm/xe/xe_ttm_stolen_mgr.o
  CC [M]  drivers/media/mc/mc-devnode.o
  CC [M]  drivers/media/v4l2-core/v4l2-fwnode.o
  CC [M]  drivers/gpu/drm/i915/i915_vma_resource.o
  CC [M]  drivers/gpu/drm/amd/amdgpu/psp_v3_1.o
  CC [M]  drivers/gpu/drm/nouveau/nvkm/subdev/clk/g84.o
  CC [M]  fs/nfsd/export.o
  CC [M]  drivers/net/ethernet/intel/i40e/i40e_ethtool.o
  CC [M]  fs/lockd/clntproc.o
  CC [M]  drivers/media/mc/mc-entity.o
  CC [M]  drivers/net/ethernet/intel/ixgbe/ixgbe_ipsec.o
  CC      fs/xfs/scrub/alloc_repair.o
  CC [M]  drivers/gpu/drm/nouveau/nvkm/subdev/clk/gt215.o
  CC [M]  fs/nfs/nfs3proc.o
  CC [M]  drivers/gpu/drm/xe/xe_ttm_sys_mgr.o
  CC [M]  drivers/media/v4l2-core/v4l2-dv-timings.o
  CC [M]  drivers/gpu/drm/i915/gt/uc/intel_gsc_fw.o
  CC [M]  drivers/hwmon/w83773g.o
  CC [M]  drivers/net/ethernet/mellanox/mlx5/core/events.o
  CC [M]  drivers/gpu/drm/amd/amdgpu/psp_v10_0.o
  CC [M]  drivers/net/ethernet/mellanox/mlxsw/spectrum2_acl_tcam.o
  CC [M]  drivers/net/wireless/realtek/rtlwifi/rtl8192de/rf.o
  CC [M]  drivers/media/mc/mc-request.o
  CC [M]  fs/lockd/clntxdr.o
  CC [M]  drivers/hwmon/w83792d.o
  CC [M]  drivers/gpu/drm/xe/xe_ttm_vram_mgr.o
  CC [M]  drivers/gpu/drm/nouveau/nvkm/subdev/clk/mcp77.o
  CC [M]  drivers/media/v4l2-core/v4l2-dev.o
  CC [M]  drivers/gpu/drm/i915/gt/uc/intel_gsc_proxy.o
  LD [M]  drivers/net/ethernet/intel/ixgbe/ixgbe.o
  CC [M]  drivers/gpu/drm/amd/amdgpu/psp_v11_0.o
  CC [M]  drivers/media/v4l2-core/v4l2-ioctl.o
  CC [M]  fs/nfs/nfs3xdr.o
  CC      fs/xfs/scrub/attr_repair.o
  CC [M]  fs/nfsd/auth.o
  CC [M]  drivers/net/ethernet/mellanox/mlx5/core/wq.o
  CC [M]  drivers/media/mc/mc-dev-allocator.o
  CC [M]  drivers/net/ethernet/mellanox/mlxsw/spectrum_acl_bloom_filter.o
  CC [M]  drivers/net/wireless/realtek/rtlwifi/rtl8192de/sw.o
  CC [M]  fs/lockd/host.o
  CC [M]  drivers/hwmon/w83793.o
  CC [M]  drivers/gpu/drm/nouveau/nvkm/subdev/clk/gf100.o
  CC [M]  drivers/gpu/drm/xe/xe_tuning.o
  CC [M]  drivers/gpu/drm/i915/gt/uc/intel_gsc_uc.o
  LD [M]  drivers/media/mc/mc.o
  LD [M]  drivers/gpu/drm/drm_gpusvm_helper.o
  CC [M]  drivers/gpu/drm/amd/amdgpu/psp_v11_0_8.o
  CC [M]  drivers/net/ethernet/intel/i40e/i40e_adminq.o
  AR      drivers/net/ethernet/mscc/built-in.a
  CC      drivers/thermal/thermal_core.o
  CC [M]  fs/nfsd/lockd.o
  AR      drivers/net/ethernet/mucse/built-in.a
  CC [M]  drivers/net/ethernet/mellanox/mlxsw/spectrum_acl.o
  CC [M]  drivers/net/wireless/realtek/rtlwifi/rtl8192de/table.o
  CC [M]  drivers/net/ethernet/mellanox/mlx5/core/lib/gid.o
  CC [M]  drivers/net/wireless/realtek/rtlwifi/rtl8192de/trx.o
  CC [M]  fs/nfs/nfs4proc.o
  CC [M]  drivers/gpu/drm/nouveau/nvkm/subdev/clk/gk104.o
  CC      fs/xfs/scrub/bmap_repair.o
  CC [M]  drivers/gpu/drm/xe/xe_uc.o
  CC [M]  drivers/net/wireless/realtek/rtl8xxxu/core.o
  CC [M]  fs/lockd/svc.o
  CC [M]  drivers/gpu/drm/amd/amdgpu/psp_v12_0.o
  CC [M]  drivers/gpu/drm/i915/gt/uc/intel_gsc_uc_debugfs.o
  CC [M]  fs/nfsd/nfscache.o
  CC [M]  drivers/media/v4l2-core/v4l2-device.o
  CC [M]  drivers/net/ethernet/intel/i40e/i40e_common.o
  CC [M]  drivers/hwmon/w83795.o
  LD [M]  drivers/net/wireless/realtek/rtlwifi/rtl8192de/rtl8192de.o
  CC [M]  drivers/net/wireless/realtek/rtlwifi/rtl8192du/dm.o
  CC [M]  drivers/net/ethernet/mellanox/mlx5/core/lib/devcom.o
  CC [M]  drivers/gpu/drm/xe/xe_uc_fw.o
  CC      drivers/thermal/thermal_sysfs.o
  CC [M]  drivers/gpu/drm/nouveau/nvkm/subdev/clk/gk20a.o
  CC [M]  drivers/gpu/drm/i915/gt/uc/intel_gsc_uc_heci_cmd_submit.o
  CC [M]  drivers/media/v4l2-core/v4l2-fh.o
  CC [M]  drivers/net/ethernet/mellanox/mlxsw/spectrum_flow.o
  CC [M]  drivers/gpu/drm/amd/amdgpu/psp_v13_0.o
  CC      fs/xfs/scrub/cow_repair.o
  CC [M]  fs/lockd/svclock.o
  CC [M]  drivers/net/wireless/realtek/rtlwifi/rtl8192du/fw.o
  CC      drivers/thermal/thermal_trip.o
  CC [M]  drivers/gpu/drm/nouveau/nvkm/subdev/clk/gm20b.o
  CC [M]  fs/nfsd/stats.o
  CC [M]  drivers/gpu/drm/xe/xe_validation.o
  CC [M]  drivers/net/ethernet/mellanox/mlx5/core/lib/pci_vsc.o
  CC [M]  drivers/hwmon/w83781d.o
  CC [M]  drivers/media/v4l2-core/v4l2-event.o
  CC [M]  drivers/gpu/drm/i915/gt/uc/intel_guc.o
  CC      drivers/thermal/thermal_helpers.o
  CC [M]  drivers/net/ethernet/intel/i40e/i40e_hmc.o
  CC      fs/xfs/scrub/dir_repair.o
  CC [M]  drivers/gpu/drm/amd/amdgpu/psp_v13_0_4.o
  CC [M]  drivers/net/wireless/realtek/rtlwifi/rtl8192du/hw.o
  CC [M]  drivers/net/ethernet/mellanox/mlxsw/spectrum_matchall.o
  CC [M]  fs/lockd/svcshare.o
  CC [M]  drivers/gpu/drm/xe/xe_vm.o
  CC [M]  drivers/net/ethernet/intel/i40e/i40e_lan_hmc.o
  CC      drivers/thermal/thermal_thresholds.o
  CC [M]  drivers/media/v4l2-core/v4l2-subdev.o
  CC [M]  fs/nfsd/filecache.o
  CC [M]  drivers/gpu/drm/nouveau/nvkm/subdev/clk/gp10b.o
  CC [M]  drivers/net/wireless/realtek/rtl8xxxu/8192e.o
  CC [M]  drivers/net/ethernet/mellanox/mlx5/core/lib/dm.o
  CC [M]  drivers/net/ethernet/intel/i40e/i40e_nvm.o
  CC [M]  drivers/hwmon/w83791d.o
  CC      drivers/thermal/thermal_netlink.o
  CC [M]  drivers/gpu/drm/i915/gt/uc/intel_guc_ads.o
  CC [M]  drivers/gpu/drm/nouveau/nvkm/subdev/clk/gk20a_devfreq.o
  CC [M]  fs/lockd/svcproc.o
  CC [M]  drivers/gpu/drm/amd/amdgpu/psp_v14_0.o
  CC [M]  drivers/net/wireless/realtek/rtlwifi/rtl8192du/led.o
  CC      fs/xfs/scrub/dirtree_repair.o
  CC [M]  drivers/net/ethernet/mellanox/mlxsw/spectrum_flower.o
  CC [M]  drivers/net/wireless/realtek/rtl8xxxu/8723b.o
  CC [M]  drivers/hwmon/abituguru.o
  CC [M]  drivers/net/ethernet/intel/i40e/i40e_debugfs.o
  CC [M]  drivers/media/v4l2-core/v4l2-common.o
  CC [M]  drivers/net/ethernet/mellanox/mlx5/core/lib/fs_ttc.o
  CC [M]  drivers/gpu/drm/nouveau/nvkm/subdev/clk/pllnv04.o
  CC      drivers/thermal/thermal_hwmon.o
  CC [M]  fs/nfs/nfs4xdr.o
  CC [M]  drivers/gpu/drm/i915/gt/uc/intel_guc_capture.o
  CC [M]  drivers/net/wireless/realtek/rtlwifi/rtl8192du/phy.o
  CC [M]  fs/lockd/svcsubs.o
  CC [M]  fs/nfsd/nfs3proc.o
  CC [M]  drivers/gpu/drm/amd/amdgpu/psp_v15_0.o
  CC      drivers/thermal/gov_fair_share.o
  CC [M]  drivers/hwmon/abituguru3.o
  CC [M]  drivers/gpu/drm/nouveau/nvkm/subdev/clk/pllgt215.o
  CC [M]  drivers/net/wireless/realtek/rtl8xxxu/8723a.o
  CC      fs/xfs/scrub/findparent.o
  CC [M]  drivers/media/v4l2-core/v4l2-ctrls-core.o
  CC [M]  drivers/gpu/drm/xe/xe_vm_madvise.o
  CC [M]  drivers/net/ethernet/mellanox/mlxsw/spectrum_cnt.o
  CC      drivers/thermal/gov_bang_bang.o
  CC [M]  drivers/net/ethernet/mellanox/mlx5/core/diag/fs_tracepoint.o
  CC [M]  drivers/gpu/drm/amd/amdgpu/psp_v15_0_8.o
  CC [M]  drivers/hwmon/ad7414.o
  CC [M]  fs/lockd/mon.o
  CC [M]  drivers/gpu/drm/nouveau/nvkm/subdev/devinit/base.o
  CC [M]  drivers/net/ethernet/intel/i40e/i40e_diag.o
  CC      drivers/thermal/gov_step_wise.o
  CC [M]  drivers/net/wireless/realtek/rtl8xxxu/8192c.o
  CC [M]  fs/nfsd/nfs3xdr.o
  CC [M]  drivers/gpu/drm/i915/gt/uc/intel_guc_ct.o
  CC [M]  drivers/net/wireless/realtek/rtlwifi/rtl8192du/rf.o
  CC      fs/xfs/scrub/fscounters_repair.o
  CC [M]  drivers/gpu/drm/xe/xe_vram.o
  CC [M]  drivers/hwmon/ad7418.o
  CC      drivers/thermal/gov_user_space.o
  CC [M]  drivers/gpu/drm/nouveau/nvkm/subdev/devinit/nv04.o
  CC [M]  drivers/net/ethernet/mellanox/mlxsw/spectrum_fid.o
  CC [M]  drivers/gpu/drm/amd/amdgpu/dce_v10_0.o
  CC [M]  drivers/net/ethernet/intel/i40e/i40e_txrx.o
  CC [M]  fs/lockd/trace.o
  CC [M]  drivers/media/v4l2-core/v4l2-ctrls-api.o
  CC [M]  drivers/net/wireless/realtek/rtl8xxxu/8188f.o
  CC [M]  drivers/net/ethernet/mellanox/mlx5/core/diag/fw_tracer.o
  AR      drivers/thermal/broadcom/built-in.a
  CC [M]  drivers/hwmon/adc128d818.o
  AR      drivers/thermal/renesas/built-in.a
  AR      drivers/thermal/samsung/built-in.a
  CC [M]  drivers/net/wireless/realtek/rtlwifi/rtl8192du/sw.o
  CC      drivers/thermal/intel/intel_tcc.o
  CC [M]  drivers/gpu/drm/xe/xe_vram_freq.o
  CC [M]  drivers/gpu/drm/i915/gt/uc/intel_guc_debugfs.o
  CC [M]  fs/nfsd/netlink.o
  CC      fs/xfs/scrub/ialloc_repair.o
  CC [M]  drivers/gpu/drm/nouveau/nvkm/subdev/devinit/nv05.o
  CC      drivers/thermal/intel/therm_throt.o
  CC [M]  fs/lockd/xdr.o
  CC [M]  drivers/media/v4l2-core/v4l2-ctrls-request.o
  CC [M]  fs/nfs/nfs4state.o
  CC [M]  drivers/hwmon/adm1025.o
  CC [M]  fs/nfsd/nfs4proc.o
  CC [M]  drivers/gpu/drm/i915/gt/uc/intel_guc_fw.o
  CC [M]  drivers/gpu/drm/xe/xe_vsec.o
  CC [M]  drivers/net/wireless/realtek/rtlwifi/rtl8192du/table.o
  CC [M]  drivers/net/wireless/realtek/rtlwifi/rtl8192du/trx.o
  CC [M]  drivers/net/wireless/realtek/rtl8xxxu/8188e.o
  CC [M]  drivers/gpu/drm/nouveau/nvkm/subdev/devinit/nv10.o
  CC [M]  drivers/gpu/drm/amd/amdgpu/amdgpu_vkms.o
  CC [M]  drivers/thermal/intel/intel_powerclamp.o
  CC      fs/xfs/scrub/inode_repair.o
  CC [M]  drivers/net/ethernet/mellanox/mlx5/core/diag/crdump.o
  CC [M]  drivers/net/ethernet/mellanox/mlxsw/spectrum_ipip.o
  CC [M]  drivers/media/v4l2-core/v4l2-ctrls-defs.o
  CC [M]  drivers/hwmon/adm1026.o
  CC [M]  fs/lockd/netlink.o
  CC [M]  drivers/gpu/drm/xe/xe_wa.o
  CC [M]  drivers/gpu/drm/nouveau/nvkm/subdev/devinit/nv1a.o
  CC [M]  drivers/gpu/drm/i915/gt/uc/intel_guc_hwconfig.o
  CC [M]  drivers/net/ethernet/intel/i40e/i40e_ptp.o
  LD [M]  drivers/net/wireless/realtek/rtlwifi/rtl8192du/rtl8192du.o
  CC [M]  drivers/net/wireless/realtek/rtlwifi/rtl8723ae/dm.o
  CC [M]  drivers/thermal/intel/x86_pkg_temp_thermal.o
  CC [M]  drivers/gpu/drm/amd/amdgpu/amdgpu_gfx.o
  CC [M]  drivers/net/wireless/realtek/rtl8xxxu/8710b.o
  CC [M]  fs/lockd/clnt4xdr.o
  CC [M]  drivers/net/ethernet/mellanox/mlx5/core/devlink.o
  CC [M]  drivers/media/v4l2-core/v4l2-compat-ioctl32.o
  CC [M]  drivers/gpu/drm/nouveau/nvkm/subdev/devinit/nv20.o
  CC [M]  drivers/gpu/drm/i915/gt/uc/intel_guc_log.o
  CC [M]  drivers/thermal/intel/intel_soc_dts_iosf.o
  CC [M]  fs/nfs/nfs4renewd.o
  CC [M]  drivers/gpu/drm/xe/xe_wait_user_fence.o
  CC [M]  drivers/hwmon/adm1029.o
  CC [M]  drivers/net/ethernet/mellanox/mlxsw/spectrum_acl_flex_actions.o
  CC [M]  fs/nfsd/nfs4xdr.o
  CC      fs/xfs/scrub/newbt.o
  CC [M]  drivers/net/wireless/realtek/rtlwifi/rtl8723ae/fw.o
  CC [M]  drivers/media/v4l2-core/v4l2-mc.o
  CC [M]  drivers/gpu/drm/nouveau/nvkm/subdev/devinit/nv50.o
  CC [M]  fs/lockd/svc4proc.o
  CC [M]  drivers/thermal/intel/intel_soc_dts_thermal.o
  CC [M]  drivers/net/ethernet/intel/i40e/i40e_ddp.o
  CC [M]  drivers/net/wireless/realtek/rtl8xxxu/8192f.o
  CC [M]  drivers/gpu/drm/xe/xe_wopcm.o
  CC [M]  drivers/hwmon/adm1031.o
  CC [M]  drivers/gpu/drm/i915/gt/uc/intel_guc_log_debugfs.o
  CC [M]  fs/nfs/nfs4super.o
  CC [M]  drivers/gpu/drm/amd/amdgpu/amdgpu_rlc.o
  CC [M]  drivers/net/ethernet/mellanox/mlx5/core/sh_devlink.o
  CC [M]  drivers/thermal/intel/intel_pch_thermal.o
  CC [M]  drivers/media/v4l2-core/v4l2-trace.o
  CC [M]  drivers/gpu/drm/nouveau/nvkm/subdev/devinit/g84.o
  CC [M]  drivers/net/wireless/realtek/rtlwifi/rtl8723ae/hal_btc.o
  CC [M]  drivers/gpu/drm/xe/xe_svm.o
  CC [M]  drivers/gpu/drm/i915/gt/uc/intel_guc_rc.o
  CC [M]  drivers/net/ethernet/mellanox/mlxsw/spectrum_acl_flex_keys.o
  CC      fs/xfs/scrub/nlinks_repair.o
  CC [M]  fs/lockd/nlm4xdr_gen.o
  CC [M]  drivers/hwmon/adm1177.o
  CC [M]  drivers/net/ethernet/intel/i40e/i40e_client.o
  LD [M]  drivers/net/wireless/realtek/rtl8xxxu/rtl8xxxu.o
  AR      drivers/thermal/intel/built-in.a
  CC [M]  drivers/thermal/intel/int340x_thermal/int3400_thermal.o
  CC [M]  drivers/gpu/drm/i915/gt/uc/intel_guc_slpc.o
  CC [M]  fs/nfs/nfs4file.o
  CC [M]  drivers/gpu/drm/nouveau/nvkm/subdev/devinit/g98.o
  CC [M]  drivers/gpu/drm/amd/amdgpu/gfx_v8_0.o
  CC [M]  drivers/net/ethernet/mellanox/mlx5/core/diag/rsc_dump.o
  CC [M]  drivers/media/v4l2-core/v4l2-i2c.o
  CC [M]  drivers/hwmon/adm9240.o
  CC [M]  drivers/net/ethernet/mellanox/mlxsw/spectrum1_mr_tcam.o
  CC [M]  drivers/net/wireless/realtek/rtlwifi/rtl8723ae/hal_bt_coexist.o
  CC [M]  drivers/thermal/intel/int340x_thermal/int340x_thermal_zone.o
  CC [M]  fs/lockd/procfs.o
  CC      fs/xfs/scrub/orphanage.o
  CC [M]  drivers/gpu/drm/nouveau/nvkm/subdev/devinit/gt215.o
  AR      drivers/thermal/st/built-in.a
  LD [M]  drivers/gpu/drm/drm_shmem_helper.o
  CC [M]  fs/nfsd/nfs4state.o
  CC [M]  drivers/gpu/drm/xe/xe_hwmon.o
  CC [M]  drivers/gpu/drm/i915/gt/uc/intel_guc_submission.o
  LD [M]  drivers/media/v4l2-core/videodev.o
  CC [M]  drivers/media/dvb-core/dvbdev.o
  CC [M]  drivers/thermal/intel/int340x_thermal/int3402_thermal.o
  CC [M]  fs/nfs/delegation.o
  CC [M]  drivers/net/ethernet/intel/i40e/i40e_virtchnl_pf.o
  CC [M]  drivers/hwmon/ads7828.o
  CC [M]  drivers/gpu/drm/i915/gt/uc/intel_huc.o
  LD [M]  fs/lockd/lockd.o
  CC [M]  drivers/net/ethernet/intel/i40e/i40e_xsk.o
  CC [M]  drivers/net/ethernet/mellanox/mlx5/core/diag/reporter_vnic.o
  CC [M]  drivers/net/wireless/realtek/rtlwifi/rtl8723ae/hw.o
  CC [M]  drivers/gpu/drm/nouveau/nvkm/subdev/devinit/mcp89.o
  CC [M]  drivers/net/ethernet/mellanox/mlxsw/spectrum2_mr_tcam.o
  CC [M]  drivers/thermal/intel/int340x_thermal/int3403_thermal.o
  CC      fs/xfs/scrub/parent_repair.o
  CC [M]  drivers/hwmon/adt7x10.o
  CC [M]  drivers/media/dvb-core/dmxdev.o
  CC [M]  drivers/gpu/drm/nouveau/nvkm/subdev/devinit/gf100.o
  CC [M]  drivers/gpu/drm/xe/xe_pmu.o
  CC [M]  drivers/hwmon/adt7410.o
  CC [M]  drivers/thermal/intel/int340x_thermal/processor_thermal_device.o
  CC [M]  drivers/net/ethernet/mellanox/mlx5/core/fw_reset.o
  CC [M]  drivers/net/wireless/realtek/rtlwifi/rtl8723be/dm.o
  CC [M]  drivers/gpu/drm/amd/amdgpu/gfx_v9_0.o
  CC [M]  drivers/net/wireless/realtek/rtlwifi/rtl8723ae/led.o
  CC [M]  drivers/net/ethernet/mellanox/mlxsw/spectrum_mr_tcam.o
  CC [M]  drivers/net/wireless/realtek/rtlwifi/rtl8723be/fw.o
  CC [M]  drivers/hwmon/adt7411.o
  CC [M]  drivers/media/dvb-core/dvb_demux.o
  CC [M]  drivers/gpu/drm/nouveau/nvkm/subdev/devinit/gm107.o
  CC [M]  fs/nfs/nfs4idmap.o
  CC [M]  drivers/thermal/intel/int340x_thermal/int3401_thermal.o
  CC [M]  drivers/gpu/drm/xe/xe_configfs.o
  CC      fs/xfs/scrub/rcbag_btree.o
  CC [M]  drivers/gpu/drm/i915/gt/uc/intel_huc_debugfs.o
  CC [M]  drivers/hwmon/adt7462.o
  CC [M]  drivers/net/ethernet/mellanox/mlx5/core/qos.o
  CC [M]  drivers/thermal/intel/int340x_thermal/processor_thermal_device_pci_legacy.o
  CC [M]  drivers/gpu/drm/nouveau/nvkm/subdev/devinit/gm200.o
  CC [M]  drivers/gpu/drm/amd/amdgpu/gfx_v9_4.o
  CC [M]  drivers/net/wireless/realtek/rtlwifi/rtl8723ae/phy.o
  CC [M]  drivers/net/ethernet/intel/i40e/i40e_devlink.o
  CC [M]  drivers/media/dvb-core/dvb_ca_en50221.o
  CC [M]  drivers/net/wireless/realtek/rtlwifi/rtl8723be/hw.o
  CC [M]  drivers/gpu/drm/i915/gt/uc/intel_huc_fw.o
  CC [M]  drivers/net/ethernet/mellanox/mlxsw/spectrum_mr.o
  CC [M]  drivers/thermal/intel/int340x_thermal/processor_thermal_device_pci.o
  CC [M]  fs/nfs/callback.o
  CC [M]  drivers/gpu/drm/nouveau/nvkm/subdev/devinit/gv100.o
  CC [M]  drivers/gpu/drm/xe/xe_gt_sriov_vf.o
  CC      fs/xfs/scrub/rcbag.o
  CC [M]  drivers/net/ethernet/mellanox/mlx5/core/lib/tout.o
  CC [M]  drivers/media/dvb-core/dvb_frontend.o
  CC [M]  drivers/hwmon/adt7470.o
  CC [M]  drivers/gpu/drm/amd/amdgpu/gfx_v9_4_2.o
  CC [M]  drivers/thermal/intel/int340x_thermal/processor_thermal_rapl.o
  CC [M]  drivers/gpu/drm/i915/gt/uc/intel_uc.o
  LD [M]  drivers/net/ethernet/intel/i40e/i40e.o
  CC [M]  drivers/net/ethernet/intel/iavf/iavf_main.o
  CC [M]  drivers/net/wireless/realtek/rtlwifi/rtl8723ae/pwrseq.o
  CC [M]  drivers/gpu/drm/nouveau/nvkm/subdev/devinit/tu102.o
  CC [M]  fs/nfsd/nfs4idmap.o
  CC [M]  fs/nfs/callback_xdr.o
  CC [M]  drivers/net/wireless/realtek/rtlwifi/rtl8723be/led.o
  CC      fs/xfs/scrub/reap.o
  CC [M]  drivers/gpu/drm/xe/xe_guc_relay.o
  CC [M]  drivers/thermal/intel/int340x_thermal/processor_thermal_rfim.o
  CC [M]  drivers/net/ethernet/mellanox/mlx5/core/lib/aso.o
  CC [M]  drivers/gpu/drm/nouveau/nvkm/subdev/devinit/ga100.o
  CC [M]  drivers/hwmon/adt7475.o
  CC [M]  drivers/gpu/drm/i915/gt/uc/intel_uc_debugfs.o
  CC [M]  drivers/hwmon/aht10.o
  CC [M]  drivers/net/ethernet/mellanox/mlxsw/spectrum_qdisc.o
  CC [M]  drivers/gpu/drm/amd/amdgpu/gfx_v9_4_3.o
  CC [M]  drivers/net/wireless/realtek/rtlwifi/rtl8723ae/rf.o
  CC [M]  drivers/media/dvb-core/dvb_net.o
  CC [M]  fs/nfsd/nfs4acl.o
  CC [M]  drivers/net/wireless/realtek/rtlwifi/rtl8723be/phy.o
  CC [M]  drivers/thermal/intel/int340x_thermal/platform_temperature_control.o
  CC [M]  drivers/gpu/drm/xe/xe_memirq.o
  CC [M]  drivers/gpu/drm/nouveau/nvkm/subdev/devinit/r535.o
  LD [M]  drivers/gpu/drm/drm_suballoc_helper.o
  CC [M]  drivers/gpu/drm/i915/gt/uc/intel_uc_fw.o
  CC [M]  drivers/net/ethernet/mellanox/mlx5/core/wc.o
  CC [M]  fs/nfs/callback_proc.o
  CC [M]  drivers/net/wireless/realtek/rtlwifi/rtl8723be/pwrseq.o
  CC      fs/xfs/scrub/refcount_repair.o
  CC [M]  drivers/net/wireless/realtek/rtlwifi/rtl8723ae/sw.o
  CC [M]  drivers/thermal/intel/int340x_thermal/processor_thermal_mbox.o
  CC [M]  drivers/hwmon/applesmc.o
  CC [M]  drivers/media/dvb-core/dvb_ringbuffer.o
  CC [M]  fs/nfsd/nfs4callback.o
  CC [M]  drivers/gpu/drm/xe/xe_sriov.o
  CC [M]  drivers/gpu/drm/nouveau/nvkm/subdev/fault/base.o
  CC [M]  drivers/net/ethernet/mellanox/mlxsw/spectrum_span.o
  CC [M]  drivers/thermal/intel/int340x_thermal/processor_thermal_wt_req.o
  CC [M]  drivers/gpu/drm/amd/amdgpu/gfx_v10_0.o
  CC [M]  drivers/gpu/drm/i915/gt/intel_gsc.o
  CC [M]  drivers/net/wireless/realtek/rtlwifi/rtl8723be/rf.o
  CC [M]  drivers/net/ethernet/intel/iavf/iavf_ethtool.o
  LD [M]  drivers/media/dvb-core/dvb-core.o
  CC [M]  drivers/net/ethernet/mellanox/mlx5/core/fs_pool.o
  CC [M]  drivers/net/wireless/realtek/rtlwifi/rtl8723ae/table.o
  CC [M]  drivers/media/cec/core/cec-core.o
  CC [M]  drivers/net/wireless/realtek/rtlwifi/rtl8723ae/trx.o
  CC [M]  drivers/hwmon/aquacomputer_d5next.o
  CC      fs/xfs/scrub/repair.o
  CC [M]  fs/nfs/nfs4namespace.o
  CC [M]  drivers/gpu/drm/xe/xe_sriov_vf.o
  CC [M]  drivers/gpu/drm/nouveau/nvkm/subdev/fault/user.o
  CC [M]  drivers/thermal/intel/int340x_thermal/processor_thermal_wt_hint.o
  CC [M]  drivers/gpu/drm/i915/i915_hwmon.o
  CC [M]  drivers/media/cec/core/cec-adap.o
  CC [M]  drivers/net/wireless/realtek/rtlwifi/rtl8723be/sw.o
  CC [M]  drivers/thermal/intel/int340x_thermal/processor_thermal_power_floor.o
  CC [M]  drivers/hwmon/as370-hwmon.o
  CC [M]  drivers/gpu/drm/xe/xe_sriov_vf_ccs.o
  CC [M]  drivers/gpu/drm/nouveau/nvkm/subdev/fault/gp100.o
  CC [M]  drivers/net/ethernet/mellanox/mlx5/core/lib/nv_param.o
  CC [M]  fs/nfsd/nfs4recover.o
  CC [M]  fs/nfs/nfs4getroot.o
  LD [M]  drivers/net/wireless/realtek/rtlwifi/rtl8723ae/rtl8723ae.o
  CC [M]  drivers/net/ethernet/mellanox/mlxsw/spectrum_nve.o
  CC [M]  drivers/net/ethernet/intel/iavf/iavf_virtchnl.o
  CC [M]  fs/smb/common/cifs_md4.o
  CC      fs/xfs/scrub/rmap_repair.o
  CC [M]  fs/smb/client/trace.o
  CC [M]  drivers/hwmon/asc7621.o
  CC [M]  drivers/thermal/intel/int340x_thermal/processor_thermal_soc_slider.o
  CC [M]  drivers/net/wireless/realtek/rtlwifi/rtl8723be/table.o
  CC [M]  drivers/gpu/drm/i915/display/hsw_ips.o
  CC [M]  drivers/gpu/drm/nouveau/nvkm/subdev/fault/gp10b.o
  CC [M]  drivers/net/wireless/realtek/rtlwifi/rtl8723be/trx.o
  LD [M]  drivers/gpu/drm/drm_ttm_helper.o
  CC [M]  drivers/gpu/drm/nouveau/nvkm/subdev/fault/gv100.o
  CC [M]  drivers/media/cec/core/cec-api.o
  CC [M]  drivers/gpu/drm/xe/xe_tile_sriov_vf.o
  CC [M]  fs/nfs/nfs4client.o
  CC [M]  drivers/net/ethernet/mellanox/mlx5/core/en/rqt.o
  CC [M]  drivers/thermal/intel/int340x_thermal/int3406_thermal.o
  CC [M]  drivers/hwmon/atxp1.o
  CC [M]  fs/nfsd/nfs4xdr_gen.o
  CC [M]  drivers/net/ethernet/intel/fm10k/fm10k_main.o
  CC [M]  drivers/gpu/drm/nouveau/nvkm/subdev/fault/tu102.o
  CC [M]  drivers/gpu/drm/xe/xe_gt_sriov_pf.o
  CC [M]  drivers/gpu/drm/i915/display/i9xx_display_sr.o
  CC      fs/xfs/scrub/symlink_repair.o
  CC [M]  drivers/media/cec/core/cec-notifier.o
  CC [M]  drivers/net/ethernet/mellanox/mlxsw/spectrum_nve_vxlan.o
  CC [M]  drivers/thermal/intel/int340x_thermal/acpi_thermal_rel.o
  LD [M]  drivers/net/wireless/realtek/rtlwifi/rtl8723be/rtl8723be.o
  CC [M]  drivers/net/wireless/realtek/rtlwifi/rtl8188ee/dm.o
  CC [M]  drivers/net/ethernet/intel/iavf/iavf_fdir.o
  CC [M]  drivers/hwmon/axi-fan-control.o
  CC [M]  fs/nfs/nfs4session.o
  CC [M]  drivers/gpu/drm/i915/display/i9xx_plane.o
  CC [M]  drivers/gpu/drm/amd/amdgpu/imu_v11_0.o
  CC [M]  fs/nfsd/debugfs.o
  CC [M]  drivers/net/ethernet/mellanox/mlx5/core/en/tir.o
  CC [M]  drivers/gpu/drm/xe/xe_gt_sriov_pf_config.o
  CC [M]  drivers/gpu/drm/nouveau/nvkm/subdev/fb/base.o
  LD [M]  drivers/media/cec/core/cec.o
  AR      drivers/thermal/qcom/built-in.a
  AR      drivers/media/built-in.a
  AR      drivers/thermal/tegra/built-in.a
  AR      drivers/thermal/mediatek/built-in.a
  AR      drivers/thermal/built-in.a
  CC [M]  drivers/gpu/drm/amd/amdgpu/gfx_v11_0.o
  CC [M]  drivers/hwmon/coretemp.o
  AR      drivers/net/ethernet/myricom/built-in.a
  CC [M]  drivers/net/ethernet/myricom/myri10ge/myri10ge.o
  CC      fs/xfs/scrub/tempfile.o
  CC [M]  drivers/net/wireless/realtek/rtlwifi/rtl8188ee/fw.o
  CC [M]  drivers/net/ethernet/intel/fm10k/fm10k_common.o
  CC [M]  drivers/net/ethernet/intel/iavf/iavf_adv_rss.o
  CC [M]  drivers/net/ethernet/mellanox/mlxsw/spectrum_dpipe.o
  CC [M]  drivers/gpu/drm/nouveau/nvkm/subdev/fb/nv04.o
  LD [M]  fs/nfsd/nfsd.o
  CC [M]  drivers/net/ethernet/intel/fm10k/fm10k_pci.o
  CC [M]  fs/nfs/dns_resolve.o
  CC [M]  drivers/net/wireless/realtek/rtlwifi/rtl8188ee/hw.o
  CC [M]  drivers/hwmon/corsair-cpro.o
  CC [M]  drivers/net/ethernet/mellanox/mlx5/core/en/rss.o
  CC [M]  drivers/gpu/drm/i915/display/i9xx_wm.o
  CC [M]  drivers/gpu/drm/nouveau/nvkm/subdev/fb/nv10.o
  CC [M]  drivers/hwmon/corsair-psu.o
  CC [M]  fs/smb/client/cifsfs.o
  AR      fs/xfs/built-in.a
  LD [M]  drivers/gpu/drm/drm_kms_helper.o
  CC [M]  drivers/gpu/drm/xe/xe_gt_sriov_pf_control.o
  CC [M]  drivers/net/wireless/realtek/rtlwifi/btcoexist/halbtc8192e2ant.o
  CC [M]  fs/nfs/nfs4trace.o
  CC [M]  drivers/net/ethernet/intel/iavf/iavf_txrx.o
  CC [M]  drivers/net/wireless/realtek/rtw88/main.o
  CC [M]  drivers/net/wireless/realtek/rtlwifi/btcoexist/halbtc8723b1ant.o
  CC [M]  drivers/gpu/drm/nouveau/nvkm/subdev/fb/nv1a.o
  CC [M]  drivers/net/ethernet/mellanox/mlxsw/spectrum_trap.o
  CC [M]  drivers/hwmon/dell-smm-hwmon.o
  CC [M]  drivers/net/ethernet/mellanox/mlx5/core/en/rx_res.o
  CC [M]  drivers/net/ethernet/intel/fm10k/fm10k_netdev.o
  CC [M]  drivers/net/wireless/realtek/rtlwifi/rtl8188ee/led.o
  CC [M]  drivers/hwmon/dme1737.o
  CC [M]  drivers/gpu/drm/nouveau/nvkm/subdev/fb/nv20.o
  CC [M]  drivers/gpu/drm/xe/xe_gt_sriov_pf_migration.o
  CC [M]  drivers/net/wireless/realtek/rtlwifi/rtl8188ee/phy.o
  CC [M]  fs/smb/client/cifs_debug.o
  CC [M]  drivers/net/wireless/realtek/rtw88/mac80211.o
  CC [M]  fs/ntfs3/attrib.o
  CC [M]  drivers/net/wireless/realtek/rtlwifi/btcoexist/halbtc8723b2ant.o
  CC [M]  drivers/net/ethernet/intel/iavf/iavf_common.o
  CC [M]  drivers/gpu/drm/nouveau/nvkm/subdev/fb/nv25.o
  CC [M]  drivers/gpu/drm/i915/display/intel_alpm.o
  CC [M]  drivers/net/ethernet/mellanox/mlx5/core/en/channels.o
  CC [M]  fs/ntfs3/attrlist.o
  CC [M]  drivers/net/ethernet/mellanox/mlxsw/spectrum_ethtool.o
  CC [M]  drivers/net/ethernet/intel/fm10k/fm10k_ethtool.o
  CC [M]  drivers/hwmon/drivetemp.o
  CC [M]  drivers/gpu/drm/xe/xe_gt_sriov_pf_monitor.o
  CC [M]  drivers/gpu/drm/amd/amdgpu/gfx_v11_0_3.o
  CC [M]  drivers/gpu/drm/nouveau/nvkm/subdev/fb/nv30.o
  CC [M]  drivers/net/ethernet/intel/ice/ice_main.o
  CC [M]  drivers/net/wireless/realtek/rtw88/util.o
  CC [M]  drivers/net/ethernet/intel/iavf/iavf_adminq.o
  CC [M]  fs/smb/client/connect.o
  CC [M]  drivers/hwmon/ds620.o
  CC [M]  drivers/net/wireless/realtek/rtlwifi/rtl8188ee/pwrseq.o
  CC [M]  fs/ntfs3/bitfunc.o
  CC [M]  drivers/gpu/drm/i915/display/intel_atomic.o
  CC [M]  drivers/net/ethernet/mellanox/mlx5/core/en_main.o
  CC [M]  drivers/net/ethernet/intel/fm10k/fm10k_pf.o
  CC [M]  drivers/gpu/drm/xe/xe_gt_sriov_pf_policy.o
  CC [M]  drivers/gpu/drm/nouveau/nvkm/subdev/fb/nv35.o
  CC [M]  drivers/gpu/drm/amd/amdgpu/imu_v11_0_3.o
  CC [M]  drivers/net/wireless/realtek/rtlwifi/btcoexist/halbtc8821a1ant.o
  CC [M]  drivers/net/ethernet/mellanox/mlxsw/spectrum_policer.o
  CC [M]  drivers/net/wireless/realtek/rtw88/debug.o
  CC [M]  drivers/hwmon/ds1621.o
  CC [M]  fs/ntfs3/bitmap.o
  CC [M]  drivers/net/wireless/realtek/rtlwifi/rtl8188ee/rf.o
  CC [M]  drivers/net/ethernet/intel/iavf/iavf_ptp.o
  CC [M]  drivers/gpu/drm/i915/display/intel_audio.o
  CC [M]  drivers/gpu/drm/xe/xe_gt_sriov_pf_service.o
  CC [M]  drivers/gpu/drm/nouveau/nvkm/subdev/fb/nv36.o
  CC [M]  drivers/gpu/drm/amd/amdgpu/gfx_v12_0.o
  CC [M]  drivers/hwmon/emc1403.o
  CC [M]  drivers/net/wireless/realtek/rtw88/tx.o
  CC [M]  drivers/net/ethernet/intel/fm10k/fm10k_vf.o
  CC [M]  fs/nfs/pnfs.o
  CC [M]  drivers/net/wireless/realtek/rtlwifi/rtl8188ee/sw.o
  CC [M]  fs/ntfs3/dir.o
  CC [M]  drivers/net/wireless/realtek/rtlwifi/btcoexist/halbtc8821a2ant.o
  CC [M]  drivers/gpu/drm/nouveau/nvkm/subdev/fb/nv40.o
  CC [M]  drivers/net/ethernet/mellanox/mlxsw/spectrum_pgt.o
  CC [M]  drivers/gpu/drm/xe/xe_lmtt.o
  CC [M]  drivers/gpu/drm/i915/display/intel_bios.o
  LD [M]  drivers/net/ethernet/intel/iavf/iavf.o
  CC [M]  drivers/hwmon/emc2103.o
  CC [M]  fs/smb/client/dir.o
  CC [M]  drivers/net/ethernet/intel/fm10k/fm10k_mbx.o
  CC [M]  drivers/hwmon/emc6w201.o
  CC [M]  drivers/net/wireless/realtek/rtw88/rx.o
  CC [M]  fs/ntfs3/fsntfs.o
  CC [M]  drivers/gpu/drm/nouveau/nvkm/subdev/fb/nv41.o
  CC [M]  drivers/net/wireless/realtek/rtlwifi/rtl8188ee/table.o
  CC [M]  drivers/net/wireless/realtek/rtlwifi/rtl8188ee/trx.o
  CC [M]  drivers/net/ethernet/intel/fm10k/fm10k_iov.o
  CC [M]  drivers/gpu/drm/xe/xe_lmtt_2l.o
  CC [M]  drivers/net/ethernet/mellanox/mlxsw/spectrum_port_range.o
  CC [M]  drivers/gpu/drm/xe/xe_lmtt_ml.o
  CC [M]  drivers/hwmon/f71805f.o
  CC [M]  drivers/gpu/drm/nouveau/nvkm/subdev/fb/nv44.o
  CC [M]  drivers/net/wireless/realtek/rtlwifi/btcoexist/halbtcoutsrc.o
  CC [M]  drivers/gpu/drm/xe/xe_mert.o
  CC [M]  drivers/gpu/drm/amd/amdgpu/gfx_v12_1.o
  CC [M]  drivers/net/wireless/realtek/rtw88/mac.o
  CC [M]  drivers/net/ethernet/mellanox/mlx5/core/en_common.o
  CC [M]  drivers/net/ethernet/intel/ice/ice_controlq.o
  CC [M]  fs/nfs/pnfs_dev.o
  CC [M]  drivers/gpu/drm/nouveau/nvkm/subdev/fb/nv46.o
  CC [M]  fs/smb/client/file.o
  CC [M]  drivers/net/ethernet/intel/fm10k/fm10k_tlv.o
  CC [M]  fs/ntfs3/frecord.o
  CC [M]  drivers/gpu/drm/xe/xe_pci_sriov.o
  CC [M]  drivers/gpu/drm/i915/display/intel_bo.o
  CC [M]  drivers/hwmon/f71882fg.o
  LD [M]  drivers/net/wireless/realtek/rtlwifi/rtl8188ee/rtl8188ee.o
  CC [M]  drivers/gpu/drm/i915/display/intel_bw.o
  CC [M]  drivers/net/ethernet/mellanox/mlxsw/spectrum_ptp.o
  CC [M]  fs/9p/vfs_super.o
  CC [M]  drivers/net/wireless/realtek/rtlwifi/btcoexist/rtl_btc.o
  CC [M]  drivers/gpu/drm/nouveau/nvkm/subdev/fb/nv47.o
  CC [M]  drivers/net/wireless/realtek/rtw88/phy.o
  CC [M]  drivers/net/wireless/realtek/rtw89/core.o
  CC [M]  drivers/gpu/drm/xe/xe_sriov_packet.o
  CC [M]  drivers/net/ethernet/intel/fm10k/fm10k_debugfs.o
  CC [M]  drivers/net/ethernet/mellanox/mlx5/core/en_fs.o
  CC [M]  fs/nfs/pnfs_nfs.o
  CC [M]  drivers/net/ethernet/intel/ice/ice_common.o
  CC [M]  drivers/gpu/drm/nouveau/nvkm/subdev/fb/nv49.o
  CC [M]  drivers/hwmon/f75375s.o
  CC [M]  fs/9p/vfs_inode.o
  CC [M]  drivers/gpu/drm/i915/display/intel_casf.o
  CC [M]  fs/ntfs3/file.o
  LD [M]  drivers/net/wireless/realtek/rtlwifi/btcoexist/btcoexist.o
  CC [M]  drivers/net/wireless/realtek/rtlwifi/rtl8723com/main.o
  CC [M]  drivers/gpu/drm/xe/xe_sriov_pf.o
  LD [M]  drivers/net/ethernet/intel/fm10k/fm10k.o
  CC [M]  drivers/hwmon/fam15h_power.o
  CC [M]  drivers/gpu/drm/nouveau/nvkm/subdev/fb/nv4e.o
  CC [M]  drivers/net/ethernet/mellanox/mlxsw/minimal.o
  CC [M]  drivers/net/ethernet/intel/ice/ice_nvm.o
  CC [M]  drivers/net/wireless/realtek/rtw88/coex.o
  CC [M]  drivers/gpu/drm/i915/display/intel_cdclk.o
drivers/net/ethernet/mellanox/mlx5/core/en_fs.c: In function ‘mlx5e_create_inner_ttc_table’:
drivers/net/ethernet/mellanox/mlx5/core/en_fs.c:1325:1: warning: the frame size of 1088 bytes is larger than 1024 bytes [-Wframe-larger-than=]
 1325 | }
      | ^
  CC [M]  fs/9p/vfs_inode_dotl.o
  CC [M]  drivers/net/wireless/realtek/rtlwifi/rtl8723com/dm_common.o
  CC [M]  fs/smb/client/inode.o
drivers/net/ethernet/mellanox/mlx5/core/en_fs.c: In function ‘mlx5e_create_ttc_table’:
drivers/net/ethernet/mellanox/mlx5/core/en_fs.c:1335:1: warning: the frame size of 1088 bytes is larger than 1024 bytes [-Wframe-larger-than=]
 1335 | }
      | ^
  CC [M]  fs/ntfs3/fslog.o
  CC [M]  drivers/hwmon/fschmd.o
  CC [M]  fs/nfs/nfs4sysctl.o
  CC [M]  drivers/gpu/drm/xe/xe_sriov_pf_control.o
  CC [M]  drivers/gpu/drm/nouveau/nvkm/subdev/fb/nv50.o
  CC [M]  drivers/net/ethernet/mellanox/mlx5/core/en_ethtool.o
  CC [M]  drivers/gpu/drm/amd/amdgpu/imu_v12_0.o
  CC [M]  drivers/net/wireless/realtek/rtlwifi/rtl8723com/fw_common.o
  CC [M]  fs/9p/vfs_addr.o
  LD [M]  drivers/net/ethernet/mellanox/mlxsw/mlxsw_core.o
  LD [M]  drivers/net/ethernet/mellanox/mlxsw/mlxsw_pci.o
  LD [M]  drivers/net/ethernet/mellanox/mlxsw/mlxsw_i2c.o
  LD [M]  drivers/net/ethernet/mellanox/mlxsw/mlxsw_spectrum.o
  CC [M]  drivers/gpu/drm/xe/xe_sriov_pf_debugfs.o
  CC [M]  drivers/gpu/drm/nouveau/nvkm/subdev/fb/g84.o
  LD [M]  drivers/net/ethernet/mellanox/mlxsw/mlxsw_minimal.o
  CC [M]  drivers/gpu/drm/amd/amdgpu/imu_v12_1.o
  CC [M]  fs/nfs/nfs40client.o
  AR      drivers/watchdog/built-in.a
  CC [M]  drivers/watchdog/watchdog_core.o
  CC [M]  drivers/hwmon/ftsteutates.o
  CC [M]  drivers/net/wireless/realtek/rtw88/efuse.o
  CC [M]  drivers/net/wireless/realtek/rtw89/mac80211.o
  CC [M]  fs/9p/vfs_file.o
  CC [M]  drivers/gpu/drm/nouveau/nvkm/subdev/fb/gt215.o
  CC [M]  drivers/net/wireless/realtek/rtlwifi/rtl8723com/phy_common.o
  CC [M]  drivers/gpu/drm/xe/xe_sriov_pf_migration.o
  CC      drivers/md/dm-builtin.o
  CC [M]  fs/ntfs3/inode.o
  CC [M]  drivers/gpu/drm/i915/display/intel_cmtg.o
  CC [M]  drivers/hwmon/g760a.o
  CC [M]  fs/nfs/nfs40proc.o
  CC [M]  fs/smb/client/link.o
  CC [M]  drivers/watchdog/watchdog_dev.o
  CC [M]  drivers/gpu/drm/amd/amdgpu/amdgpu_sdma.o
  CC [M]  drivers/net/wireless/realtek/rtw88/fw.o
  CC [M]  fs/9p/vfs_dir.o
  CC [M]  drivers/net/ethernet/mellanox/mlx5/core/en_tx.o
  CC [M]  drivers/gpu/drm/nouveau/nvkm/subdev/fb/mcp77.o
  CC [M]  drivers/md/md.o
  CC [M]  drivers/gpu/drm/i915/display/intel_color.o
  CC [M]  drivers/hwmon/g762.o
  LD [M]  drivers/watchdog/watchdog.o
  CC [M]  drivers/gpu/drm/xe/xe_sriov_pf_provision.o
  LD [M]  drivers/net/wireless/realtek/rtlwifi/rtl8723com/rtl8723-common.o
  CC [M]  fs/f2fs/dir.o
  CC [M]  drivers/net/wireless/realtek/rtlwifi/rtl8821ae/dm.o
  CC [M]  fs/9p/vfs_dentry.o
  CC [M]  fs/nfs/nfs42proc.o
  CC [M]  drivers/gpu/drm/nouveau/nvkm/subdev/fb/mcp89.o
  CC [M]  drivers/gpu/drm/amd/amdgpu/sdma_v2_4.o
  CC [M]  drivers/net/wireless/realtek/rtw89/mac.o
  CC [M]  fs/smb/client/misc.o
  CC [M]  drivers/hwmon/gl518sm.o
  CC [M]  fs/ntfs3/index.o
  CC [M]  drivers/gpu/drm/xe/xe_sriov_pf_service.o
  CC [M]  fs/9p/v9fs.o
  CC [M]  drivers/gpu/drm/nouveau/nvkm/subdev/fb/gf100.o
  CC [M]  fs/f2fs/file.o
  CC [M]  drivers/net/wireless/realtek/rtw88/ps.o
  CC [M]  drivers/net/wireless/realtek/rtlwifi/rtl8821ae/fw.o
  CC [M]  drivers/net/ethernet/mellanox/mlx5/core/en_rx.o
  CC [M]  drivers/gpu/drm/amd/amdgpu/sdma_v3_0.o
  CC [M]  drivers/gpu/drm/xe/xe_sriov_pf_sysfs.o
  CC [M]  drivers/hwmon/gl520sm.o
  CC [M]  drivers/gpu/drm/nouveau/nvkm/subdev/fb/gf108.o
  CC [M]  fs/9p/fid.o
  CC [M]  fs/smb/client/netmisc.o
  CC [M]  fs/ntfs3/lznt.o
  CC [M]  drivers/net/wireless/realtek/rtw88/sec.o
  CC [M]  fs/nfs/nfs42xattr.o
  CC [M]  drivers/gpu/drm/xe/xe_tile_sriov_pf_debugfs.o
  CC [M]  drivers/gpu/drm/nouveau/nvkm/subdev/fb/gk104.o
  CC [M]  fs/9p/xattr.o
  CC [M]  drivers/hwmon/hih6130.o
  CC [M]  drivers/gpu/drm/i915/display/intel_colorop.o
  CC [M]  drivers/net/wireless/realtek/rtlwifi/rtl8821ae/hw.o
  CC [M]  fs/ntfs3/namei.o
  CC [M]  drivers/gpu/drm/amd/amdgpu/sdma_v4_0.o
  CC [M]  fs/smb/client/smbencrypt.o
  CC [M]  drivers/net/wireless/realtek/rtw88/bf.o
  CC [M]  drivers/gpu/drm/nouveau/nvkm/subdev/fb/gk110.o
  CC [M]  fs/9p/cache.o
  CC [M]  drivers/gpu/drm/i915/display/intel_color_pipeline.o
  CC [M]  drivers/hwmon/i5500_temp.o
  CC [M]  drivers/gpu/drm/xe/display/intel_fbdev_fb.o
  CC [M]  fs/ntfs3/record.o
  CC [M]  fs/nfs/filelayout/filelayout.o
  CC [M]  drivers/net/ethernet/mellanox/mlx5/core/en_dim.o
  CC [M]  drivers/net/wireless/realtek/rtw89/mac_be.o
  CC [M]  drivers/gpu/drm/nouveau/nvkm/subdev/fb/gk20a.o
  CC [M]  fs/9p/acl.o
  CC [M]  drivers/hwmon/i5k_amb.o
  CC [M]  fs/smb/client/transport.o
  CC [M]  drivers/net/wireless/realtek/rtw88/sar.o
  CC [M]  drivers/gpu/drm/i915/display/intel_combo_phy.o
  CC [M]  fs/f2fs/inode.o
  CC [M]  fs/ntfs3/run.o
  CC [M]  drivers/md/md-bitmap.o
  CC [M]  drivers/gpu/drm/xe/display/xe_display.o
  CC [M]  drivers/gpu/drm/amd/amdgpu/sdma_v4_4.o
  CC [M]  drivers/gpu/drm/nouveau/nvkm/subdev/fb/gm107.o
  CC [M]  drivers/net/wireless/realtek/rtlwifi/rtl8821ae/led.o
  CC [M]  drivers/hwmon/ibmaem.o
  LD [M]  fs/9p/9p.o
  AR      drivers/net/ethernet/intel/built-in.a
  AR      drivers/net/ethernet/netronome/built-in.a
  CC [M]  drivers/net/ethernet/intel/ice/ice_switch.o
  CC [M]  drivers/net/wireless/realtek/rtw88/regd.o
  CC [M]  fs/nfs/filelayout/filelayoutdev.o
  CC [M]  drivers/net/ethernet/mellanox/mlx5/core/en_txrx.o
  CC [M]  fs/ntfs3/super.o
  CC [M]  drivers/gpu/drm/i915/display/intel_connector.o
  CC [M]  drivers/gpu/drm/nouveau/nvkm/subdev/fb/gm200.o
  CC [M]  drivers/gpu/drm/amd/amdgpu/sdma_v4_4_2.o
  CC [M]  drivers/gpu/drm/xe/display/xe_display_bo.o
  CC [M]  drivers/hwmon/ibmpex.o
  CC [M]  fs/f2fs/namei.o
  CC [M]  drivers/net/wireless/realtek/rtlwifi/rtl8821ae/phy.o
  CC [M]  fs/smb/client/cached_dir.o
  CC [M]  drivers/net/wireless/realtek/rtw89/phy.o
  CC [M]  drivers/net/wireless/realtek/rtw88/wow.o
  CC [M]  drivers/md/dm-zone.o
  CC [M]  drivers/gpu/drm/i915/display/intel_crtc.o
  CC [M]  drivers/gpu/drm/nouveau/nvkm/subdev/fb/gm20b.o
  CC [M]  drivers/hwmon/ina209.o
  CC [M]  drivers/net/ethernet/mellanox/mlx5/core/en/xdp.o
  LD [M]  fs/nfs/filelayout/nfs_layout_nfsv41_files.o
  CC [M]  drivers/gpu/drm/xe/display/xe_display_pcode.o
  CC [M]  fs/nfs/blocklayout/blocklayout.o
  CC [M]  fs/ntfs3/upcase.o
  CC [M]  drivers/md/dm.o
  CC [M]  drivers/gpu/drm/nouveau/nvkm/subdev/fb/gp100.o
  CC [M]  drivers/hwmon/ina2xx.o
  CC [M]  drivers/gpu/drm/amd/amdgpu/sdma_v5_0.o
  CC [M]  drivers/net/wireless/realtek/rtw88/led.o
  CC [M]  fs/f2fs/hash.o
  CC [M]  fs/smb/client/cifs_unicode.o
  CC [M]  drivers/gpu/drm/xe/display/xe_display_rpm.o
  CC [M]  drivers/gpu/drm/i915/display/intel_crtc_state_dump.o
  CC [M]  fs/ntfs3/xattr.o
  CC [M]  fs/nfs/flexfilelayout/flexfilelayout.o
  CC [M]  drivers/gpu/drm/nouveau/nvkm/subdev/fb/gp102.o
  CC [M]  fs/nfs/blocklayout/dev.o
  CC [M]  drivers/net/wireless/realtek/rtlwifi/rtl8821ae/pwrseq.o
  CC [M]  fs/f2fs/super.o
  CC [M]  drivers/gpu/drm/xe/display/xe_display_wa.o
  CC [M]  drivers/hwmon/ina238.o
  CC [M]  drivers/net/ethernet/mellanox/mlx5/core/en_stats.o
  CC [M]  drivers/net/wireless/realtek/rtw88/rtw8822b.o
  CC [M]  drivers/gpu/drm/i915/display/intel_cursor.o
  CC [M]  fs/ntfs3/lib/decompress_common.o
  CC [M]  fs/smb/client/cifsencrypt.o
  CC [M]  drivers/gpu/drm/nouveau/nvkm/subdev/fb/gp10b.o
  CC [M]  drivers/gpu/drm/xe/display/xe_dsb_buffer.o
  CC [M]  drivers/net/wireless/realtek/rtlwifi/rtl8821ae/rf.o
  CC [M]  fs/ntfs3/lib/lzx_decompress.o
  CC [M]  drivers/gpu/drm/amd/amdgpu/sdma_v5_2.o
  CC [M]  drivers/md/dm-table.o
  CC [M]  drivers/hwmon/ina3221.o
  CC [M]  drivers/net/ethernet/intel/ice/ice_sched.o
  CC [M]  drivers/gpu/drm/nouveau/nvkm/subdev/fb/gv100.o
  CC [M]  fs/nfs/blocklayout/extent_tree.o
  CC [M]  fs/ntfs3/lib/xpress_decompress.o
  CC [M]  drivers/net/wireless/realtek/rtw88/rtw8822b_table.o
  CC [M]  drivers/gpu/drm/xe/display/xe_fb_pin.o
  CC [M]  drivers/gpu/drm/i915/display/intel_dbuf_bw.o
  CC [M]  drivers/net/wireless/realtek/rtlwifi/rtl8821ae/sw.o
  LD [M]  fs/ntfs3/ntfs3.o
  CC [M]  fs/smb/client/readdir.o
  CC [M]  drivers/hwmon/it87.o
  CC [M]  fs/f2fs/inline.o
  CC [M]  drivers/net/wireless/realtek/rtw89/phy_be.o
  CC [M]  drivers/gpu/drm/nouveau/nvkm/subdev/fb/tu102.o
  CC [M]  fs/nfs/flexfilelayout/flexfilelayoutdev.o
  CC [M]  drivers/md/dm-target.o
  CC [M]  drivers/net/ethernet/mellanox/mlx5/core/en_selftest.o
  CC [M]  drivers/net/wireless/realtek/rtw88/rtw8822be.o
  CC [M]  drivers/gpu/drm/i915/display/intel_de.o
  CC [M]  drivers/gpu/drm/amd/amdgpu/sdma_v6_0.o
  CC [M]  drivers/gpu/drm/nouveau/nvkm/subdev/fb/ga100.o
  CC [M]  drivers/net/wireless/realtek/rtlwifi/rtl8821ae/table.o
  CC [M]  fs/nfs/blocklayout/rpc_pipefs.o
  CC [M]  drivers/gpu/drm/xe/display/xe_frontbuffer.o
  CC [M]  drivers/net/wireless/realtek/rtlwifi/rtl8821ae/trx.o
  CC [M]  drivers/md/dm-linear.o
  CC [M]  drivers/net/wireless/realtek/rtw89/fw.o
  CC [M]  fs/smb/client/ioctl.o
  LD [M]  fs/nfs/flexfilelayout/nfs_layout_flexfiles.o
  CC [M]  fs/f2fs/checkpoint.o
  CC [M]  drivers/gpu/drm/i915/display/intel_display.o
  CC [M]  drivers/net/wireless/realtek/rtw88/rtw8822bu.o
  CC [M]  drivers/hwmon/jc42.o
  CC [M]  drivers/gpu/drm/xe/display/xe_hdcp_gsc.o
  CC [M]  drivers/net/ethernet/intel/ice/ice_base.o
  CC [M]  drivers/md/dm-stripe.o
  CC [M]  drivers/gpu/drm/nouveau/nvkm/subdev/fb/ga102.o
  CC [M]  drivers/net/ethernet/mellanox/mlx5/core/en/port.o
  AR      drivers/net/ethernet/ni/built-in.a
  CC [M]  drivers/gpu/drm/xe/display/xe_initial_plane.o
  LD [M]  fs/nfs/blocklayout/blocklayoutdriver.o
  LD [M]  fs/nfs/nfs.o
  LD [M]  fs/nfs/nfsv2.o
  LD [M]  fs/nfs/nfsv3.o
  LD [M]  fs/nfs/nfsv4.o
  CC [M]  fs/smb/client/sess.o
  LD [M]  drivers/net/wireless/realtek/rtlwifi/rtl8821ae/rtl8821ae.o
  CC [M]  drivers/hwmon/k8temp.o
  CC [M]  drivers/net/wireless/realtek/rtlwifi/rtl8192ee/dm.o
  CC [M]  drivers/gpu/drm/nouveau/nvkm/subdev/fb/gh100.o
  CC [M]  drivers/net/wireless/realtek/rtw88/rtw8822c.o
  CC      drivers/opp/core.o
  CC [M]  drivers/gpu/drm/amd/amdgpu/sdma_v7_0.o
  CC [M]  drivers/md/dm-ioctl.o
  CC [M]  drivers/gpu/drm/xe/display/xe_panic.o
  CC [M]  drivers/net/ethernet/intel/ice/ice_lib.o
  CC [M]  drivers/hwmon/k10temp.o
  LD [M]  drivers/net/wireless/realtek/rtlwifi/rtlwifi.o
  CC [M]  drivers/hwmon/lineage-pem.o
  CC [M]  drivers/net/ethernet/mellanox/mlx5/core/en/monitor_stats.o
  CC [M]  drivers/gpu/drm/nouveau/nvkm/subdev/fb/gb100.o
  CC [M]  fs/f2fs/gc.o
  CC [M]  drivers/gpu/drm/nouveau/nvkm/subdev/fb/gb202.o
  CC [M]  drivers/net/wireless/realtek/rtlwifi/rtl8192ee/fw.o
  CC [M]  drivers/net/ethernet/mellanox/mlx5/core/en/health.o
  CC [M]  fs/smb/client/export.o
  CC [M]  drivers/gpu/drm/xe/display/xe_stolen.o
  CC [M]  drivers/hwmon/lm63.o
  CC      drivers/opp/cpu.o
  CC [M]  drivers/net/wireless/realtek/rtw89/cam.o
  CC [M]  drivers/gpu/drm/nouveau/nvkm/subdev/fb/r535.o
  CC [M]  drivers/md/dm-io.o
  CC [M]  drivers/gpu/drm/amd/amdgpu/sdma_v7_1.o
  CC      drivers/opp/debugfs.o
  CC [M]  fs/smb/client/unc.o
  AR      drivers/net/ethernet/nvidia/built-in.a
  CC [M]  drivers/gpu/drm/xe/display/xe_tdf.o
  CC [M]  drivers/net/ethernet/nvidia/forcedeth.o
  CC [M]  drivers/hwmon/lm73.o
  CC [M]  drivers/net/wireless/realtek/rtw88/rtw8822c_table.o
  CC [M]  drivers/gpu/drm/nouveau/nvkm/subdev/fb/ram.o
  CC [M]  drivers/net/wireless/realtek/rtlwifi/rtl8192ee/hw.o
  CC [M]  drivers/md/dm-kcopyd.o
  CC [M]  drivers/net/ethernet/mellanox/mlx5/core/en/reporter_tx.o
  AR      drivers/opp/built-in.a
  CC [M]  fs/smb/client/winucase.o
  CC [M]  drivers/net/ethernet/intel/ice/ice_txrx_lib.o
  CC [M]  fs/f2fs/data.o
  AR      drivers/net/ethernet/qlogic/built-in.a
  CC [M]  drivers/net/ethernet/qlogic/qla3xxx.o
  CC [M]  drivers/gpu/drm/xe/i915-display/icl_dsi.o
  CC [M]  drivers/hwmon/lm75.o
  AR      fs/built-in.a
  CC [M]  drivers/gpu/drm/nouveau/nvkm/subdev/fb/ramnv04.o
  CC [M]  drivers/net/wireless/realtek/rtw89/efuse.o
  CC [M]  fs/smb/client/smb2ops.o
  CC [M]  drivers/gpu/drm/amd/amdgpu/amdgpu_mes.o
  CC [M]  drivers/net/wireless/realtek/rtw88/rtw8822ce.o
  CC [M]  drivers/md/dm-sysfs.o
  CC [M]  drivers/gpu/drm/nouveau/nvkm/subdev/fb/ramnv10.o
  CC [M]  fs/f2fs/node.o
  CC [M]  drivers/gpu/drm/i915/display/intel_display_conversion.o
  CC [M]  drivers/hwmon/lm77.o
  CC [M]  drivers/net/ethernet/mellanox/mlx5/core/en/reporter_rx.o
  CC [M]  drivers/net/wireless/realtek/rtlwifi/rtl8192ee/led.o
  CC [M]  drivers/net/ethernet/intel/ice/ice_txrx.o
  CC [M]  drivers/gpu/drm/i915/display/intel_display_driver.o
  CC [M]  drivers/md/dm-stats.o
  CC [M]  drivers/net/wireless/realtek/rtw88/rtw8822cu.o
  CC [M]  drivers/net/wireless/realtek/rtw89/efuse_be.o
  CC [M]  drivers/gpu/drm/nouveau/nvkm/subdev/fb/ramnv1a.o
  CC [M]  drivers/gpu/drm/nouveau/nvkm/subdev/fb/ramnv20.o
  CC [M]  drivers/gpu/drm/xe/i915-display/intel_alpm.o
  CC [M]  drivers/gpu/drm/amd/amdgpu/mes_v11_0.o
  CC [M]  drivers/net/ethernet/qlogic/qlcnic/qlcnic_hw.o
  CC [M]  drivers/hwmon/lm78.o
  CC [M]  drivers/net/wireless/realtek/rtlwifi/rtl8192ee/phy.o
  CC [M]  drivers/gpu/drm/i915/display/intel_display_irq.o
  CC [M]  drivers/net/wireless/realtek/rtw88/rtw8723x.o
  CC      drivers/cpufreq/cpufreq.o
  CC [M]  drivers/net/ethernet/mellanox/mlx5/core/en/params.o
  CC [M]  drivers/gpu/drm/nouveau/nvkm/subdev/fb/ramnv40.o
  CC [M]  drivers/md/dm-rq.o
  CC [M]  drivers/net/wireless/realtek/rtw89/regd.o
  CC      drivers/cpufreq/freq_table.o
  CC [M]  drivers/gpu/drm/xe/i915-display/intel_atomic.o
  CC [M]  drivers/hwmon/lm80.o
  CC [M]  fs/f2fs/segment.o
  CC [M]  drivers/gpu/drm/amd/amdgpu/mes_v12_0.o
  CC [M]  drivers/gpu/drm/nouveau/nvkm/subdev/fb/ramnv41.o
  LD [M]  drivers/net/wireless/realtek/rtlwifi/rtl_pci.o
  CC [M]  fs/f2fs/recovery.o
  CC [M]  drivers/md/dm-io-rewind.o
  GEN     fs/smb/client/smb2_mapping_table.c
  CC [M]  fs/smb/client/smb2transport.o
  CC [M]  drivers/net/ethernet/intel/ice/ice_fltr.o
  CC [M]  drivers/net/wireless/realtek/rtw88/rtw8723d.o
  CC [M]  drivers/net/ethernet/qlogic/qlcnic/qlcnic_main.o
  CC [M]  drivers/gpu/drm/xe/i915-display/intel_audio.o
  CC [M]  drivers/net/wireless/realtek/rtw89/sar.o
  CC [M]  drivers/hwmon/lm83.o
  CC [M]  drivers/net/wireless/realtek/rtlwifi/rtl8192ee/pwrseq.o
  CC      drivers/cpufreq/cpufreq_stats.o
  CC [M]  drivers/gpu/drm/nouveau/nvkm/subdev/fb/ramnv44.o
  CC [M]  drivers/md/dm-bufio.o
  CC [M]  drivers/gpu/drm/i915/display/intel_display_params.o
  CC [M]  drivers/net/ethernet/mellanox/mlx5/core/en/xsk/pool.o
  CC      drivers/cpufreq/cpufreq_performance.o
  CC      drivers/cpuidle/cpuidle.o
  CC [M]  drivers/gpu/drm/nouveau/nvkm/subdev/fb/ramnv49.o
  CC [M]  drivers/hwmon/lm85.o
  CC [M]  drivers/gpu/drm/i915/display/intel_display_power.o
  CC [M]  drivers/net/ethernet/intel/ice/ice_irq.o
  CC [M]  fs/smb/client/smb2misc.o
  CC [M]  drivers/gpu/drm/amd/amdgpu/mes_v12_1.o
  CC [M]  drivers/net/wireless/realtek/rtlwifi/rtl8192ee/rf.o
  CC [M]  drivers/net/wireless/realtek/rtw88/rtw8723d_table.o
  CC [M]  drivers/net/wireless/realtek/rtw89/coex.o
  CC [M]  drivers/gpu/drm/xe/i915-display/intel_backlight.o
  CC      drivers/cpufreq/cpufreq_powersave.o
  CC [M]  drivers/gpu/drm/nouveau/nvkm/subdev/fb/ramnv4e.o
  CC [M]  drivers/md/dm-bio-prison-v1.o
  CC [M]  drivers/net/ethernet/mellanox/mlx5/core/en/xsk/setup.o
  CC      drivers/cpuidle/driver.o
  CC      drivers/cpufreq/cpufreq_userspace.o
  CC [M]  drivers/net/ethernet/qlogic/qlcnic/qlcnic_init.o
  CC [M]  drivers/net/wireless/realtek/rtlwifi/rtl8192ee/sw.o
  CC [M]  drivers/net/wireless/realtek/rtw88/rtw8723de.o
  CC [M]  drivers/hwmon/lm87.o
  CC [M]  drivers/gpu/drm/nouveau/nvkm/subdev/fb/ramnv50.o
  CC [M]  drivers/net/ethernet/intel/ice/ice_pf_vsi_vlan_ops.o
  CC [M]  drivers/md/dm-bio-prison-v2.o
  CC      drivers/cpuidle/governor.o
  CC [M]  drivers/gpu/drm/i915/display/intel_display_power_map.o
  CC      drivers/cpufreq/cpufreq_ondemand.o
  CC [M]  fs/smb/client/smb2pdu.o
  CC [M]  drivers/gpu/drm/xe/i915-display/intel_bios.o
  CC [M]  fs/f2fs/shrinker.o
  CC      drivers/cpuidle/sysfs.o
  CC [M]  drivers/net/wireless/realtek/rtlwifi/rtl8192ee/table.o
  CC [M]  drivers/net/wireless/realtek/rtlwifi/rtl8192ee/trx.o
  CC [M]  drivers/net/wireless/realtek/rtw88/rtw8723du.o
  CC [M]  drivers/md/dm-crypt.o
  CC [M]  drivers/hwmon/lm90.o
  CC [M]  drivers/net/ethernet/mellanox/mlx5/core/en/xsk/rx.o
  CC [M]  drivers/gpu/drm/amd/amdgpu/mes_userqueue.o
  CC [M]  drivers/gpu/drm/nouveau/nvkm/subdev/fb/ramgt215.o
  CC      drivers/cpufreq/cpufreq_conservative.o
  CC [M]  drivers/gpu/drm/i915/display/intel_display_power_well.o
  CC [M]  drivers/net/ethernet/qlogic/qlcnic/qlcnic_ethtool.o
  CC [M]  drivers/net/ethernet/intel/ice/ice_vsi_vlan_ops.o
  CC      drivers/cpuidle/governors/ladder.o
  CC [M]  fs/f2fs/extent_cache.o
  CC      drivers/cpufreq/cpufreq_governor.o
  CC      drivers/cpuidle/governors/menu.o
  CC [M]  drivers/net/wireless/realtek/rtw88/rtw8821c.o
  CC [M]  drivers/gpu/drm/amd/amdgpu/amdgpu_uvd.o
  LD [M]  drivers/net/wireless/realtek/rtlwifi/rtl8192ee/rtl8192ee.o
  LD [M]  drivers/net/wireless/realtek/rtlwifi/rtl_usb.o
  CC [M]  drivers/gpu/drm/nouveau/nvkm/subdev/fb/rammcp77.o
  CC [M]  drivers/net/wireless/realtek/rtw88/rtw8821c_table.o
  CC [M]  drivers/hwmon/lm92.o
  CC [M]  drivers/net/ethernet/mellanox/mlx5/core/en/xsk/tx.o
  CC [M]  drivers/gpu/drm/xe/i915-display/intel_bo.o
  CC      drivers/cpuidle/governors/haltpoll.o
  CC      drivers/cpufreq/cpufreq_governor_attr_set.o
  CC [M]  drivers/net/ethernet/intel/ice/ice_vsi_vlan_lib.o
  CC [M]  drivers/gpu/drm/i915/display/intel_display_reset.o
  CC [M]  drivers/net/ethernet/qlogic/qlcnic/qlcnic_ctx.o
  CC [M]  fs/f2fs/sysfs.o
  CC [M]  drivers/gpu/drm/nouveau/nvkm/subdev/fb/ramgf100.o
  CC [M]  drivers/hwmon/lm93.o
  CC [M]  drivers/md/dm-snap.o
  CC [M]  drivers/hwmon/lm95234.o
  AR      drivers/cpuidle/governors/built-in.a
  CC      drivers/cpuidle/poll_state.o
  CC [M]  drivers/gpu/drm/xe/i915-display/intel_bw.o
  CC      drivers/cpufreq/amd-pstate.o
  CC [M]  drivers/gpu/drm/amd/amdgpu/uvd_v5_0.o
  CC [M]  drivers/net/wireless/realtek/rtw88/rtw8821ce.o
  CC      drivers/cpuidle/cpuidle-haltpoll.o
  CC [M]  fs/smb/client/smb2inode.o
  CC [M]  drivers/net/ethernet/mellanox/mlx5/core/en/devlink.o
  CC [M]  drivers/net/wireless/realtek/rtw89/ps.o
  CC [M]  drivers/gpu/drm/i915/display/intel_display_rpm.o
  CC [M]  drivers/gpu/drm/nouveau/nvkm/subdev/fb/ramgf108.o
  CC [M]  drivers/net/ethernet/intel/ice/ice_fdir.o
  AR      drivers/net/ethernet/qualcomm/emac/built-in.a
  AR      drivers/net/ethernet/qualcomm/built-in.a
  CC [M]  drivers/net/ethernet/qlogic/qlcnic/qlcnic_io.o
  AR      drivers/cpuidle/built-in.a
  CC [M]  drivers/net/ethernet/qlogic/netxen/netxen_nic_hw.o
  CC [M]  fs/f2fs/debug.o
  CC      drivers/mmc/core/core.o
  CC [M]  drivers/net/wireless/realtek/rtw88/rtw8821cu.o
  CC [M]  drivers/hwmon/lm95241.o
  CC [M]  drivers/gpu/drm/amd/amdgpu/uvd_v6_0.o
  CC [M]  drivers/gpu/drm/i915/display/intel_display_rps.o
  CC [M]  drivers/md/dm-exception-store.o
  CC [M]  drivers/gpu/drm/nouveau/nvkm/subdev/fb/ramgk104.o
  CC [M]  drivers/gpu/drm/xe/i915-display/intel_casf.o
  CC [M]  drivers/net/wireless/realtek/rtw89/chan.o
  CC      drivers/cpufreq/amd-pstate-trace.o
  CC [M]  drivers/net/ethernet/mellanox/mlx5/core/en/ptp.o
  CC [M]  drivers/hwmon/lm95245.o
  CC [M]  drivers/md/dm-snap-transient.o
  CC [M]  fs/f2fs/xattr.o
  CC [M]  drivers/net/wireless/realtek/rtw88/pci.o
  CC [M]  drivers/net/ethernet/intel/ice/ice_ethtool_fdir.o
  CC [M]  drivers/gpu/drm/i915/display/intel_display_snapshot.o
  CC [M]  fs/smb/client/smb2file.o
  CC [M]  drivers/gpu/drm/amd/amdgpu/uvd_v7_0.o
  CC [M]  drivers/gpu/drm/xe/i915-display/intel_cdclk.o
  CC      drivers/mmc/core/bus.o
  CC [M]  drivers/md/dm-snap-persistent.o
  CC [M]  drivers/net/ethernet/qlogic/netxen/netxen_nic_main.o
  CC      drivers/cpufreq/intel_pstate.o
  CC [M]  drivers/hwmon/ltc2945.o
  CC [M]  drivers/net/ethernet/qlogic/qlcnic/qlcnic_sysfs.o
  CC [M]  drivers/gpu/drm/i915/display/intel_display_utils.o
  CC [M]  drivers/gpu/drm/nouveau/nvkm/subdev/fb/ramgm107.o
  CC [M]  fs/f2fs/acl.o
  CC      drivers/mmc/core/host.o
  CC [M]  drivers/hwmon/ltc2947-core.o
  CC [M]  drivers/net/ethernet/mellanox/mlx5/core/en/qos.o
  CC [M]  drivers/gpu/drm/i915/display/intel_display_wa.o
  CC [M]  drivers/md/dm-raid1.o
  CC [M]  drivers/net/wireless/realtek/rtw88/usb.o
  CC [M]  fs/smb/client/cifsacl.o
  CC [M]  drivers/gpu/drm/nouveau/nvkm/subdev/fb/ramgm200.o
  CC [M]  drivers/net/wireless/realtek/rtw89/ser.o
  CC [M]  fs/f2fs/iostat.o
  CC [M]  drivers/net/ethernet/intel/ice/ice_vlan_mode.o
  CC [M]  drivers/net/ethernet/qlogic/qlcnic/qlcnic_minidump.o
  CC      drivers/mmc/core/mmc.o
  CC [M]  drivers/gpu/drm/i915/display/intel_dmc.o
  CC [M]  drivers/hwmon/ltc2947-i2c.o
  CC [M]  drivers/gpu/drm/amd/amdgpu/amdgpu_vce.o
  CC [M]  drivers/gpu/drm/nouveau/nvkm/subdev/fb/ramgp100.o
  CC [M]  drivers/net/ethernet/qlogic/netxen/netxen_nic_init.o
  CC [M]  drivers/cpufreq/acpi-cpufreq.o
  CC [M]  drivers/md/dm-log.o
  LD [M]  fs/f2fs/f2fs.o
  CC [M]  drivers/gpu/drm/amd/amdgpu/vce_v3_0.o
  CC [M]  drivers/net/ethernet/mellanox/mlx5/core/en/htb.o
  CC [M]  drivers/net/wireless/realtek/rtw89/acpi.o
  CC [M]  drivers/gpu/drm/xe/i915-display/intel_cmtg.o
  CC [M]  drivers/hwmon/ltc2990.o
  LD [M]  drivers/net/wireless/realtek/rtw88/rtw88_core.o
  LD [M]  drivers/net/wireless/realtek/rtw88/rtw88_8822b.o
  LD [M]  drivers/net/wireless/realtek/rtw88/rtw88_8822be.o
  LD [M]  drivers/net/wireless/realtek/rtw88/rtw88_8822bu.o
  LD [M]  drivers/net/wireless/realtek/rtw88/rtw88_8822c.o
  LD [M]  drivers/net/wireless/realtek/rtw88/rtw88_8822ce.o
  LD [M]  drivers/net/wireless/realtek/rtw88/rtw88_8822cu.o
  LD [M]  drivers/net/wireless/realtek/rtw88/rtw88_8723x.o
  LD [M]  drivers/net/wireless/realtek/rtw88/rtw88_8723d.o
  LD [M]  drivers/net/wireless/realtek/rtw88/rtw88_8723de.o
  LD [M]  drivers/net/wireless/realtek/rtw88/rtw88_8723du.o
  LD [M]  drivers/net/wireless/realtek/rtw88/rtw88_8821c.o
  LD [M]  drivers/net/wireless/realtek/rtw88/rtw88_8821ce.o
  LD [M]  drivers/net/wireless/realtek/rtw88/rtw88_8821cu.o
  LD [M]  drivers/net/wireless/realtek/rtw88/rtw88_pci.o
  LD [M]  drivers/net/wireless/realtek/rtw88/rtw88_usb.o
  CC [M]  drivers/gpu/drm/nouveau/nvkm/subdev/fb/ramgp102.o
  CC [M]  drivers/net/ethernet/intel/ice/ice_flex_pipe.o
  AR      drivers/ufs/built-in.a
  CC [M]  drivers/cpufreq/powernow-k8.o
  CC [M]  drivers/ufs/core/ufshcd.o
  CC      drivers/mmc/core/mmc_ops.o
  CC [M]  fs/smb/client/fs_context.o
  CC [M]  drivers/md/dm-region-hash.o
  CC [M]  drivers/net/ethernet/qlogic/qlcnic/qlcnic_83xx_hw.o
  CC [M]  drivers/ufs/host/tc-dwc-g210-pci.o
  CC [M]  drivers/gpu/drm/i915/display/intel_dmc_wl.o
  CC [M]  drivers/hwmon/ltc2992.o
  CC [M]  drivers/gpu/drm/xe/i915-display/intel_color.o
  CC [M]  drivers/gpu/drm/amd/amdgpu/vce_v4_0.o
  CC [M]  drivers/gpu/drm/nouveau/nvkm/subdev/fb/sddr2.o
  CC [M]  drivers/net/ethernet/qlogic/netxen/netxen_nic_ethtool.o
  CC [M]  drivers/md/dm-thin.o
  CC [M]  drivers/net/wireless/realtek/rtw89/util.o
  CC [M]  drivers/ufs/host/ufshcd-dwc.o
  CC [M]  drivers/cpufreq/pcc-cpufreq.o
  CC      drivers/mmc/core/sd.o
  CC [M]  drivers/gpu/drm/i915/display/intel_dpio_phy.o
  CC [M]  drivers/net/ethernet/mellanox/mlx5/core/en/trap.o
  CC [M]  drivers/gpu/drm/nouveau/nvkm/subdev/fb/sddr3.o
  CC [M]  drivers/hwmon/ltc4151.o
  CC [M]  drivers/ufs/host/tc-dwc-g210.o
  CC [M]  drivers/cpufreq/amd_freq_sensitivity.o
  CC [M]  fs/smb/client/dns_resolve.o
  CC [M]  drivers/net/ethernet/qlogic/netxen/netxen_nic_ctx.o
  CC [M]  drivers/gpu/drm/amd/amdgpu/amdgpu_vcn.o
  CC [M]  drivers/net/wireless/realtek/rtw89/wow.o
  CC [M]  drivers/hwmon/ltc4215.o
  CC      drivers/mmc/core/sd_ops.o
  CC [M]  drivers/net/ethernet/intel/ice/ice_flow.o
  CC [M]  drivers/gpu/drm/nouveau/nvkm/subdev/fb/gddr3.o
  CC [M]  drivers/ufs/host/cdns-pltfrm.o
  AR      drivers/cpufreq/built-in.a
  CC [M]  drivers/gpu/drm/i915/display/intel_dpll.o
  CC      drivers/mmc/core/sdio.o
  CC [M]  drivers/net/ethernet/qlogic/qlcnic/qlcnic_83xx_init.o
  CC [M]  drivers/net/ethernet/mellanox/mlx5/core/en/fs_tt_redirect.o
  CC [M]  drivers/md/dm-thin-metadata.o
  CC [M]  drivers/hwmon/ltc4222.o
  ASN.1   fs/smb/client/cifs_spnego_negtokeninit.asn1.[ch]
  LD [M]  drivers/net/ethernet/qlogic/netxen/netxen_nic.o
  CC [M]  fs/smb/client/namespace.o
  CC [M]  fs/smb/client/reparse.o
  CC [M]  drivers/ufs/core/ufs-sysfs.o
  CC [M]  drivers/ufs/host/ufshcd-pci.o
  CC [M]  drivers/gpu/drm/nouveau/nvkm/subdev/fb/gddr5.o
  CC [M]  drivers/gpu/drm/amd/amdgpu/vcn_sw_ring.o
  CC      drivers/mmc/core/sdio_ops.o
  CC [M]  drivers/gpu/drm/xe/i915-display/intel_colorop.o
  CC [M]  drivers/net/wireless/realtek/rtw89/rtw8851b.o
  CC [M]  drivers/hwmon/ltc4245.o
  CC [M]  drivers/gpu/drm/nouveau/nvkm/subdev/fuse/base.o
  CC [M]  drivers/net/ethernet/mellanox/mlx5/core/en/selq.o
  CC [M]  drivers/md/persistent-data/dm-array.o
  CC [M]  drivers/ufs/host/ufshcd-pltfrm.o
  CC [M]  drivers/net/ethernet/qlogic/qlcnic/qlcnic_83xx_vnic.o
  CC [M]  drivers/gpu/drm/i915/display/intel_dpll_mgr.o
  CC      drivers/mmc/core/sdio_bus.o
  CC [M]  drivers/net/ethernet/intel/ice/ice_parser.o
  CC [M]  drivers/gpu/drm/amd/amdgpu/vcn_v1_0.o
  CC [M]  drivers/gpu/drm/i915/display/intel_dpt.o
  CC [M]  drivers/gpu/drm/xe/i915-display/intel_color_pipeline.o
  CC [M]  drivers/net/ethernet/qlogic/qlcnic/qlcnic_sriov_common.o
  CC [M]  drivers/hwmon/ltc4260.o
  CC [M]  fs/smb/client/xattr.o
  CC [M]  drivers/gpu/drm/nouveau/nvkm/subdev/fuse/nv50.o
  CC [M]  drivers/gpu/drm/xe/i915-display/intel_combo_phy.o
  CC [M]  drivers/md/persistent-data/dm-bitset.o
  CC [M]  drivers/ufs/core/ufs-mcq.o
  CC      drivers/mmc/core/sdio_cis.o
  CC [M]  drivers/gpu/drm/i915/display/intel_dram.o
  CC [M]  drivers/hwmon/ltc4261.o
  CC [M]  drivers/gpu/drm/nouveau/nvkm/subdev/fuse/gf100.o
  CC [M]  drivers/net/ethernet/mellanox/mlx5/core/lib/crypto.o
  CC [M]  drivers/net/bonding/bond_main.o
  CC [M]  drivers/net/ethernet/intel/ice/ice_parser_rt.o
  CC [M]  drivers/net/wireless/realtek/rtw89/rtw8851b_table.o
  CC [M]  drivers/md/persistent-data/dm-block-manager.o
  CC      drivers/mmc/core/sdio_io.o
  CC [M]  drivers/ufs/core/ufs-txeq.o
  CC [M]  fs/smb/client/fscache.o
  CC [M]  drivers/gpu/drm/nouveau/nvkm/subdev/fuse/gm107.o
  CC [M]  drivers/net/bonding/bond_3ad.o
  CC [M]  drivers/hwmon/max127.o
  CC [M]  drivers/net/ethernet/qlogic/qlcnic/qlcnic_sriov_pf.o
  CC [M]  drivers/gpu/drm/xe/i915-display/intel_connector.o
  CC [M]  drivers/md/persistent-data/dm-space-map-common.o
  CC [M]  drivers/gpu/drm/amd/amdgpu/vcn_v2_0.o
  CC      drivers/mmc/core/sdio_irq.o
  CC [M]  drivers/net/bonding/bond_alb.o
  CC [M]  drivers/gpu/drm/i915/display/intel_drrs.o
  CC [M]  drivers/net/ethernet/mellanox/mlx5/core/lib/sd.o
  CC [M]  drivers/gpu/drm/nouveau/nvkm/subdev/gpio/base.o
  CC [M]  drivers/hwmon/max16065.o
  CC [M]  drivers/ufs/core/ufs-debugfs.o
  CC [M]  drivers/net/ethernet/intel/ice/ice_idc.o
  CC [M]  fs/smb/client/cifssmb.o
  CC [M]  drivers/gpu/drm/xe/i915-display/intel_crtc.o
  CC      drivers/mmc/core/sd_uhs2.o
  CC [M]  drivers/md/persistent-data/dm-space-map-disk.o
  CC [M]  drivers/net/wireless/realtek/rtw89/rtw8851b_rfk.o
  LD [M]  drivers/net/ethernet/qlogic/qlcnic/qlcnic.o
  CC [M]  drivers/net/ethernet/qlogic/qed/qed_chain.o
  CC [M]  drivers/gpu/drm/nouveau/nvkm/subdev/gpio/nv10.o
  CC [M]  drivers/net/bonding/bond_sysfs.o
  CC [M]  drivers/ufs/core/ufs_bsg.o
  CC [M]  drivers/hwmon/max1619.o
  CC [M]  drivers/gpu/drm/i915/display/intel_dsb.o
  CC [M]  drivers/md/persistent-data/dm-space-map-metadata.o
  CC [M]  drivers/net/ethernet/mellanox/mlx5/core/en/pcie_cong_event.o
  CC [M]  drivers/net/ethernet/intel/ice/devlink/devlink.o
  CC      drivers/mmc/core/slot-gpio.o
  CC [M]  drivers/gpu/drm/nouveau/nvkm/subdev/gpio/nv50.o
  CC [M]  drivers/gpu/drm/xe/i915-display/intel_crtc_state_dump.o
  CC [M]  drivers/net/bonding/bond_sysfs_slave.o
  CC [M]  drivers/net/ethernet/qlogic/qed/qed_cxt.o
  CC [M]  drivers/ufs/core/ufs-hwmon.o
  CC [M]  drivers/md/persistent-data/dm-transaction-manager.o
  CC [M]  drivers/hwmon/max1668.o
  CC [M]  drivers/net/ethernet/qlogic/qede/qede_main.o
  CC      drivers/mmc/core/regulator.o
  CC [M]  drivers/gpu/drm/i915/display/intel_fb.o
  CC      drivers/firmware/dmi_scan.o
  CC [M]  drivers/gpu/drm/nouveau/nvkm/subdev/gpio/g94.o
  CC [M]  drivers/net/ethernet/mellanox/mlx5/core/en_arfs.o
  CC [M]  drivers/md/persistent-data/dm-btree.o
  CC [M]  drivers/hwmon/max197.o
  LD [M]  drivers/ufs/core/ufshcd-core.o
  CC [M]  drivers/gpu/drm/xe/i915-display/intel_cursor.o
  AR      drivers/crypto/ccp/built-in.a
  CC [M]  drivers/net/bonding/bond_debugfs.o
  CC [M]  drivers/crypto/ccp/sp-dev.o
  CC [M]  drivers/net/wireless/realtek/rtw89/rtw8851b_rfk_table.o
  CC      drivers/mmc/core/debugfs.o
  CC [M]  drivers/net/ethernet/intel/ice/devlink/health.o
  CC [M]  drivers/gpu/drm/amd/amdgpu/vcn_v2_5.o
  CC [M]  drivers/gpu/drm/nouveau/nvkm/subdev/gpio/gf119.o
  CC      drivers/firmware/dmi-id.o
  CC [M]  drivers/hwmon/max31730.o
  CC [M]  fs/smb/client/smb1debug.o
  CC [M]  drivers/crypto/ccp/sp-platform.o
  CC [M]  drivers/net/ethernet/qlogic/qed/qed_dcbx.o
  CC [M]  drivers/net/bonding/bond_netlink.o
  CC      drivers/mmc/core/block.o
  CC [M]  drivers/md/persistent-data/dm-btree-remove.o
  CC [M]  drivers/net/wireless/realtek/rtw89/rtw8851be.o
  CC      drivers/firmware/memmap.o
  CC [M]  drivers/gpu/drm/i915/display/intel_fb_pin.o
  CC [M]  drivers/gpu/drm/nouveau/nvkm/subdev/gpio/gk104.o
  CC [M]  drivers/net/ethernet/mellanox/mlx5/core/en_fs_ethtool.o
  CC [M]  drivers/hwmon/max6620.o
  CC [M]  drivers/gpu/drm/xe/i915-display/intel_cx0_phy.o
  CC [M]  drivers/crypto/ccp/sp-pci.o
  CC [M]  drivers/net/ethernet/qlogic/qede/qede_fp.o
  CC [M]  drivers/net/ethernet/intel/ice/devlink/port.o
  CC      drivers/firmware/sysfb.o
  CC [M]  drivers/md/persistent-data/dm-btree-spine.o
  CC [M]  fs/smb/client/smb1encrypt.o
  CC [M]  drivers/gpu/drm/nouveau/nvkm/subdev/gpio/ga102.o
  CC [M]  drivers/net/ethernet/qlogic/qed/qed_debug.o
  CC [M]  drivers/net/wireless/realtek/rtw89/rtw8852a.o
  CC [M]  drivers/net/bonding/bond_options.o
  CC [M]  drivers/crypto/ccp/psp-dev.o
  CC [M]  drivers/hwmon/max6621.o
  CC [M]  drivers/gpu/drm/i915/display/intel_fbc.o
  CC      drivers/mmc/core/queue.o
  AR      drivers/firmware/arm_ffa/built-in.a
  LD [M]  drivers/md/persistent-data/dm-persistent-data.o
  AR      drivers/firmware/arm_scmi/built-in.a
  AR      drivers/md/built-in.a
  LD [M]  drivers/md/md-mod.o
  AR      drivers/firmware/broadcom/built-in.a
  LD [M]  drivers/md/dm-mod.o
  LD [M]  drivers/md/dm-bio-prison.o
  LD [M]  drivers/md/dm-snapshot.o
  AR      drivers/firmware/cirrus/test/built-in.a
  LD [M]  drivers/md/dm-mirror.o
  AR      drivers/firmware/cirrus/built-in.a
  LD [M]  drivers/md/dm-thin-pool.o
  AR      drivers/firmware/meson/built-in.a
  CC [M]  drivers/net/ipvlan/ipvlan_core.o
  AR      drivers/firmware/microchip/built-in.a
  CC      drivers/firmware/efi/efi-bgrt.o
  CC [M]  drivers/gpu/drm/nouveau/nvkm/subdev/fsp/base.o
  CC [M]  drivers/crypto/ccp/sev-dev.o
  GEN     fs/smb/client/smb1_mapping_table.c
  CC [M]  drivers/hwmon/max6639.o
  CC [M]  drivers/net/ethernet/mellanox/mlx5/core/lag/mp.o
  GEN     fs/smb/client/smb1_err_dos_map.c
  GEN     fs/smb/client/smb1_err_srv_map.c
  CC [M]  fs/smb/client/smb1misc.o
  CC [M]  drivers/net/ethernet/intel/ice/ice_sf_eth.o
  AR      drivers/mmc/core/built-in.a
  CC      drivers/mmc/host/sdhci.o
  CC      drivers/firmware/efi/efi.o
  CC [M]  drivers/net/bonding/bond_procfs.o
  CC [M]  drivers/net/ethernet/qlogic/qede/qede_filter.o
  CC [M]  drivers/net/wireless/realtek/rtw89/rtw8852a_table.o
  CC [M]  drivers/gpu/drm/nouveau/nvkm/subdev/fsp/gh100.o
  CC [M]  drivers/gpu/drm/xe/i915-display/intel_dbuf_bw.o
  CC [M]  drivers/hwmon/max6650.o
  CC [M]  drivers/gpu/drm/i915/display/intel_fdi.o
  CC [M]  drivers/gpu/drm/amd/amdgpu/vcn_v3_0.o
  CC [M]  fs/smb/client/smb1ops.o
  CC [M]  drivers/net/ipvlan/ipvlan_main.o
  CC [M]  drivers/net/ethernet/mellanox/mlx5/core/lag/port_sel.o
  LD [M]  drivers/net/bonding/bonding.o
  CC [M]  drivers/gpu/drm/nouveau/nvkm/subdev/fsp/gb100.o
  CC      drivers/firmware/efi/vars.o
  AR      drivers/firmware/imx/built-in.a
  CC      drivers/mmc/host/sdhci-uhs2.o
  CC [M]  drivers/crypto/ccp/tee-dev.o
  CC [M]  drivers/net/ethernet/intel/ice/ice_sf_vsi_vlan_ops.o
  CC [M]  drivers/gpu/drm/xe/i915-display/intel_ddi.o
  CC [M]  drivers/hwmon/max6697.o
  CC [M]  drivers/net/ethernet/qlogic/qed/qed_dev.o
  CC      drivers/firmware/efi/reboot.o
  CC [M]  drivers/crypto/ccp/platform-access.o
  CC [M]  drivers/gpu/drm/nouveau/nvkm/subdev/fsp/gb202.o
  CC [M]  drivers/gpu/drm/i915/display/intel_fifo_underrun.o
  CC [M]  drivers/net/ipvlan/ipvlan_l3s.o
  CC [M]  drivers/net/ethernet/qlogic/qede/qede_ethtool.o
  CC [M]  drivers/crypto/ccp/dbc.o
drivers/net/ethernet/mellanox/mlx5/core/lag/port_sel.c: In function ‘mlx5_lag_create_inner_ttc_table’:
drivers/net/ethernet/mellanox/mlx5/core/lag/port_sel.c:547:1: warning: the frame size of 1088 bytes is larger than 1024 bytes [-Wframe-larger-than=]
  547 | }
      | ^
drivers/net/ethernet/mellanox/mlx5/core/lag/port_sel.c: In function ‘mlx5_lag_create_ttc_table’:
drivers/net/ethernet/mellanox/mlx5/core/lag/port_sel.c:531:1: warning: the frame size of 1088 bytes is larger than 1024 bytes [-Wframe-larger-than=]
  531 | }
      | ^
  CC [M]  drivers/net/wireless/realtek/rtw89/rtw8852a_rfk.o
  CC [M]  fs/smb/client/smb1session.o
  CC      drivers/firmware/efi/memattr.o
  CC [M]  drivers/net/ethernet/mellanox/mlx5/core/lib/geneve.o
  CC [M]  drivers/hwmon/max31790.o
  CC [M]  drivers/net/ethernet/intel/ice/ice_ddp.o
  CC      drivers/mmc/host/sdhci-pci-core.o
  AR      drivers/net/ethernet/realtek/built-in.a
  CC [M]  drivers/net/ethernet/realtek/8139too.o
  CC [M]  drivers/gpu/drm/nouveau/nvkm/subdev/gsp/base.o
  CC [M]  drivers/crypto/ccp/hsti.o
  CC [M]  drivers/gpu/drm/i915/display/intel_flipq.o
  CC      drivers/firmware/efi/tpm.o
  CC [M]  drivers/net/ipvlan/ipvtap.o
  CC [M]  drivers/hwmon/mcp3021.o
  CC [M]  drivers/gpu/drm/nouveau/nvkm/subdev/gsp/fwsec.o
  CC [M]  drivers/crypto/ccp/sfs.o
  CC      drivers/firmware/efi/memmap.o
  CC [M]  drivers/net/ethernet/mellanox/mlx5/core/lib/port_tun.o
  CC      drivers/mmc/host/sdhci-pci-o2micro.o
  CC [M]  fs/smb/client/smb1transport.o
  CC [M]  drivers/net/ethernet/realtek/r8169_main.o
  CC [M]  drivers/net/ethernet/qlogic/qede/qede_ptp.o
  CC [M]  drivers/hwmon/tc654.o
  CC [M]  drivers/gpu/drm/amd/amdgpu/vcn_v4_0.o
  CC [M]  drivers/gpu/drm/i915/display/intel_frontbuffer.o
  CC [M]  drivers/crypto/ccp/sev-dev-tsm.o
  CC [M]  drivers/net/ethernet/intel/ice/ice_fw_update.o
  CC [M]  drivers/gpu/drm/nouveau/nvkm/subdev/gsp/gv100.o
  CC [M]  drivers/net/ethernet/qlogic/qed/qed_devlink.o
  LD [M]  drivers/net/ipvlan/ipvlan.o
  CC [M]  drivers/gpu/drm/i915/display/intel_global_state.o
  CC      drivers/firmware/efi/esrt.o
  CC [M]  drivers/net/wireless/realtek/rtw89/rtw8852a_rfk_table.o
  CC [M]  drivers/gpu/drm/xe/i915-display/intel_ddi_buf_trans.o
  CC [M]  drivers/net/ethernet/mellanox/mlx5/core/en_rep.o
  CC      drivers/mmc/host/sdhci-pci-arasan.o
  CC [M]  drivers/hwmon/tps23861.o
  CC [M]  drivers/crypto/ccp/sev-dev-tio.o
  CC [M]  drivers/gpu/drm/nouveau/nvkm/subdev/gsp/tu102.o
  CC [M]  drivers/hwmon/mr75203.o
  CC [M]  fs/smb/client/smb2maperror.o
  CC      drivers/firmware/efi/efi-pstore.o
  LD [M]  drivers/net/ethernet/qlogic/qede/qede.o
  CC      drivers/mmc/host/sdhci-pci-dwc-mshc.o
  CC [M]  drivers/net/ethernet/qlogic/qed/qed_hw.o
  CC [M]  drivers/gpu/drm/i915/display/intel_hdcp.o
  CC [M]  drivers/net/wireless/realtek/rtw89/rtw8852ae.o
  AR      drivers/crypto/stm32/built-in.a
  CC [M]  drivers/net/ethernet/intel/ice/ice_lag.o
  AR      drivers/crypto/inside-secure/eip93/built-in.a
  AR      drivers/crypto/inside-secure/built-in.a
  CC      drivers/clocksource/acpi_pm.o
  CC      drivers/firmware/efi/cper.o
  CC [M]  drivers/gpu/drm/xe/i915-display/intel_de.o
  CC      drivers/mmc/host/sdhci-pci-gli.o
  CC [M]  drivers/net/ethernet/qlogic/qed/qed_init_fw_funcs.o
  CC [M]  drivers/hwmon/nct6683.o
  LD [M]  drivers/crypto/ccp/ccp.o
  AR      drivers/crypto/xilinx/built-in.a
  CC [M]  drivers/gpu/drm/nouveau/nvkm/subdev/gsp/tu116.o
  AR      drivers/crypto/hisilicon/built-in.a
  AR      drivers/crypto/loongson/built-in.a
  AR      drivers/crypto/intel/keembay/built-in.a
  AR      drivers/crypto/intel/ixp4xx/built-in.a
  CC [M]  drivers/crypto/intel/qat/qat_common/adf_accel_engine.o
  CC      drivers/clocksource/i8253.o
  CC [M]  drivers/crypto/intel/qat/qat_dh895xcc/adf_drv.o
  CC [M]  fs/smb/client/cifs_spnego_negtokeninit.asn1.o
drivers/net/ethernet/mellanox/mlx5/core/en_rep.c: In function ‘mlx5e_create_rep_ttc_table’:
drivers/net/ethernet/mellanox/mlx5/core/en_rep.c:990:1: warning: the frame size of 1088 bytes is larger than 1024 bytes [-Wframe-larger-than=]
  990 | }
      | ^
  CC [M]  fs/smb/client/asn1.o
  CC [M]  drivers/net/wireless/realtek/rtw89/rtw8852b_common.o
  CC [M]  drivers/net/ethernet/realtek/r8169_firmware.o
  CC      drivers/firmware/efi/cper_cxl.o
  CC [M]  drivers/gpu/drm/xe/i915-display/intel_display.o
  AR      drivers/clocksource/built-in.a
  CC [M]  drivers/gpu/drm/nouveau/nvkm/subdev/gsp/ga100.o
  CC [M]  drivers/hwmon/nct6775-core.o
  CC [M]  drivers/net/ethernet/mellanox/mlx5/core/en/rep/bond.o
  CC [M]  drivers/crypto/intel/qat/qat_c3xxx/adf_drv.o
  CC [M]  drivers/crypto/intel/qat/qat_common/adf_admin.o
  CC [M]  drivers/crypto/intel/qat/qat_dh895xcc/adf_dh895xcc_hw_data.o
  CC      drivers/firmware/efi/runtime-wrappers.o
  CC [M]  drivers/gpu/drm/amd/amdgpu/vcn_v4_0_3.o
  CC [M]  drivers/net/ethernet/qlogic/qed/qed_init_ops.o
  CC [M]  drivers/net/ethernet/realtek/r8169_phy_config.o
  CC [M]  drivers/gpu/drm/i915/display/intel_hdcp_gsc_message.o
  CC      drivers/mmc/host/sdhci-acpi.o
  CC [M]  drivers/net/ethernet/intel/ice/ice_ethtool.o
  CC [M]  drivers/gpu/drm/nouveau/nvkm/subdev/gsp/ga102.o
  CC [M]  drivers/crypto/intel/qat/qat_common/adf_aer.o
  CC [M]  drivers/crypto/intel/qat/qat_c3xxx/adf_c3xxx_hw_data.o
  CC [M]  fs/smb/client/smb1maperror.o
  LD [M]  drivers/crypto/intel/qat/qat_dh895xcc/qat_dh895xcc.o
  CC      drivers/firmware/efi/dev-path-parser.o
  CC      drivers/mmc/host/sdhci-pltfm.o
  CC [M]  drivers/net/ethernet/qlogic/qed/qed_int.o
  CC [M]  drivers/gpu/drm/i915/display/intel_hotplug.o
  CC [M]  drivers/net/ethernet/mellanox/mlx5/core/en/mod_hdr.o
  AR      drivers/crypto/intel/built-in.a
  CC [M]  drivers/net/ethernet/realtek/r8169_leds.o
  LD [M]  drivers/crypto/intel/qat/qat_c3xxx/qat_c3xxx.o
  CC [M]  drivers/gpu/drm/xe/i915-display/intel_display_conversion.o
  CC [M]  drivers/net/wireless/realtek/rtw89/rtw8852b.o
  CC [M]  drivers/net/wireless/realtek/rtw89/rtw8852b_table.o
  CC [M]  drivers/crypto/intel/qat/qat_common/adf_anti_rb.o
  CC      drivers/firmware/efi/apple-properties.o
  CC [M]  drivers/gpu/drm/nouveau/nvkm/subdev/gsp/gh100.o
  AR      drivers/crypto/starfive/built-in.a
  AR      drivers/net/ethernet/renesas/built-in.a
  CC      drivers/mmc/host/cqhci-core.o
  CC [M]  drivers/hwmon/nct6775-platform.o
  CC [M]  drivers/net/ethernet/mellanox/mlx5/core/en/mapping.o
  LD [M]  fs/smb/client/cifs.o
  CC [M]  drivers/crypto/intel/qat/qat_common/adf_bank_state.o
  CC      drivers/firmware/efi/sysfb_efi.o
  CC      drivers/hid/hid-core.o
  LD [M]  drivers/net/ethernet/realtek/r8169.o
  AR      drivers/crypto/cavium/built-in.a
  CC      drivers/hid/hid-input.o
  CC [M]  drivers/gpu/drm/nouveau/nvkm/subdev/gsp/ad102.o
  CC [M]  drivers/gpu/drm/i915/display/intel_hotplug_irq.o
  CC [M]  drivers/net/ethernet/intel/ice/ice_repr.o
  CC [M]  drivers/hwmon/nct7802.o
  CC [M]  drivers/crypto/intel/qat/qat_common/adf_cfg.o
  CC      drivers/firmware/efi/earlycon.o
  CC      drivers/mmc/host/mmc_hsq.o
  CC [M]  drivers/net/ethernet/qlogic/qed/qed_l2.o
  AR      drivers/firmware/psci/built-in.a
  CC [M]  drivers/gpu/drm/xe/i915-display/intel_display_device.o
  CC [M]  drivers/net/ethernet/mellanox/mlx5/core/lag/mpesw.o
  CC [M]  drivers/crypto/intel/qat/qat_c62x/adf_drv.o
  CC [M]  drivers/net/wireless/realtek/rtw89/rtw8852b_rfk.o
  CC [M]  drivers/gpu/drm/nouveau/nvkm/subdev/gsp/gb100.o
  CC [M]  drivers/crypto/intel/qat/qat_common/adf_cfg_services.o
  AR      drivers/mmc/host/built-in.a
  AR      drivers/mmc/built-in.a
  AR      drivers/net/ethernet/rocker/built-in.a
  CC [M]  drivers/gpu/drm/amd/amdgpu/vcn_v4_0_5.o
  AR      drivers/net/ethernet/samsung/built-in.a
  CC [M]  drivers/hwmon/nct7904.o
  CC [M]  drivers/hwmon/npcm750-pwm-fan.o
  CC      drivers/firmware/efi/cper-x86.o
  CC [M]  drivers/crypto/intel/qat/qat_c62x/adf_c62x_hw_data.o
  CC [M]  drivers/gpu/drm/i915/display/intel_hti.o
  CC [M]  drivers/net/ethernet/mellanox/mlx5/core/eswitch.o
  CC [M]  drivers/gpu/drm/nouveau/nvkm/subdev/gsp/gb202.o
  CC [M]  drivers/net/ethernet/intel/ice/ice_tc_lib.o
  CC      drivers/hid/hid-quirks.o
  CC [M]  drivers/crypto/intel/qat/qat_common/adf_clock.o
  CC [M]  drivers/net/wireguard/main.o
  AR      drivers/firmware/qcom/built-in.a
  CC [M]  drivers/firmware/qcom/qcom_scm.o
  CC      drivers/hid/hid-debug.o
  LD [M]  drivers/crypto/intel/qat/qat_c62x/qat_c62x.o
  CC      drivers/firmware/efi/libstub/alignedmem.o
  CC      drivers/hid/hidraw.o
  CC [M]  drivers/gpu/drm/i915/display/intel_initial_plane.o
  CC [M]  drivers/hwmon/nzxt-kraken2.o
  CC [M]  drivers/gpu/drm/nouveau/nvkm/subdev/gsp/rm/client.o
  CC [M]  drivers/gpu/drm/xe/i915-display/intel_display_driver.o
  CC [M]  drivers/net/ethernet/qlogic/qed/qed_main.o
  CC [M]  drivers/crypto/intel/qat/qat_common/adf_ctl_drv.o
  CC [M]  drivers/gpu/drm/i915/display/intel_link_bw.o
  CC      drivers/firmware/efi/libstub/efi-stub-helper.o
  CC [M]  drivers/net/wireguard/noise.o
  CC [M]  drivers/net/wireguard/device.o
  CC [M]  drivers/hwmon/nzxt-smart2.o
  CC [M]  drivers/gpu/drm/nouveau/nvkm/subdev/gsp/rm/engine.o
  CC [M]  drivers/crypto/intel/qat/qat_common/adf_dc.o
  CC [M]  drivers/gpu/drm/amd/amdgpu/vcn_v5_0_0.o
  CC [M]  drivers/net/wireless/realtek/rtw89/rtw8852b_rfk_table.o
  CC      drivers/hid/hid-generic.o
  CC [M]  drivers/firmware/qcom/qcom_scm-smc.o
  CC [M]  drivers/gpu/drm/xe/i915-display/intel_display_irq.o
  CC [M]  drivers/net/ethernet/mellanox/mlx5/core/eswitch_offloads.o
  CC      drivers/firmware/efi/libstub/file.o
  CC [M]  drivers/crypto/intel/qat/qat_common/adf_dev_mgr.o
  CC [M]  drivers/net/ethernet/intel/ice/ice_debugfs.o
  CC [M]  drivers/gpu/drm/i915/display/intel_load_detect.o
  CC [M]  drivers/firmware/qcom/qcom_scm-legacy.o
  CC [M]  drivers/gpu/drm/nouveau/nvkm/subdev/gsp/rm/gr.o
  CC      drivers/hid/hid-a4tech.o
  CC [M]  drivers/hwmon/pc87360.o
  CC [M]  drivers/net/ethernet/mellanox/mlx5/core/eswitch_offloads_termtbl.o
  CC [M]  drivers/net/wireguard/peer.o
  CC      drivers/firmware/efi/libstub/gop.o
  CC [M]  drivers/net/wireless/realtek/rtw89/rtw8852be.o
  CC [M]  drivers/net/ethernet/qlogic/qed/qed_mcp.o
  CC [M]  drivers/firmware/qcom/qcom_tzmem.o
  CC [M]  drivers/crypto/intel/qat/qat_common/adf_gen2_config.o
  CC [M]  drivers/net/ethernet/mellanox/mlx5/core/ecpf.o
  CC [M]  drivers/gpu/drm/nouveau/nvkm/subdev/gsp/rm/nvdec.o
  CC      drivers/hid/hid-belkin.o
  CC [M]  drivers/gpu/drm/i915/display/intel_lpe_audio.o
  CC [M]  drivers/hwmon/pc87427.o
  CC [M]  drivers/net/ethernet/intel/ice/ice_adapter.o
  LD [M]  drivers/firmware/qcom/qcom-scm.o
  CC      drivers/firmware/efi/libstub/lib-cmdline.o
  CC      drivers/firmware/efi/libstub/lib-ctype.o
  CC [M]  drivers/hwmon/pcf8591.o
  CC [M]  drivers/crypto/intel/qat/qat_common/adf_gen2_hw_csr_data.o
  CC [M]  drivers/net/wireless/realtek/rtw89/rtw8852bt.o
  CC      drivers/firmware/efi/libstub/mem.o
  CC [M]  drivers/net/wireguard/timers.o
  CC      drivers/hid/hid-cherry.o
  CC [M]  drivers/gpu/drm/nouveau/nvkm/subdev/gsp/rm/nvenc.o
  CC [M]  drivers/gpu/drm/xe/i915-display/intel_display_params.o
  CC [M]  drivers/gpu/drm/i915/display/intel_modeset_lock.o
  CC [M]  drivers/gpu/drm/amd/amdgpu/vcn_v5_0_1.o
  CC [M]  drivers/crypto/intel/qat/qat_dh895xccvf/adf_drv.o
  CC [M]  drivers/gpu/drm/nouveau/nvkm/subdev/gsp/rm/tu1xx.o
  AR      drivers/firmware/samsung/built-in.a
  CC [M]  drivers/crypto/intel/qat/qat_common/adf_gen2_hw_data.o
  AR      drivers/net/ethernet/sis/built-in.a
  CC [M]  drivers/net/ethernet/sis/sis190.o
  CC      drivers/firmware/efi/libstub/pci.o
  CC [M]  drivers/hwmon/powr1220.o
  CC [M]  drivers/gpu/drm/xe/i915-display/intel_display_power.o
  CC      drivers/hid/hid-chicony.o
  CC [M]  drivers/gpu/drm/i915/display/intel_modeset_setup.o
  CC [M]  drivers/net/wireguard/queueing.o
  CC [M]  drivers/net/ethernet/mellanox/mlx5/core/rdma.o
  CC [M]  drivers/crypto/intel/qat/qat_dh895xccvf/adf_dh895xccvf_hw_data.o
  CC [M]  drivers/net/ethernet/intel/ice/ice_sriov.o
  AR      drivers/net/ethernet/sfc/built-in.a
  CC [M]  drivers/net/ethernet/sfc/efx.o
  CC [M]  drivers/gpu/drm/nouveau/nvkm/subdev/gsp/rm/ga100.o
  CC [M]  drivers/net/wireless/realtek/rtw89/rtw8852bt_rfk.o
  CC [M]  drivers/crypto/intel/qat/qat_common/adf_gen4_config.o
  CC [M]  drivers/net/ethernet/qlogic/qed/qed_mng_tlv.o
  CC      drivers/firmware/efi/libstub/printk.o
  CC [M]  drivers/hwmon/sbtsi_temp.o
  CC      drivers/hid/hid-cypress.o
  LD [M]  drivers/crypto/intel/qat/qat_dh895xccvf/qat_dh895xccvf.o
  AR      drivers/firmware/smccc/built-in.a
  CC [M]  drivers/net/ethernet/qlogic/qed/qed_ptp.o
  CC [M]  drivers/gpu/drm/nouveau/nvkm/subdev/gsp/rm/ga1xx.o
  CC [M]  drivers/net/ethernet/sis/sis900.o
  CC [M]  drivers/crypto/intel/qat/qat_common/adf_gen4_hw_csr_data.o
  CC [M]  drivers/net/wireguard/send.o
  CC [M]  drivers/hwmon/sch56xx-common.o
  CC      drivers/firmware/efi/libstub/random.o
  CC [M]  drivers/gpu/drm/xe/i915-display/intel_display_power_map.o
  CC [M]  drivers/gpu/drm/i915/display/intel_modeset_verify.o
  CC      drivers/hid/hid-dr.o
  CC [M]  drivers/net/ethernet/mellanox/mlx5/core/esw/legacy.o
  CC [M]  drivers/net/ethernet/qlogic/qed/qed_selftest.o
  CC [M]  drivers/net/ethernet/sfc/efx_common.o
  CC [M]  drivers/crypto/intel/qat/qat_common/adf_gen4_hw_data.o
  CC [M]  drivers/gpu/drm/nouveau/nvkm/subdev/gsp/rm/ad10x.o
  CC [M]  drivers/hwmon/sch5627.o
  CC [M]  drivers/net/ethernet/intel/ice/virt/allowlist.o
  CC [M]  drivers/crypto/intel/qat/qat_common/adf_gen4_pm.o
  CC      drivers/firmware/efi/libstub/randomalloc.o
  CC [M]  drivers/gpu/drm/amd/amdgpu/vcn_v5_0_2.o
  CC      drivers/hid/hid-ezkey.o
  CC [M]  drivers/net/wireguard/receive.o
  CC [M]  drivers/gpu/drm/xe/i915-display/intel_display_power_well.o
  CC [M]  drivers/gpu/drm/nouveau/nvkm/subdev/gsp/rm/gh100.o
  CC [M]  drivers/hwmon/sch5636.o
  CC [M]  drivers/gpu/drm/i915/display/intel_overlay.o
  CC [M]  drivers/hwmon/sht15.o
  AR      drivers/firmware/efi/built-in.a
  CC [M]  drivers/gpu/drm/nouveau/nvkm/subdev/gsp/rm/gb10x.o
  CC [M]  drivers/net/ethernet/qlogic/qed/qed_sp_commands.o
  CC [M]  drivers/crypto/intel/qat/qat_common/adf_gen4_ras.o
  CC [M]  drivers/net/wireless/realtek/rtw89/rtw8852bt_rfk_table.o
  CC      drivers/firmware/efi/libstub/secureboot.o
  CC [M]  drivers/net/ethernet/mellanox/mlx5/core/esw/adj_vport.o
  CC      drivers/hid/hid-gyration.o
  CC [M]  drivers/net/ethernet/intel/ice/virt/fdir.o
  CC [M]  drivers/net/ethernet/mellanox/mlx5/core/esw/devlink_port.o
  CC [M]  drivers/net/ethernet/intel/ice/virt/queues.o
  CC [M]  drivers/net/ethernet/sfc/efx_channels.o
  CC      drivers/firmware/efi/libstub/skip_spaces.o
  CC [M]  drivers/gpu/drm/nouveau/nvkm/subdev/gsp/rm/gb20x.o
  CC      drivers/firmware/efi/libstub/smbios.o
  CC [M]  drivers/hwmon/sht21.o
  CC [M]  drivers/crypto/intel/qat/qat_common/adf_gen4_vf_mig.o
  CC [M]  drivers/gpu/drm/i915/display/intel_parent.o
  CC [M]  drivers/net/wireless/realtek/rtw89/rtw8852bte.o
  CC      drivers/hid/hid-ite.o
  CC [M]  drivers/net/wireguard/socket.o
  CC [M]  drivers/net/ethernet/qlogic/qed/qed_spq.o
  CC [M]  drivers/gpu/drm/xe/i915-display/intel_display_rpm.o
  CC      drivers/firmware/efi/libstub/tpm.o
  CC [M]  drivers/gpu/drm/nouveau/nvkm/subdev/gsp/rm/r535/rm.o
  CC [M]  drivers/hwmon/sht3x.o
  CC [M]  drivers/net/ethernet/qlogic/qed/qed_sriov.o
  CC [M]  drivers/gpu/drm/i915/display/intel_pch.o
  CC [M]  drivers/net/ethernet/mellanox/mlx5/core/esw/vporttbl.o
  CC      drivers/hid/hid-kensington.o
  CC [M]  drivers/crypto/intel/qat/qat_common/adf_gen6_ras.o
  CC [M]  drivers/crypto/intel/qat/qat_common/adf_gen6_shared.o
  CC [M]  drivers/gpu/drm/xe/i915-display/intel_display_rps.o
  CC [M]  drivers/net/wireless/realtek/rtw89/rtw8852c.o
  CC [M]  drivers/gpu/drm/amd/amdgpu/amdgpu_jpeg.o
  CC [M]  drivers/net/ethernet/sfc/nic.o
  CC      drivers/firmware/efi/libstub/vsprintf.o
  CC [M]  drivers/net/wireguard/peerlookup.o
  CC [M]  drivers/gpu/drm/nouveau/nvkm/subdev/gsp/rm/r535/gsp.o
  CC [M]  drivers/net/ethernet/intel/ice/virt/virtchnl.o
  AR      drivers/firmware/tegra/built-in.a
  CC [M]  drivers/net/wireguard/allowedips.o
  CC [M]  drivers/hwmon/sht4x.o
  CC      drivers/firmware/efi/libstub/x86-5lvl.o
  AR      drivers/net/ethernet/socionext/built-in.a
  CC      drivers/firmware/efi/libstub/x86-stub.o
  CC [M]  drivers/gpu/drm/i915/display/intel_pch_display.o
  CC      drivers/hid/hid-kye.o
  CC [M]  drivers/crypto/intel/qat/qat_common/adf_hw_arbiter.o
  CC [M]  drivers/gpu/drm/xe/i915-display/intel_display_trace.o
  CC [M]  drivers/net/ethernet/mellanox/mlx5/core/esw/qos.o
  CC      drivers/ssb/main.o
  CC [M]  drivers/hwmon/shtc1.o
  CC [M]  drivers/gpu/drm/amd/amdgpu/jpeg_v1_0.o
  CC [M]  drivers/net/vxlan/vxlan_core.o
  CC [M]  drivers/crypto/intel/qat/qat_common/adf_init.o
drivers/net/wireguard/allowedips.c: In function ‘root_remove_peer_lists’:
drivers/net/wireguard/allowedips.c:75:1: warning: the frame size of 1048 bytes is larger than 1024 bytes [-Wframe-larger-than=]
   75 | }
      | ^
drivers/net/wireguard/allowedips.c: In function ‘root_free_rcu’:
drivers/net/wireguard/allowedips.c:62:1: warning: the frame size of 1048 bytes is larger than 1024 bytes [-Wframe-larger-than=]
   62 | }
      | ^
  CC [M]  drivers/net/ethernet/sfc/ef10.o
  CC      drivers/hid/hid-microsoft.o
  CC [M]  drivers/net/wireguard/ratelimiter.o
  STUBCPY drivers/firmware/efi/libstub/alignedmem.stub.o
  STUBCPY drivers/firmware/efi/libstub/efi-stub-helper.stub.o
  STUBCPY drivers/firmware/efi/libstub/file.stub.o
  STUBCPY drivers/firmware/efi/libstub/gop.stub.o
  STUBCPY drivers/firmware/efi/libstub/lib-cmdline.stub.o
  STUBCPY drivers/firmware/efi/libstub/lib-ctype.stub.o
  STUBCPY drivers/firmware/efi/libstub/mem.stub.o
  STUBCPY drivers/firmware/efi/libstub/pci.stub.o
  STUBCPY drivers/firmware/efi/libstub/printk.stub.o
  STUBCPY drivers/firmware/efi/libstub/random.stub.o
  STUBCPY drivers/firmware/efi/libstub/randomalloc.stub.o
  CC [M]  drivers/gpu/drm/nouveau/nvkm/subdev/gsp/rm/r535/rpc.o
  STUBCPY drivers/firmware/efi/libstub/secureboot.stub.o
  STUBCPY drivers/firmware/efi/libstub/skip_spaces.stub.o
  STUBCPY drivers/firmware/efi/libstub/smbios.stub.o
  STUBCPY drivers/firmware/efi/libstub/tpm.stub.o
  STUBCPY drivers/firmware/efi/libstub/vsprintf.stub.o
  STUBCPY drivers/firmware/efi/libstub/x86-5lvl.stub.o
  STUBCPY drivers/firmware/efi/libstub/x86-stub.stub.o
  CC [M]  drivers/gpu/drm/i915/display/intel_pch_refclk.o
  AR      drivers/firmware/efi/libstub/lib.a
  AR      drivers/firmware/xilinx/built-in.a
  AR      drivers/firmware/built-in.a
  CC [M]  drivers/hwmon/sis5595.o
  AR      drivers/crypto/ti/built-in.a
  CC [M]  drivers/net/ethernet/mellanox/mlx5/core/esw/ipsec.o
  CC [M]  drivers/net/wireless/realtek/rtw89/rtw8852c_table.o
  CC [M]  drivers/crypto/intel/qat/qat_common/adf_isr.o
  CC [M]  drivers/net/ethernet/intel/ice/virt/rss.o
  CC      drivers/hid/hid-monterey.o
  CC      drivers/ssb/scan.o
  CC [M]  drivers/gpu/drm/amd/amdgpu/jpeg_v2_0.o
  CC [M]  drivers/net/ethernet/qlogic/qed/qed_vf.o
  CC [M]  drivers/net/wireguard/cookie.o
  CC [M]  drivers/gpu/drm/nouveau/nvkm/subdev/gsp/rm/r535/ctrl.o
  CC [M]  drivers/gpu/drm/i915/display/intel_plane.o
  CC [M]  drivers/hwmon/smsc47b397.o
  CC [M]  drivers/crypto/intel/qat/qat_common/adf_mstate_mgr.o
  CC      drivers/ssb/sprom.o
  CC      drivers/hid/hid-ntrig.o
  CC [M]  drivers/crypto/intel/qat/qat_common/adf_rl_admin.o
  CC      drivers/hid/hid-pl.o
  CC [M]  drivers/gpu/drm/nouveau/nvkm/subdev/gsp/rm/r535/alloc.o
  CC [M]  drivers/net/ethernet/mellanox/mlx5/core/esw/acl/helper.o
  CC [M]  drivers/gpu/drm/amd/amdgpu/jpeg_v2_5.o
  CC [M]  drivers/net/wireguard/netlink.o
  CC      drivers/ssb/pci.o
  CC [M]  drivers/hwmon/smsc47m1.o
  CC [M]  drivers/net/ethernet/sfc/tx.o
  CC [M]  drivers/net/ethernet/intel/ice/ice_vf_mbx.o
  LD [M]  drivers/net/ethernet/qlogic/qed/qed.o
  CC [M]  drivers/gpu/drm/xe/i915-display/intel_display_utils.o
  CC [M]  drivers/crypto/intel/qat/qat_c3xxxvf/adf_drv.o
  CC [M]  drivers/hwmon/smsc47m192.o
  CC [M]  drivers/crypto/intel/qat/qat_common/adf_rl.o
  CC      drivers/hid/hid-petalynx.o
  CC [M]  drivers/gpu/drm/nouveau/nvkm/subdev/gsp/rm/r535/client.o
  CC [M]  drivers/gpu/drm/i915/display/intel_pmdemand.o
  CC [M]  drivers/crypto/intel/qat/qat_c3xxxvf/adf_c3xxxvf_hw_data.o
  CC [M]  drivers/net/vxlan/vxlan_multicast.o
  CC      drivers/ssb/pcihost_wrapper.o
  CC [M]  drivers/gpu/drm/xe/i915-display/intel_display_wa.o
  CC [M]  drivers/net/wireless/realtek/rtw89/rtw8852c_rfk.o
  CC [M]  drivers/gpu/drm/amd/amdgpu/jpeg_v3_0.o
  CC [M]  drivers/net/ethernet/mellanox/mlx5/core/esw/acl/egress_lgcy.o
  CC      drivers/hid/hid-plantronics.o
  CC [M]  drivers/net/wireguard/generated/netlink.o
  CC [M]  drivers/crypto/intel/qat/qat_common/adf_sysfs.o
  CC [M]  drivers/hwmon/stts751.o
  LD [M]  drivers/crypto/intel/qat/qat_c3xxxvf/qat_c3xxxvf.o
  CC [M]  drivers/gpu/drm/nouveau/nvkm/subdev/gsp/rm/r535/device.o
  CC [M]  drivers/net/can/dev/skb.o
  CC [M]  drivers/net/ethernet/intel/ice/ice_vf_vsi_vlan_ops.o
  CC      drivers/ssb/sdio.o
  CC [M]  drivers/net/ethernet/sfc/tx_common.o
  CC [M]  drivers/gpu/drm/xe/i915-display/intel_dkl_phy.o
  CC      drivers/hid/hid-redragon.o
  CC [M]  drivers/crypto/intel/qat/qat_common/adf_sysfs_anti_rb.o
  LD [M]  drivers/net/wireguard/wireguard.o
  CC [M]  drivers/gpu/drm/i915/display/intel_psr.o
  CC [M]  drivers/net/ppp/ppp_generic.o
  CC [M]  drivers/net/vxlan/vxlan_vnifilter.o
  CC [M]  drivers/gpu/drm/amd/amdgpu/jpeg_v4_0.o
  CC [M]  drivers/gpu/drm/nouveau/nvkm/subdev/gsp/rm/r535/bar.o
  CC [M]  drivers/hwmon/amc6821.o
  CC [M]  drivers/net/ethernet/mellanox/mlx5/core/esw/acl/egress_ofld.o
  CC [M]  drivers/net/can/dev/calc_bittiming.o
  CC [M]  drivers/crypto/intel/qat/qat_common/adf_sysfs_ras_counters.o
  CC      drivers/ssb/driver_chipcommon.o
  CC [M]  drivers/net/ethernet/intel/ice/ice_vf_lib.o
  CC      drivers/hid/hid-samsung.o
  CC [M]  drivers/gpu/drm/xe/i915-display/intel_dmc.o
  CC [M]  drivers/net/ethernet/sfc/tx_tso.o
  CC [M]  drivers/gpu/drm/nouveau/nvkm/subdev/gsp/rm/r535/fbsr.o
  CC [M]  drivers/crypto/intel/qat/qat_common/adf_sysfs_rl.o
  CC [M]  drivers/hwmon/tc74.o
  CC [M]  drivers/gpu/drm/amd/amdgpu/jpeg_v4_0_3.o
  CC [M]  drivers/net/can/dev/bittiming.o
  CC      drivers/hid/hid-sjoy.o
  CC      drivers/ssb/driver_chipcommon_pmu.o
  CC [M]  drivers/net/ethernet/sfc/rx.o
  CC [M]  drivers/net/vxlan/vxlan_mdb.o
  CC [M]  drivers/net/ethernet/mellanox/mlx5/core/esw/acl/ingress_lgcy.o
  CC [M]  drivers/hwmon/thmc50.o
  CC [M]  drivers/crypto/intel/qat/qat_common/adf_timer.o
  CC [M]  drivers/net/ppp/ppp_async.o
  CC [M]  drivers/gpu/drm/nouveau/nvkm/subdev/gsp/rm/r535/vmm.o
  CC [M]  drivers/hwmon/tmp102.o
  CC [M]  drivers/gpu/drm/xe/i915-display/intel_dmc_wl.o
  CC      drivers/hid/hid-sunplus.o
  CC [M]  drivers/net/ethernet/intel/ice/ice_ptp.o
  CC      drivers/ssb/driver_pcicore.o
  CC [M]  drivers/net/can/dev/dev.o
  CC [M]  drivers/crypto/intel/qat/qat_common/adf_transport.o
  CC      drivers/ssb/b43_pci_bridge.o
  CC [M]  drivers/gpu/drm/nouveau/nvkm/subdev/gsp/rm/r535/disp.o
  CC [M]  drivers/gpu/drm/amd/amdgpu/jpeg_v4_0_5.o
  CC [M]  drivers/net/wireless/realtek/rtw89/rtw8852c_rfk_table.o
  CC [M]  drivers/gpu/drm/i915/display/intel_quirks.o
  CC [M]  drivers/hwmon/tmp103.o
  CC      drivers/hid/hid-gaff.o
  CC [M]  drivers/net/ethernet/sfc/rx_common.o
  CC [M]  drivers/net/ethernet/mellanox/mlx5/core/esw/acl/ingress_ofld.o
  CC [M]  drivers/gpu/drm/xe/i915-display/intel_dp.o
  CC [M]  drivers/net/ppp/bsd_comp.o
  CC [M]  drivers/gpu/drm/xe/i915-display/intel_dp_aux.o
  AR      drivers/ssb/built-in.a
  CC [M]  drivers/gpu/drm/xe/i915-display/intel_dp_aux_backlight.o
  LD [M]  drivers/net/vxlan/vxlan.o
  CC [M]  drivers/crypto/intel/qat/qat_c62xvf/adf_drv.o
  CC [M]  drivers/crypto/intel/qat/qat_common/qat_algs.o
  CC [M]  drivers/net/can/dev/length.o
  CC [M]  drivers/gpu/drm/i915/display/intel_rom.o
  CC      drivers/hid/hid-tmff.o
  CC [M]  drivers/hwmon/tmp108.o
  CC [M]  drivers/net/wireless/realtek/rtw89/rtw8852ce.o
  CC [M]  drivers/net/ppp/ppp_deflate.o
  CC [M]  drivers/gpu/drm/amd/amdgpu/jpeg_v5_0_0.o
  CC [M]  drivers/crypto/intel/qat/qat_c62xvf/adf_c62xvf_hw_data.o
  CC [M]  drivers/net/ethernet/mellanox/mlx5/core/esw/bridge.o
  AR      drivers/staging/media/built-in.a
  AR      drivers/staging/built-in.a
  CC [M]  drivers/net/ethernet/mellanox/mlx5/core/esw/bridge_mcast.o
  CC [M]  drivers/net/can/dev/netlink.o
  CC      drivers/hid/hid-thrustmaster.o
  CC [M]  drivers/gpu/drm/nouveau/nvkm/subdev/gsp/rm/r535/fifo.o
  CC [M]  drivers/net/ethernet/intel/ice/ice_ptp_hw.o
  CC [M]  drivers/gpu/drm/i915/display/intel_sbi.o
  CC [M]  drivers/net/ethernet/sfc/selftest.o
  CC [M]  drivers/crypto/intel/qat/qat_common/qat_algs_send.o
  CC [M]  drivers/hwmon/tmp401.o
  AR      drivers/net/ethernet/sun/built-in.a
  CC [M]  drivers/net/ethernet/sun/niu.o
  CC [M]  drivers/net/ppp/ppp_mppe.o
  LD [M]  drivers/crypto/intel/qat/qat_c62xvf/qat_c62xvf.o
  CC [M]  drivers/crypto/intel/qat/qat_common/qat_asym_algs.o
  CC [M]  drivers/net/wireless/realtek/rtw89/rtw8922a.o
  CC      drivers/hid/hid-topseed.o
  CC [M]  drivers/net/ethernet/sfc/ethtool.o
  CC [M]  drivers/gpu/drm/i915/display/intel_sprite.o
  CC [M]  drivers/gpu/drm/amd/amdgpu/jpeg_v5_0_1.o
  CC [M]  drivers/gpu/drm/nouveau/nvkm/subdev/gsp/rm/r535/ce.o
  CC [M]  drivers/net/ppp/ppp_synctty.o
  CC [M]  drivers/hwmon/tmp421.o
  CC [M]  drivers/net/can/dev/rx-offload.o
  CC [M]  drivers/net/ethernet/sfc/ethtool_common.o
  CC [M]  drivers/crypto/intel/qat/qat_common/qat_bl.o
  CC      drivers/hid/hid-twinhan.o
  CC [M]  drivers/gpu/drm/nouveau/nvkm/subdev/gsp/rm/r535/gr.o
  CC [M]  drivers/crypto/padlock-aes.o
  AR      drivers/platform/x86/amd/built-in.a
  AR      drivers/platform/x86/lenovo/built-in.a
  CC [M]  drivers/gpu/drm/xe/i915-display/intel_dp_hdcp.o
  AR      drivers/platform/x86/intel/wmi/built-in.a
  CC [M]  drivers/platform/x86/intel/wmi/thunderbolt.o
  CC [M]  drivers/hwmon/tmp464.o
  CC [M]  drivers/net/ppp/pppox.o
  LD [M]  drivers/net/can/dev/can-dev.o
  CC [M]  drivers/crypto/intel/qat/qat_common/qat_comp_algs.o
  CC [M]  drivers/net/wireless/realtek/rtw89/rtw8922a_rfk.o
  CC [M]  drivers/net/can/usb/gs_usb.o
  CC      drivers/hid/hid-zpff.o
  CC [M]  drivers/gpu/drm/amd/amdgpu/jpeg_v5_0_2.o
  CC [M]  drivers/net/ethernet/mellanox/mlx5/core/esw/bridge_debugfs.o
  CC [M]  drivers/net/ethernet/intel/ice/ice_dpll.o
  LD [M]  drivers/platform/x86/intel/wmi/intel-wmi-thunderbolt.o
  CC [M]  drivers/crypto/padlock-sha.o
  AR      drivers/platform/x86/intel/built-in.a
  AR      drivers/platform/x86/uniwill/built-in.a
  CC      drivers/platform/x86/p2sb.o
  CC [M]  drivers/gpu/drm/i915/display/intel_sprite_uapi.o
  CC [M]  drivers/gpu/drm/nouveau/nvkm/subdev/gsp/rm/r535/nvdec.o
  CC [M]  drivers/net/ethernet/sfc/ptp.o
  CC [M]  drivers/hwmon/tmp513.o
  CC [M]  drivers/net/ppp/pppoe.o
  CC      drivers/hid/usbhid/hid-core.o
  CC [M]  drivers/gpu/drm/amd/amdgpu/jpeg_v5_3_0.o
  CC [M]  drivers/crypto/intel/qat/qat_common/qat_compression.o
  CC [M]  drivers/gpu/drm/xe/i915-display/intel_dp_link_training.o
  AR      drivers/platform/x86/tuxedo/nb04/built-in.a
  AR      drivers/platform/x86/tuxedo/built-in.a
  CC [M]  drivers/platform/x86/wmi-bmof.o
  CC [M]  drivers/gpu/drm/nouveau/nvkm/subdev/gsp/rm/r535/nvenc.o
  CC [M]  drivers/net/wireless/realtek/rtw89/rtw8922ae.o
  CC [M]  drivers/gpu/drm/i915/display/intel_tc.o
  CC [M]  drivers/net/ppp/pptp.o
  AR      drivers/net/ethernet/tehuti/built-in.a
  CC [M]  drivers/net/ethernet/mellanox/mlx5/core/en/rep/bridge.o
  CC [M]  drivers/net/ethernet/tehuti/tehuti.o
  CC [M]  drivers/hwmon/via-cputemp.o
  CC [M]  drivers/crypto/intel/qat/qat_common/qat_comp_zstd_utils.o
  CC [M]  drivers/platform/x86/mxm-wmi.o
  CC [M]  drivers/crypto/intel/qat/qat_common/qat_crypto.o
  CC      drivers/mailbox/mailbox.o
  CC [M]  drivers/gpu/drm/nouveau/nvkm/subdev/gsp/rm/r535/nvjpg.o
  CC [M]  drivers/gpu/drm/amd/amdgpu/amdgpu_vpe.o
  CC [M]  drivers/gpu/drm/nouveau/nvkm/subdev/gsp/rm/r535/ofa.o
  CC [M]  drivers/hwmon/via686a.o
  CC [M]  drivers/net/wireless/realtek/rtw89/pci.o
  CC      drivers/hid/usbhid/hiddev.o
  CC [M]  drivers/platform/x86/gigabyte-wmi.o
  CC [M]  drivers/crypto/intel/qat/qat_common/qat_hal.o
  CC [M]  drivers/net/ethernet/sfc/mcdi.o
  CC      drivers/mailbox/pcc.o
  CC [M]  drivers/net/ethernet/intel/ice/ice_tspll.o
  CC [M]  drivers/hid/uhid.o
  CC [M]  drivers/net/ethernet/sfc/mcdi_port.o
  CC [M]  drivers/gpu/drm/xe/i915-display/intel_dp_mst.o
  CC [M]  drivers/gpu/drm/nouveau/nvkm/subdev/gsp/rm/r570/rm.o
  AR      drivers/platform/x86/built-in.a
  CC [M]  drivers/net/ethernet/tehuti/tn40.o
  AR      drivers/platform/surface/built-in.a
  CC [M]  drivers/hwmon/vt1211.o
  CC [M]  drivers/net/ethernet/mellanox/mlx5/core/hwmon.o
  CC [M]  drivers/platform/wmi/core.o
  CC [M]  drivers/gpu/drm/i915/display/intel_vblank.o
  AR      drivers/hid/usbhid/built-in.a
  CC [M]  drivers/net/ethernet/tehuti/tn40_mdio.o
  AR      drivers/mailbox/built-in.a
  CC [M]  drivers/gpu/drm/amd/amdgpu/vpe_v6_1.o
  CC      drivers/remoteproc/remoteproc_core.o
  CC [M]  drivers/crypto/intel/qat/qat_common/qat_mig_dev.o
  CC [M]  drivers/gpu/drm/nouveau/nvkm/subdev/gsp/rm/r570/gsp.o
  CC [M]  drivers/hid/hid-apple.o
  CC [M]  drivers/platform/wmi/marshalling.o
  CC [M]  drivers/hwmon/vt8231.o
  CC [M]  drivers/net/ethernet/intel/ice/ice_arfs.o
  AR      drivers/net/ethernet/vertexcom/built-in.a
  CC      drivers/remoteproc/remoteproc_coredump.o
  CC [M]  drivers/gpu/drm/i915/display/intel_vga.o
  CC [M]  drivers/crypto/intel/qat/qat_common/qat_uclo.o
  CC [M]  drivers/gpu/drm/xe/i915-display/intel_dp_test.o
  CC [M]  drivers/net/ethernet/mellanox/mlx5/core/lib/mpfs.o
  CC [M]  drivers/net/ethernet/mellanox/mlx5/core/lib/vxlan.o
  CC [M]  drivers/net/ethernet/sfc/mcdi_port_common.o
  CC [M]  drivers/net/wireless/realtek/rtw89/pci_be.o
  CC [M]  drivers/gpu/drm/amd/amdgpu/amdgpu_umsch_mm.o
  CC [M]  drivers/platform/wmi/string.o
  CC [M]  drivers/gpu/drm/nouveau/nvkm/subdev/gsp/rm/r570/client.o
  CC [M]  drivers/net/ethernet/tehuti/tn40_phy.o
  CC [M]  drivers/hid/amd-sfh-hid/amd_sfh_hid.o
  CC      drivers/remoteproc/remoteproc_debugfs.o
  CC [M]  drivers/hwmon/w83627ehf.o
  AR      drivers/hid/built-in.a
  CC      drivers/remoteproc/remoteproc_sysfs.o
  LD [M]  drivers/platform/wmi/wmi.o
  AR      drivers/platform/built-in.a
  CC [M]  drivers/gpu/drm/i915/display/intel_wm.o
  CC [M]  drivers/net/ethernet/intel/ice/ice_eswitch.o
  CC [M]  drivers/gpu/drm/nouveau/nvkm/subdev/gsp/rm/r570/fbsr.o
  CC [M]  drivers/gpu/drm/xe/i915-display/intel_dpll.o
  CC [M]  drivers/net/slip/slhc.o
  LD [M]  drivers/net/ethernet/tehuti/tn40xx.o
  AR      drivers/net/ethernet/via/built-in.a
  CC [M]  drivers/net/ethernet/via/via-rhine.o
  CC [M]  drivers/crypto/intel/qat/qat_common/adf_cnv_dbgfs.o
  CC [M]  drivers/gpu/drm/amd/amdgpu/umsch_mm_v4_0.o
  CC [M]  drivers/crypto/intel/qat/qat_common/adf_dbgfs.o
  CC [M]  drivers/hid/amd-sfh-hid/amd_sfh_client.o
  LD [M]  drivers/net/wireless/realtek/rtw89/rtw89_core.o
  CC [M]  drivers/net/ethernet/mellanox/mlx5/core/lib/clock.o
  CC [M]  drivers/net/ethernet/sfc/mcdi_functions.o
  CC      drivers/remoteproc/remoteproc_virtio.o
  LD [M]  drivers/net/wireless/realtek/rtw89/rtw89_8851b.o
  LD [M]  drivers/net/wireless/realtek/rtw89/rtw89_8851be.o
  LD [M]  drivers/net/wireless/realtek/rtw89/rtw89_8852a.o
  LD [M]  drivers/net/wireless/realtek/rtw89/rtw89_8852ae.o
  LD [M]  drivers/net/wireless/realtek/rtw89/rtw89_8852b_common.o
  LD [M]  drivers/net/wireless/realtek/rtw89/rtw89_8852b.o
  LD [M]  drivers/net/wireless/realtek/rtw89/rtw89_8852be.o
  LD [M]  drivers/net/wireless/realtek/rtw89/rtw89_8852bt.o
  LD [M]  drivers/net/wireless/realtek/rtw89/rtw89_8852bte.o
  LD [M]  drivers/net/wireless/realtek/rtw89/rtw89_8852c.o
  LD [M]  drivers/net/wireless/realtek/rtw89/rtw89_8852ce.o
  LD [M]  drivers/net/wireless/realtek/rtw89/rtw89_8922a.o
  LD [M]  drivers/net/wireless/realtek/rtw89/rtw89_8922ae.o
  LD [M]  drivers/net/wireless/realtek/rtw89/rtw89_pci.o
  AR      drivers/net/wireless/built-in.a
  CC [M]  drivers/hwmon/w83l785ts.o
  CC [M]  drivers/gpu/drm/i915/display/skl_prefill.o
  CC [M]  drivers/gpu/drm/amd/amdgpu/athub_v1_0.o
  CC [M]  drivers/net/ethernet/via/via-velocity.o
  CC [M]  drivers/crypto/intel/qat/qat_common/adf_fw_counters.o
  AR      drivers/net/ethernet/wangxun/built-in.a
  CC [M]  drivers/gpu/drm/nouveau/nvkm/subdev/gsp/rm/r570/disp.o
  CC [M]  drivers/gpu/drm/i915/display/skl_scaler.o
  CC [M]  drivers/hid/amd-sfh-hid/amd_sfh_pcie.o
  CC      drivers/remoteproc/remoteproc_elf_loader.o
  CC [M]  drivers/net/ethernet/intel/ice/ice_eswitch_br.o
  CC [M]  drivers/gpu/drm/xe/i915-display/intel_dpll_mgr.o
  CC      drivers/virt/vmgenid.o
  CC [M]  drivers/hwmon/w83l786ng.o
  CC [M]  drivers/crypto/intel/qat/qat_common/adf_gen4_pm_debugfs.o
  CC [M]  drivers/gpu/drm/amd/amdgpu/athub_v2_0.o
  CC [M]  drivers/net/ethernet/sfc/mcdi_filters.o
  CC [M]  drivers/crypto/intel/qat/qat_common/adf_gen4_tl.o
  CC [M]  drivers/gpu/drm/amd/amdgpu/athub_v2_1.o
  CC [M]  drivers/gpu/drm/nouveau/nvkm/subdev/gsp/rm/r570/fifo.o
  CC      drivers/remoteproc/remoteproc_cdev.o
  CC [M]  drivers/hid/amd-sfh-hid/hid_descriptor/amd_sfh_hid_desc.o
  CC [M]  drivers/crypto/chelsio/chcr_core.o
  CC [M]  drivers/net/ethernet/mellanox/mlx5/core/ipoib/ipoib.o
  CC [M]  drivers/gpu/drm/amd/amdgpu/athub_v3_0.o
  AR      drivers/virt/vboxguest/built-in.a
  CC      drivers/virt/coco/tsm-core.o
  CC [M]  drivers/gpu/drm/i915/display/skl_universal_plane.o
  CC [M]  drivers/crypto/intel/qat/qat_common/adf_gen6_pm_dbgfs.o
  CC [M]  drivers/hwmon/xgene-hwmon.o
  CC [M]  drivers/hid/amd-sfh-hid/sfh1_1/amd_sfh_init.o
  AR      drivers/remoteproc/built-in.a
  CC [M]  drivers/crypto/chelsio/chcr_algo.o
  CC [M]  drivers/gpu/drm/nouveau/nvkm/subdev/gsp/rm/r570/gr.o
  CC [M]  drivers/gpu/drm/xe/i915-display/intel_dpt.o
  CC [M]  drivers/net/ethernet/sfc/mcdi_mon.o
  AR      drivers/virt/coco/built-in.a
  AR      drivers/virt/built-in.a
  CC [M]  drivers/hid/amd-sfh-hid/sfh1_1/amd_sfh_interface.o
  AR      drivers/net/ethernet/xilinx/built-in.a
  CC [M]  drivers/crypto/virtio/virtio_crypto_skcipher_algs.o
  CC [M]  drivers/crypto/intel/qat/qat_common/adf_gen6_tl.o
  CC [M]  drivers/gpu/drm/amd/amdgpu/athub_v4_1_0.o
  CC [M]  drivers/net/ethernet/intel/ice/ice_hwmon.o
  CC [M]  drivers/crypto/intel/qat/qat_common/adf_heartbeat_dbgfs.o
  CC      drivers/devfreq/devfreq.o
  CC [M]  drivers/gpu/drm/nouveau/nvkm/subdev/gsp/rm/r570/ofa.o
  CC [M]  drivers/hid/amd-sfh-hid/sfh1_1/amd_sfh_desc.o
  CC [M]  drivers/gpu/drm/xe/i915-display/intel_dram.o
  CC [M]  drivers/net/ethernet/mellanox/mlx5/core/ipoib/ethtool.o
  CC [M]  drivers/crypto/virtio/virtio_crypto_akcipher_algs.o
  CC      drivers/powercap/powercap_sys.o
  CC [M]  drivers/crypto/intel/qat/qat_common/adf_heartbeat.o
  CC [M]  drivers/net/wwan/wwan_core.o
  CC [M]  drivers/gpu/drm/amd/amdgpu/smuio_v9_0.o
  CC [M]  drivers/net/ethernet/sfc/ef100.o
  CC      drivers/devfreq/governor_simpleondemand.o
  CC [M]  drivers/hwmon/pmbus/pmbus_core.o
  LD [M]  drivers/hid/amd-sfh-hid/amd_sfh.o
  CC [M]  drivers/crypto/virtio/virtio_crypto_mgr.o
  CC [M]  drivers/gpu/drm/nouveau/nvkm/subdev/i2c/base.o
  LD [M]  drivers/net/ethernet/intel/ice/ice.o
  AR      drivers/hwmon/built-in.a
  CC [M]  drivers/crypto/virtio/virtio_crypto_core.o
  CC      drivers/powercap/idle_inject.o
  CC [M]  drivers/crypto/intel/qat/qat_common/adf_pm_dbgfs.o
  CC [M]  drivers/net/vmxnet3/vmxnet3_drv.o
  CC      drivers/devfreq/governor_performance.o
  CC [M]  drivers/gpu/drm/i915/display/skl_watermark.o
  CC [M]  drivers/net/ethernet/mellanox/mlx5/core/ipoib/ipoib_vlan.o
  CC [M]  drivers/net/ethernet/sfc/ef100_nic.o
  CC [M]  drivers/gpu/drm/xe/i915-display/intel_drrs.o
  CC [M]  drivers/gpu/drm/amd/amdgpu/smuio_v11_0.o
  AR      drivers/perf/built-in.a
  CC [M]  drivers/powercap/intel_rapl_common.o
  CC      drivers/devfreq/governor_powersave.o
  LD [M]  drivers/net/wwan/wwan.o
  LD [M]  drivers/crypto/chelsio/chcr.o
  CC [M]  drivers/gpu/drm/xe/i915-display/intel_dsb.o
  CC [M]  drivers/gpu/drm/xe/i915-display/intel_dsi.o
  CC [M]  drivers/gpu/drm/xe/i915-display/intel_dsi_dcs_backlight.o
  CC [M]  drivers/crypto/intel/qat/qat_common/adf_pm_dbgfs_utils.o
  LD [M]  drivers/hwmon/nct6775.o
  CC      drivers/ras/ras.o
  CC [M]  drivers/gpu/drm/nouveau/nvkm/subdev/i2c/nv04.o
  LD [M]  drivers/crypto/virtio/virtio_crypto.o
  CC [M]  drivers/crypto/intel/qat/qat_common/adf_telemetry.o
  AR      drivers/net/ethernet/synopsys/built-in.a
  CC      drivers/devfreq/governor_userspace.o
  CC [M]  drivers/gpu/drm/amd/amdgpu/smuio_v11_0_6.o
  CC [M]  drivers/hwmon/pmbus/pmbus.o
  CC [M]  drivers/net/usb/r8152.o
  CC [M]  drivers/hwmon/pmbus/adm1275.o
  AR      drivers/devfreq/built-in.a
  CC [M]  drivers/powercap/intel_rapl_msr.o
  CC [M]  drivers/crypto/intel/qat/qat_common/adf_tl_debugfs.o
  AR      drivers/net/ethernet/pensando/built-in.a
  CC [M]  drivers/net/ethernet/mellanox/mlx5/core/en_accel/ktls_stats.o
  CC [M]  drivers/net/vmxnet3/vmxnet3_ethtool.o
  CC [M]  drivers/net/ethernet/sfc/ef100_netdev.o
  CC [M]  drivers/gpu/drm/nouveau/nvkm/subdev/i2c/nv4e.o
  CC [M]  drivers/gpu/drm/i915/display/vlv_clock.o
  CC [M]  drivers/hwmon/pmbus/ir35221.o
  CC      drivers/ras/debugfs.o
  CC [M]  drivers/gpu/drm/xe/i915-display/intel_dsi_vbt.o
  CC [M]  drivers/crypto/intel/qat/qat_common/adf_transport_debug.o
  CC [M]  drivers/gpu/drm/amd/amdgpu/smuio_v13_0.o
  AR      drivers/powercap/built-in.a
  CC [M]  drivers/net/thunderbolt/main.o
  CC [M]  drivers/net/ethernet/jme.o
  CC [M]  drivers/net/vmxnet3/vmxnet3_xdp.o
  AR      drivers/ras/amd/atl/built-in.a
  CC [M]  drivers/gpu/drm/nouveau/nvkm/subdev/i2c/nv50.o
  AR      drivers/ras/built-in.a
  AR      drivers/hwtracing/intel_th/built-in.a
  CC      drivers/android/binderfs.o
  CC [M]  drivers/net/ethernet/mellanox/mlx5/core/en_accel/fs_tcp.o
  CC [M]  drivers/hwmon/pmbus/lm25066.o
  CC [M]  drivers/gpu/drm/i915/display/vlv_sideband.o
  CC [M]  drivers/crypto/intel/qat/qat_common/adf_gen2_pfvf.o
  CC [M]  drivers/gpu/drm/amd/amdgpu/smuio_v13_0_3.o
  CC [M]  drivers/net/ethernet/sfc/ef100_ethtool.o
  CC [M]  drivers/gpu/drm/xe/i915-display/intel_encoder.o
  CC [M]  drivers/net/usb/asix_devices.o
  CC [M]  drivers/gpu/drm/nouveau/nvkm/subdev/i2c/g94.o
  CC [M]  drivers/crypto/intel/qat/qat_common/adf_gen4_pfvf.o
  CC      drivers/nvmem/core.o
  CC [M]  drivers/gpu/drm/i915/display/intel_acpi.o
  CC      drivers/android/binder.o
  CC [M]  drivers/hwmon/pmbus/ltc2978.o
  CC      drivers/android/binder_alloc.o
  LD [M]  drivers/net/vmxnet3/vmxnet3.o
  CC [M]  drivers/hwmon/pmbus/ltc3815.o
  CC [M]  drivers/gpu/drm/amd/amdgpu/smuio_v13_0_6.o
  CC [M]  drivers/net/ethernet/mellanox/mlx5/core/en_accel/ktls.o
  CC [M]  drivers/gpu/drm/xe/i915-display/intel_fb.o
  CC [M]  drivers/crypto/intel/qat/qat_common/adf_pfvf_pf_msg.o
  CC [M]  drivers/net/thunderbolt/trace.o
  CC [M]  drivers/gpu/drm/nouveau/nvkm/subdev/i2c/gf117.o
  CC [M]  drivers/net/ethernet/sfc/ef100_rx.o
  CC [M]  drivers/net/usb/asix_common.o
  AR      drivers/nvmem/layouts/built-in.a
  CC [M]  drivers/gpu/drm/i915/display/intel_opregion.o
  AR      drivers/nvmem/built-in.a
  CC [M]  drivers/net/ethernet/mellanox/mlx5/core/en_accel/ktls_txrx.o
  CC      drivers/android/binder_netlink.o
  CC [M]  drivers/hwmon/pmbus/max16064.o
  CC [M]  drivers/gpu/drm/nouveau/nvkm/subdev/i2c/gf119.o
  CC [M]  drivers/crypto/intel/qat/qat_common/adf_pfvf_pf_proto.o
  CC [M]  drivers/gpu/drm/amd/amdgpu/smuio_v14_0_2.o
  CC [M]  drivers/gpu/drm/amd/amdgpu/smuio_v15_0_0.o
  CC [M]  drivers/net/ethernet/sfc/ef100_tx.o
  LD [M]  drivers/net/thunderbolt/thunderbolt_net.o
  CC [M]  drivers/gpu/drm/i915/display/intel_fbdev.o
  CC [M]  drivers/gpu/drm/amd/amdgpu/smuio_v15_0_8.o
  CC [M]  drivers/gpu/drm/amd/amdgpu/amdgpu_reset.o
  CC [M]  drivers/hwmon/pmbus/max20751.o
  CC [M]  drivers/gpu/drm/nouveau/nvkm/subdev/i2c/gk104.o
  CC [M]  drivers/gpu/drm/xe/i915-display/intel_fbc.o
  CC [M]  drivers/gpu/drm/amd/amdgpu/mca_v3_0.o
  CC [M]  drivers/net/usb/ax88172a.o
  CC [M]  drivers/crypto/intel/qat/qat_common/adf_pfvf_utils.o
  CC [M]  drivers/gpu/drm/i915/display/intel_fbdev_fb.o
  AR      drivers/accel/built-in.a
  CC [M]  drivers/accel/amdxdna/aie2_ctx.o
  CC [M]  drivers/hwmon/pmbus/max31785.o
  CC [M]  drivers/gpu/drm/nouveau/nvkm/subdev/i2c/gk110.o
  CC [M]  drivers/net/ethernet/mellanox/mlx5/core/en_accel/ktls_tx.o
  CC [M]  drivers/gpu/drm/i915/display/intel_display_debugfs.o
  CC      drivers/dpll/dpll_core.o
  CC [M]  drivers/net/ethernet/sfc/efx_devlink.o
  CC      drivers/dpll/dpll_netlink.o
  CC [M]  drivers/net/usb/ax88179_178a.o
  CC [M]  drivers/crypto/intel/qat/qat_common/adf_pfvf_vf_msg.o
  CC [M]  drivers/accel/habanalabs/common/mmu/mmu.o
  CC [M]  drivers/gpu/drm/amd/amdgpu/amdgpu_amdkfd.o
  CC [M]  drivers/hwmon/pmbus/max34440.o
  CC [M]  drivers/accel/amdxdna/aie2_error.o
  CC [M]  drivers/gpu/drm/amd/amdgpu/amdgpu_userq.o
  CC [M]  drivers/gpu/drm/nouveau/nvkm/subdev/i2c/gm200.o
  CC [M]  drivers/accel/amdxdna/aie2_message.o
  CC [M]  drivers/crypto/intel/qat/qat_common/adf_pfvf_vf_proto.o
  CC [M]  drivers/gpu/drm/xe/i915-display/intel_fdi.o
  CC [M]  drivers/crypto/intel/qat/qat_common/adf_sriov.o
  CC [M]  drivers/hwmon/pmbus/max8688.o
  CC [M]  drivers/gpu/drm/nouveau/nvkm/subdev/i2c/pad.o
  CC [M]  drivers/gpu/drm/i915/display/intel_display_debugfs_params.o
  AR      drivers/android/built-in.a
  CC [M]  drivers/net/usb/cdc_ether.o
  CC [M]  drivers/net/ethernet/sfc/efx_reflash.o
  CC [M]  drivers/gpu/drm/amd/amdgpu/../amdkfd/kfd_module.o
  CC [M]  drivers/net/ethernet/mellanox/mlx5/core/en_accel/ktls_rx.o
  CC [M]  drivers/crypto/intel/qat/qat_common/adf_vf_isr.o
  CC [M]  drivers/accel/habanalabs/common/mmu/mmu_v1.o
  CC [M]  drivers/net/ethernet/mellanox/mlx5/core/steering/sws/dr_domain.o
  CC      drivers/dpll/dpll_nl.o
  CC [M]  drivers/accel/amdxdna/aie2_pci.o
  AR      drivers/resctrl/built-in.a
  CC [M]  drivers/hwmon/pmbus/tps40422.o
  CC [M]  drivers/gpu/drm/nouveau/nvkm/subdev/i2c/padnv04.o
  CC [M]  drivers/net/ethernet/sfc/sriov.o
  CC [M]  drivers/gpu/drm/i915/display/intel_pipe_crc.o
  CC [M]  drivers/accel/amdxdna/aie2_pm.o
  CC [M]  drivers/gpu/drm/xe/i915-display/intel_fifo_underrun.o
  LD [M]  drivers/crypto/intel/qat/qat_common/intel_qat.o
  CC [M]  drivers/net/usb/cdc_eem.o
  AR      drivers/crypto/built-in.a
  CC [M]  drivers/gpu/drm/amd/amdgpu/../amdkfd/kfd_device.o
  CC [M]  drivers/net/ethernet/mellanox/mlx5/core/steering/sws/dr_table.o
  CC [M]  drivers/accel/habanalabs/common/mmu/mmu_v2.o
  CC [M]  drivers/hwmon/pmbus/tps53679.o
  CC [M]  drivers/accel/ivpu/ivpu_drv.o
  AR      drivers/dpll/built-in.a
  CC [M]  drivers/gpu/drm/nouveau/nvkm/subdev/i2c/padnv4e.o
  CC [M]  drivers/gpu/drm/i915/display/dvo_ch7017.o
  CC [M]  drivers/accel/qaic/mhi_controller.o
  CC [M]  drivers/net/usb/usbnet.o
  CC [M]  drivers/gpu/drm/i915/display/dvo_ch7xxx.o
  CC [M]  drivers/accel/amdxdna/aie2_psp.o
  CC [M]  drivers/net/ethernet/sfc/ef10_sriov.o
  CC [M]  drivers/net/ethernet/sfc/ef100_sriov.o
  CC [M]  drivers/gpu/drm/xe/i915-display/intel_flipq.o
  CC [M]  drivers/gpu/drm/amd/amdgpu/../amdkfd/kfd_chardev.o
  CC [M]  drivers/gpu/drm/nouveau/nvkm/subdev/i2c/padnv50.o
  CC [M]  drivers/hwmon/pmbus/ucd9000.o
  CC [M]  drivers/accel/qaic/qaic_control.o
  CC [M]  drivers/gpu/drm/i915/display/dvo_ivch.o
  CC [M]  drivers/accel/habanalabs/common/mmu/mmu_v2_hr.o
  CC [M]  drivers/gpu/drm/i915/display/dvo_ns2501.o
  CC [M]  drivers/accel/ivpu/ivpu_fw.o
  CC [M]  drivers/net/ethernet/mellanox/mlx5/core/steering/sws/dr_matcher.o
  CC [M]  drivers/accel/amdxdna/aie2_smu.o
  CC [M]  drivers/vfio/vfio_main.o
  CC [M]  drivers/gpu/drm/nouveau/nvkm/subdev/i2c/padg94.o
  CC [M]  drivers/bluetooth/hci_vhci.o
  CC [M]  drivers/hwmon/pmbus/ucd9200.o
  CC [M]  drivers/gpu/drm/xe/i915-display/intel_frontbuffer.o
  CC [M]  drivers/gpu/drm/i915/display/dvo_sil164.o
  CC [M]  drivers/accel/qaic/qaic_data.o
  CC [M]  drivers/net/usb/cdc_ncm.o
  CC [M]  drivers/accel/ivpu/ivpu_fw_log.o
  CC [M]  drivers/accel/amdxdna/aie2_solver.o
  CC [M]  drivers/net/ethernet/sfc/ef100_rep.o
  CC [M]  drivers/vfio/group.o
  CC [M]  drivers/accel/habanalabs/common/pci/pci.o
  CC [M]  drivers/net/ethernet/mellanox/mlx5/core/steering/sws/dr_rule.o
  CC [M]  drivers/gpu/drm/nouveau/nvkm/subdev/i2c/padgf119.o
  CC [M]  drivers/gpu/drm/amd/amdgpu/../amdkfd/kfd_topology.o
  CC [M]  drivers/accel/ivpu/ivpu_gem.o
  CC [M]  drivers/gpu/drm/amd/amdgpu/../amdkfd/kfd_doorbell.o
  CC [M]  drivers/hwmon/pmbus/zl6100.o
  CC [M]  drivers/accel/amdxdna/amdxdna_ctx.o
  CC [M]  drivers/gpu/drm/i915/display/dvo_tfp410.o
  CC [M]  drivers/edac/edac_mc.o
  CC [M]  drivers/gpu/drm/xe/i915-display/intel_global_state.o
  CC [M]  drivers/bluetooth/hci_ldisc.o
  CC [M]  drivers/vfio/container.o
  CC [M]  drivers/gpu/drm/nouveau/nvkm/subdev/i2c/padgm200.o
  CC [M]  drivers/accel/habanalabs/common/habanalabs_drv.o
  CC [M]  drivers/net/usb/aqc111.o
  CC [M]  drivers/net/ethernet/sfc/mae.o
  CC [M]  drivers/accel/qaic/qaic_drv.o
  CC [M]  drivers/accel/ivpu/ivpu_gem_userptr.o
  CC [M]  drivers/gpu/drm/i915/display/g4x_dp.o
  CC [M]  drivers/bcma/main.o
  CC [M]  drivers/accel/amdxdna/amdxdna_gem.o
  CC [M]  drivers/bcma/scan.o
  CC [M]  drivers/net/ethernet/mellanox/mlx5/core/steering/sws/dr_icm_pool.o
  CC [M]  drivers/vfio/virqfd.o
  CC [M]  drivers/edac/edac_device.o
  CC [M]  drivers/gpu/drm/xe/i915-display/intel_gmbus.o
  CC [M]  drivers/gpu/drm/nouveau/nvkm/subdev/i2c/bus.o
  CC [M]  drivers/bluetooth/hci_h4.o
  CC [M]  drivers/gpu/drm/amd/amdgpu/../amdkfd/kfd_flat_memory.o
  CC [M]  drivers/accel/ivpu/ivpu_hw.o
  CC [M]  drivers/vfio/vfio_iommu_type1.o
  CC [M]  drivers/gpu/drm/amd/amdgpu/../amdkfd/kfd_process.o
  CC [M]  drivers/accel/qaic/qaic_ras.o
  CC [M]  drivers/bcma/core.o
  CC [M]  drivers/accel/habanalabs/common/device.o
  CC [M]  drivers/net/usb/r8153_ecm.o
  CC [M]  drivers/edac/edac_mc_sysfs.o
  CC [M]  drivers/accel/amdxdna/amdxdna_iommu.o
  CC [M]  drivers/gpu/drm/nouveau/nvkm/subdev/i2c/busnv04.o
  CC [M]  drivers/net/ethernet/mellanox/mlx5/core/steering/sws/dr_buddy.o
  CC [M]  drivers/gpu/drm/i915/display/g4x_hdmi.o
  CC [M]  drivers/vhost/net.o
  CC [M]  drivers/gpu/drm/xe/i915-display/intel_hdcp.o
  CC [M]  drivers/accel/ivpu/ivpu_hw_btrs.o
  CC [M]  drivers/bcma/sprom.o
  CC [M]  drivers/bluetooth/hci_bcsp.o
  CC [M]  drivers/accel/qaic/qaic_ssr.o
  CC [M]  drivers/edac/edac_module.o
  LD [M]  drivers/net/usb/asix.o
  CC [M]  drivers/net/ethernet/mellanox/mlx5/core/steering/sws/dr_ste.o
  CC [M]  drivers/accel/amdxdna/amdxdna_mailbox.o
  CC [M]  drivers/gpu/drm/nouveau/nvkm/subdev/i2c/busnv4e.o
  CC [M]  drivers/gpu/drm/i915/display/icl_dsi.o
  CC [M]  drivers/edac/edac_device_sysfs.o
  CC [M]  drivers/gpu/drm/amd/amdgpu/../amdkfd/kfd_queue.o
  CC [M]  drivers/net/ethernet/sfc/tc.o
  CC [M]  drivers/bcma/driver_chipcommon.o
  CC [M]  drivers/accel/qaic/qaic_sysfs.o
  CC [M]  drivers/accel/habanalabs/common/context.o
  CC [M]  drivers/vfio/pci/vfio_pci_core.o
  CC [M]  drivers/gpu/drm/xe/i915-display/intel_hdcp_gsc_message.o
  CC [M]  drivers/accel/ivpu/ivpu_hw_ip.o
  CC [M]  drivers/gpu/drm/nouveau/nvkm/subdev/i2c/busnv50.o
  CC [M]  drivers/bluetooth/hci_ath.o
  CC [M]  drivers/accel/amdxdna/amdxdna_mailbox_helper.o
  CC [M]  drivers/vhost/vhost.o
  CC [M]  drivers/edac/wq.o
  CC [M]  drivers/accel/qaic/qaic_timesync.o
  CC [M]  drivers/bcma/driver_chipcommon_pmu.o
  CC [M]  drivers/net/ethernet/sfc/tc_bindings.o
  CC [M]  drivers/gpu/drm/amd/amdgpu/../amdkfd/kfd_mqd_manager.o
  CC [M]  drivers/accel/habanalabs/common/asid.o
  CC [M]  drivers/gpu/drm/xe/i915-display/intel_hdmi.o
  CC [M]  drivers/gpu/drm/nouveau/nvkm/subdev/i2c/busgf119.o
  CC [M]  drivers/net/ethernet/mellanox/mlx5/core/steering/sws/dr_send.o
  CC [M]  drivers/accel/ivpu/ivpu_ipc.o
  CC [M]  drivers/vfio/pci/vfio_pci_intrs.o
  CC [M]  drivers/bluetooth/hci_ag6xx.o
  CC [M]  drivers/accel/amdxdna/amdxdna_pci_drv.o
  CC [M]  drivers/edac/edac_pci.o
  CC [M]  drivers/bcma/driver_chipcommon_b.o
  CC [M]  drivers/accel/qaic/sahara.o
  CC [M]  drivers/gpu/drm/i915/display/intel_backlight.o
  CC [M]  drivers/accel/habanalabs/common/habanalabs_ioctl.o
  CC [M]  drivers/gpu/drm/nouveau/nvkm/subdev/i2c/bit.o
  CC [M]  drivers/gpu/drm/amd/amdgpu/../amdkfd/kfd_mqd_manager_cik.o
  CC [M]  drivers/accel/ivpu/ivpu_job.o
  CC [M]  drivers/edac/edac_pci_sysfs.o
  CC [M]  drivers/bcma/driver_pci.o
  CC [M]  drivers/vfio/pci/vfio_pci_rdwr.o
  CC [M]  drivers/accel/amdxdna/amdxdna_pm.o
  CC [M]  drivers/accel/ivpu/ivpu_jsm_msg.o
  CC [M]  drivers/bluetooth/bcm203x.o
  CC [M]  drivers/accel/qaic/qaic_debugfs.o
  CC [M]  drivers/vhost/iotlb.o
  CC [M]  drivers/net/ethernet/sfc/tc_counters.o
  CC [M]  drivers/gpu/drm/nouveau/nvkm/subdev/i2c/auxch.o
  CC [M]  drivers/net/ethernet/mellanox/mlx5/core/steering/sws/dr_ste_v0.o
  CC [M]  drivers/accel/amdxdna/amdxdna_sysfs.o
  CC [M]  drivers/edac/mce_amd.o
  CC [M]  drivers/bcma/driver_pcie2.o
  CC [M]  drivers/gpu/drm/amd/amdgpu/../amdkfd/kfd_mqd_manager_vi.o
  LD [M]  drivers/vhost/vhost_net.o
  LD [M]  drivers/vhost/vhost_iotlb.o
  CC [M]  drivers/bcma/host_pci.o
  CC [M]  drivers/vfio/pci/vfio_pci_config.o
  CC [M]  drivers/vfio/mdev/mdev_core.o
  CC [M]  drivers/accel/habanalabs/common/command_buffer.o
  CC [M]  drivers/accel/ivpu/ivpu_mmu.o
  CC [M]  drivers/gpu/drm/xe/i915-display/intel_hotplug.o
  CC [M]  drivers/gpu/drm/i915/display/intel_crt.o
  LD [M]  drivers/accel/qaic/qaic.o
  CC [M]  drivers/edac/i5100_edac.o
  CC [M]  drivers/bluetooth/bpa10x.o
  CC [M]  drivers/gpu/drm/nouveau/nvkm/subdev/i2c/auxg94.o
  CC [M]  drivers/accel/amdxdna/amdxdna_ubuf.o
  CC [M]  drivers/net/ethernet/mellanox/mlx5/core/steering/sws/dr_ste_v1.o
  CC [M]  drivers/vfio/mdev/mdev_sysfs.o
  LD [M]  drivers/bcma/bcma.o
  CC [M]  drivers/edac/i5400_edac.o
  LD [M]  drivers/vfio/vfio.o
  CC [M]  drivers/net/ethernet/mellanox/mlx5/core/steering/sws/dr_ste_v2.o
  CC [M]  drivers/accel/habanalabs/common/hw_queue.o
  CC [M]  drivers/net/ethernet/sfc/tc_encap_actions.o
  CC [M]  drivers/accel/habanalabs/common/irq.o
  CC [M]  drivers/gpu/drm/amd/amdgpu/../amdkfd/kfd_mqd_manager_v9.o
  CC [M]  drivers/vfio/pci/vfio_pci.o
  CC [M]  drivers/accel/amdxdna/npu1_regs.o
  CC [M]  drivers/accel/ivpu/ivpu_mmu_context.o
  CC [M]  drivers/gpu/drm/i915/display/intel_cx0_phy.o
  CC [M]  drivers/vfio/mdev/mdev_driver.o
  CC [M]  drivers/gpu/drm/nouveau/nvkm/subdev/i2c/auxgf119.o
  CC [M]  drivers/bluetooth/btusb.o
  CC [M]  drivers/gpu/drm/xe/i915-display/intel_hotplug_irq.o
  CC [M]  drivers/edac/i7300_edac.o
  CC [M]  drivers/gpu/drm/xe/i915-display/intel_hti.o
  CC [M]  drivers/accel/amdxdna/npu4_regs.o
  CC [M]  drivers/vfio/pci/vfio_pci_igd.o
  CC [M]  drivers/gpu/drm/xe/i915-display/intel_initial_plane.o
  LD [M]  drivers/vfio/mdev/mdev.o
  CC [M]  drivers/thunderbolt/nhi.o
  CC [M]  drivers/thunderbolt/nhi_ops.o
  CC [M]  drivers/accel/ivpu/ivpu_ms.o
  CC [M]  drivers/accel/habanalabs/common/sysfs.o
  CC [M]  drivers/gpu/drm/nouveau/nvkm/subdev/i2c/auxgm200.o
  CC [M]  drivers/accel/amdxdna/npu5_regs.o
  CC [M]  drivers/edac/i7core_edac.o
  CC [M]  drivers/gpu/drm/amd/amdgpu/../amdkfd/kfd_mqd_manager_v10.o
  CC [M]  drivers/gpu/drm/i915/display/intel_ddi.o
  LD [M]  drivers/vfio/pci/vfio-pci-core.o
  CC [M]  drivers/net/ethernet/mellanox/mlx5/core/steering/sws/dr_ste_v3.o
  LD [M]  drivers/vfio/pci/vfio-pci.o
  CC [M]  drivers/gpu/drm/amd/amdgpu/../amdkfd/kfd_mqd_manager_v11.o
  CC [M]  drivers/net/ethernet/sfc/tc_conntrack.o
  CC [M]  drivers/net/ethernet/sfc/falcon/efx.o
  CC [M]  drivers/accel/ivpu/ivpu_pm.o
  CC [M]  drivers/net/ethernet/sfc/falcon/nic.o
  CC [M]  drivers/gpu/drm/xe/i915-display/intel_link_bw.o
  CC [M]  drivers/accel/amdxdna/npu6_regs.o
  CC [M]  drivers/gpu/drm/nouveau/nvkm/subdev/i2c/anx9805.o
  CC [M]  drivers/thunderbolt/ctl.o
  CC [M]  drivers/accel/habanalabs/common/hwmon.o
  CC [M]  drivers/bluetooth/btintel.o
  CC [M]  drivers/edac/sb_edac.o
  CC [M]  drivers/net/ethernet/sfc/falcon/farch.o
  CC [M]  drivers/gpu/drm/amd/amdgpu/../amdkfd/kfd_mqd_manager_v12.o
  LD [M]  drivers/accel/amdxdna/amdxdna.o
  CC [M]  drivers/net/ethernet/sfc/siena/farch.o
  CC [M]  drivers/net/ethernet/mellanox/mlx5/core/steering/sws/dr_cmd.o
  CC [M]  drivers/gpu/drm/xe/i915-display/intel_lspcon.o
  CC [M]  drivers/accel/ivpu/ivpu_sysfs.o
  CC [M]  drivers/accel/habanalabs/common/memory.o
  CC [M]  drivers/gpu/drm/nouveau/nvkm/subdev/iccsense/base.o
  CC [M]  drivers/thunderbolt/tb.o
  CC [M]  drivers/bluetooth/ath3k.o
  CC [M]  drivers/thunderbolt/switch.o
  CC [M]  drivers/edac/pnd2_edac.o
  CC [M]  drivers/accel/ivpu/ivpu_trace_points.o
  CC [M]  drivers/gpu/drm/amd/amdgpu/../amdkfd/kfd_mqd_manager_v12_1.o
  CC [M]  drivers/gpu/drm/nouveau/nvkm/subdev/iccsense/gf100.o
  CC [M]  drivers/gpu/drm/nouveau/nvkm/subdev/instmem/base.o
  CC [M]  drivers/gpu/drm/xe/i915-display/intel_lt_phy.o
  CC [M]  drivers/net/ethernet/mellanox/mlx5/core/steering/sws/dr_fw.o
  LD [M]  drivers/net/ethernet/sfc/sfc.o
  CC [M]  drivers/net/ethernet/sfc/siena/siena.o
  CC [M]  drivers/bluetooth/btmrvl_main.o
  CC [M]  drivers/accel/habanalabs/common/command_submission.o
  CC [M]  drivers/accel/ivpu/ivpu_debugfs.o
  CC [M]  drivers/gpu/drm/amd/amdgpu/../amdkfd/kfd_kernel_queue.o
  CC [M]  drivers/net/ethernet/sfc/siena/efx.o
  CC [M]  drivers/edac/igen6_edac.o
  CC [M]  drivers/gpu/drm/nouveau/nvkm/subdev/instmem/nv04.o
  CC [M]  drivers/net/ethernet/sfc/falcon/falcon.o
  CC [M]  drivers/gpu/drm/amd/amdgpu/../amdkfd/kfd_packet_manager.o
  CC [M]  drivers/gpu/drm/i915/display/intel_ddi_buf_trans.o
  CC [M]  drivers/bluetooth/btmrvl_debugfs.o
  CC [M]  drivers/gpu/drm/xe/i915-display/intel_modeset_lock.o
  CC [M]  drivers/thunderbolt/cap.o
  CC [M]  drivers/accel/ivpu/ivpu_coredump.o
  CC [M]  drivers/net/ethernet/mellanox/mlx5/core/steering/sws/dr_action.o
  CC [M]  drivers/accel/habanalabs/common/firmware_if.o
  CC [M]  drivers/gpu/drm/nouveau/nvkm/subdev/instmem/nv40.o
  CC [M]  drivers/accel/habanalabs/common/security.o
  CC [M]  drivers/gpu/drm/nouveau/nvkm/subdev/instmem/nv50.o
  CC [M]  drivers/accel/habanalabs/common/state_dump.o
  CC [M]  drivers/edac/e752x_edac.o
  CC [M]  drivers/thunderbolt/path.o
  LD [M]  drivers/accel/ivpu/intel_vpu.o
  CC [M]  drivers/gpu/drm/xe/i915-display/intel_modeset_setup.o
  CC [M]  drivers/bluetooth/btbcm.o
  CC [M]  drivers/gpu/drm/amd/amdgpu/../amdkfd/kfd_packet_manager_vi.o
  CC [M]  drivers/edac/i82975x_edac.o
  CC [M]  drivers/gpu/drm/i915/display/intel_display_device.o
  CC [M]  drivers/net/ethernet/sfc/siena/efx_common.o
  CC [M]  drivers/gpu/drm/nouveau/nvkm/subdev/instmem/gk20a.o
  CC [M]  drivers/thunderbolt/tunnel.o
  CC [M]  drivers/gpu/drm/nouveau/nvkm/subdev/instmem/gh100.o
  CC [M]  drivers/net/ethernet/mellanox/mlx5/core/steering/sws/dr_definer.o
  CC [M]  drivers/net/ethernet/sfc/falcon/tx.o
  CC [M]  drivers/thunderbolt/eeprom.o
  CC [M]  drivers/gpu/drm/xe/i915-display/intel_modeset_verify.o
  CC [M]  drivers/bluetooth/btrtl.o
  CC [M]  drivers/edac/i3000_edac.o
  CC [M]  drivers/gpu/drm/amd/amdgpu/../amdkfd/kfd_packet_manager_v9.o
  CC [M]  drivers/gpu/drm/i915/display/intel_display_trace.o
  CC [M]  drivers/net/ethernet/sfc/siena/efx_channels.o
  CC [M]  drivers/gpu/drm/nouveau/nvkm/subdev/ltc/base.o
  CC [M]  drivers/accel/habanalabs/common/memory_mgr.o
  CC [M]  drivers/net/ethernet/sfc/siena/nic.o
  CC [M]  drivers/thunderbolt/domain.o
  CC [M]  drivers/net/ethernet/mellanox/mlx5/core/steering/sws/dr_ptrn.o
  CC [M]  drivers/net/ethernet/sfc/siena/tx.o
  CC [M]  drivers/gpu/drm/amd/amdgpu/../amdkfd/kfd_process_queue_manager.o
  CC [M]  drivers/edac/i3200_edac.o
  CC [M]  drivers/gpu/drm/xe/i915-display/intel_overlay.o
  CC [M]  drivers/gpu/drm/i915/display/intel_dkl_phy.o
  CC [M]  drivers/net/ethernet/sfc/falcon/rx.o
  CC [M]  drivers/gpu/drm/nouveau/nvkm/subdev/ltc/gf100.o
  CC [M]  drivers/accel/habanalabs/common/decoder.o
  CC [M]  drivers/net/ethernet/sfc/falcon/selftest.o
  CC [M]  drivers/edac/ie31200_edac.o
  CC [M]  drivers/thunderbolt/dma_port.o
  CC [M]  drivers/gpu/drm/i915/display/intel_dp.o
  LD [M]  drivers/bluetooth/hci_uart.o
  LD [M]  drivers/bluetooth/btmrvl.o
  CC [M]  drivers/net/ethernet/sfc/siena/tx_common.o
  CC [M]  drivers/edac/x38_edac.o
  CC [M]  drivers/thunderbolt/icm.o
  CC [M]  drivers/net/ethernet/mellanox/mlx5/core/steering/sws/dr_arg.o
  CC [M]  drivers/net/ethernet/sfc/siena/rx.o
  CC [M]  drivers/gpu/drm/nouveau/nvkm/subdev/ltc/gk104.o
  CC [M]  drivers/accel/habanalabs/gaudi2/gaudi2.o
  CC [M]  drivers/accel/habanalabs/gaudi2/gaudi2_security.o
  CC [M]  drivers/accel/habanalabs/gaudi2/gaudi2_coresight.o
  CC [M]  drivers/gpu/drm/xe/i915-display/intel_panel.o
  CC [M]  drivers/net/ethernet/sfc/falcon/ethtool.o
  CC [M]  drivers/gpu/drm/amd/amdgpu/../amdkfd/kfd_device_queue_manager.o
  CC [M]  drivers/edac/amd64_edac.o
  CC [M]  drivers/net/ethernet/sfc/falcon/qt202x_phy.o
  CC [M]  drivers/gpu/drm/nouveau/nvkm/subdev/ltc/gm107.o
  CC [M]  drivers/net/ethernet/mellanox/mlx5/core/steering/sws/dr_dbg.o
  CC [M]  drivers/gpu/drm/xe/i915-display/intel_parent.o
  CC [M]  drivers/gpu/drm/i915/display/intel_dp_aux.o
  CC [M]  drivers/thunderbolt/property.o
  CC [M]  drivers/net/ethernet/sfc/siena/rx_common.o
  CC [M]  drivers/gpu/drm/amd/amdgpu/../amdkfd/kfd_device_queue_manager_cik.o
  CC [M]  drivers/accel/habanalabs/gaudi/gaudi.o
  CC [M]  drivers/edac/skx_base.o
  CC [M]  drivers/gpu/drm/nouveau/nvkm/subdev/ltc/gm200.o
  CC [M]  drivers/net/ethernet/sfc/falcon/mdio_10g.o
  CC [M]  drivers/net/ethernet/mellanox/mlx5/core/steering/sws/fs_dr.o
  CC [M]  drivers/gpu/drm/xe/i915-display/intel_pch.o
  CC [M]  drivers/net/ethernet/sfc/siena/selftest.o
  CC [M]  drivers/thunderbolt/xdomain.o
  CC [M]  drivers/gpu/drm/nouveau/nvkm/subdev/ltc/gp100.o
  CC [M]  drivers/gpu/drm/amd/amdgpu/../amdkfd/kfd_device_queue_manager_vi.o
  CC [M]  drivers/gpu/drm/i915/display/intel_dp_aux_backlight.o
  CC [M]  drivers/gpu/drm/amd/amdgpu/../amdkfd/kfd_device_queue_manager_v9.o
  CC [M]  drivers/edac/skx_common.o
  CC [M]  drivers/gpu/drm/xe/i915-display/intel_pfit.o
  CC [M]  drivers/net/ethernet/sfc/falcon/tenxpress.o
  CC [M]  drivers/thunderbolt/lc.o
  CC [M]  drivers/gpu/drm/nouveau/nvkm/subdev/ltc/gp102.o
  CC [M]  drivers/gpu/drm/i915/display/intel_dp_hdcp.o
  CC [M]  drivers/net/ethernet/sfc/falcon/txc43128_phy.o
  CC [M]  drivers/accel/habanalabs/gaudi/gaudi_security.o
  CC [M]  drivers/net/ethernet/mellanox/mlx5/core/lib/smfs.o
  CC [M]  drivers/thunderbolt/tmu.o
  CC [M]  drivers/net/ethernet/sfc/siena/ethtool.o
  CC [M]  drivers/gpu/drm/nouveau/nvkm/subdev/ltc/gp10b.o
  CC [M]  drivers/edac/i10nm_base.o
  CC [M]  drivers/gpu/drm/xe/i915-display/intel_plane.o
  CC [M]  drivers/gpu/drm/amd/amdgpu/../amdkfd/kfd_device_queue_manager_v10.o
  CC [M]  drivers/net/ethernet/sfc/falcon/falcon_boards.o
  CC [M]  drivers/gpu/drm/amd/amdgpu/../amdkfd/kfd_device_queue_manager_v11.o
  CC [M]  drivers/accel/habanalabs/gaudi/gaudi_coresight.o
  CC [M]  drivers/gpu/drm/i915/display/intel_dp_link_training.o
  CC [M]  drivers/net/ethernet/sfc/siena/ethtool_common.o
  CC [M]  drivers/thunderbolt/usb4.o
  CC [M]  drivers/gpu/drm/nouveau/nvkm/subdev/ltc/ga102.o
  CC [M]  drivers/gpu/drm/i915/display/intel_dp_mst.o
  CC [M]  drivers/net/ethernet/mellanox/mlx5/core/steering/hws/cmd.o
  CC [M]  drivers/net/ethernet/mellanox/mlx5/core/steering/hws/context.o
  CC [M]  drivers/net/ethernet/sfc/siena/ptp.o
  CC [M]  drivers/gpu/drm/nouveau/nvkm/subdev/mc/base.o
  LD [M]  drivers/edac/edac_core.o
  CC [M]  drivers/gpu/drm/i915/display/intel_dp_test.o
  LD [M]  drivers/edac/edac_mce_amd.o
  LD [M]  drivers/edac/skx_edac.o
  LD [M]  drivers/edac/skx_edac_common.o
  LD [M]  drivers/edac/i10nm_edac.o
  CC [M]  drivers/gpu/drm/xe/i915-display/intel_pmdemand.o
  LD [M]  drivers/net/ethernet/sfc/falcon/sfc-falcon.o
  CC [M]  drivers/gpu/drm/i915/display/intel_dsi.o
  CC [M]  drivers/gpu/drm/amd/amdgpu/../amdkfd/kfd_device_queue_manager_v12.o
  CC [M]  drivers/thunderbolt/usb4_port.o
  CC [M]  drivers/net/ethernet/mellanox/mlx5/core/steering/hws/pat_arg.o
  CC [M]  drivers/net/ethernet/sfc/siena/mcdi.o
  CC [M]  drivers/accel/habanalabs/goya/goya.o
  CC [M]  drivers/gpu/drm/nouveau/nvkm/subdev/mc/nv04.o
  CC [M]  drivers/net/ethernet/mellanox/mlx5/core/steering/hws/buddy.o
  CC [M]  drivers/net/ethernet/mellanox/mlx5/core/steering/hws/pool.o
  CC [M]  drivers/gpu/drm/i915/display/intel_dsi_dcs_backlight.o
  CC [M]  drivers/gpu/drm/xe/i915-display/intel_pps.o
  CC [M]  drivers/thunderbolt/nvm.o
  CC [M]  drivers/gpu/drm/nouveau/nvkm/subdev/mc/nv11.o
  CC [M]  drivers/gpu/drm/nouveau/nvkm/subdev/mc/nv17.o
  CC [M]  drivers/net/ethernet/mellanox/mlx5/core/steering/hws/table.o
  CC [M]  drivers/net/ethernet/sfc/siena/mcdi_port.o
  CC [M]  drivers/gpu/drm/amd/amdgpu/../amdkfd/kfd_device_queue_manager_v12_1.o
  CC [M]  drivers/net/ethernet/sfc/siena/mcdi_port_common.o
  CC [M]  drivers/gpu/drm/i915/display/intel_dsi_vbt.o
  CC [M]  drivers/thunderbolt/retimer.o
  CC [M]  drivers/net/ethernet/mellanox/mlx5/core/steering/hws/action.o
  CC [M]  drivers/accel/habanalabs/goya/goya_security.o
  CC [M]  drivers/gpu/drm/nouveau/nvkm/subdev/mc/nv44.o
  CC [M]  drivers/gpu/drm/amd/amdgpu/../amdkfd/kfd_interrupt.o
  CC [M]  drivers/gpu/drm/i915/display/intel_dvo.o
  CC [M]  drivers/gpu/drm/xe/i915-display/intel_psr.o
  CC [M]  drivers/gpu/drm/amd/amdgpu/../amdkfd/kfd_events.o
  CC [M]  drivers/net/ethernet/sfc/siena/mcdi_mon.o
  CC [M]  drivers/thunderbolt/quirks.o
  CC [M]  drivers/accel/habanalabs/goya/goya_hwmgr.o
  CC [M]  drivers/gpu/drm/nouveau/nvkm/subdev/mc/nv50.o
  CC [M]  drivers/gpu/drm/i915/display/intel_encoder.o
  CC [M]  drivers/thunderbolt/clx.o
  CC [M]  drivers/net/ethernet/mellanox/mlx5/core/steering/hws/rule.o
  CC [M]  drivers/gpu/drm/i915/display/intel_gmbus.o
  CC [M]  drivers/thunderbolt/acpi.o
  CC [M]  drivers/gpu/drm/i915/display/intel_hdmi.o
  CC [M]  drivers/net/ethernet/sfc/siena/siena_sriov.o
  CC [M]  drivers/gpu/drm/nouveau/nvkm/subdev/mc/g84.o
  CC [M]  drivers/net/ethernet/mellanox/mlx5/core/steering/hws/matcher.o
  CC [M]  drivers/accel/habanalabs/goya/goya_coresight.o
  CC [M]  drivers/gpu/drm/amd/amdgpu/../amdkfd/cik_event_interrupt.o
  CC [M]  drivers/gpu/drm/xe/i915-display/intel_qp_tables.o
  CC [M]  drivers/accel/habanalabs/common/debugfs.o
  CC [M]  drivers/gpu/drm/xe/i915-display/intel_quirks.o
  CC [M]  drivers/net/ethernet/mellanox/mlx5/core/steering/hws/send.o
  CC [M]  drivers/gpu/drm/nouveau/nvkm/subdev/mc/g98.o
  CC [M]  drivers/gpu/drm/i915/display/intel_lspcon.o
  CC [M]  drivers/thunderbolt/debugfs.o
  CC [M]  drivers/gpu/drm/amd/amdgpu/../amdkfd/kfd_int_process_v9.o
  CC [M]  drivers/gpu/drm/xe/i915-display/intel_rom.o
  CC [M]  drivers/gpu/drm/i915/display/intel_lt_phy.o
  CC [M]  drivers/net/ethernet/mellanox/mlx5/core/steering/hws/definer.o
  CC [M]  drivers/gpu/drm/amd/amdgpu/../amdkfd/kfd_int_process_v10.o
  CC [M]  drivers/gpu/drm/nouveau/nvkm/subdev/mc/gt215.o
  CC [M]  drivers/gpu/drm/xe/i915-display/intel_snps_hdmi_pll.o
  CC [M]  drivers/gpu/drm/i915/display/intel_lvds.o
  CC [M]  drivers/net/ethernet/mellanox/mlx5/core/steering/hws/bwc.o
  LD [M]  drivers/thunderbolt/thunderbolt.o
  CC [M]  drivers/gpu/drm/i915/display/intel_panel.o
  CC [M]  drivers/gpu/drm/amd/amdgpu/../amdkfd/kfd_int_process_v11.o
  CC [M]  drivers/gpu/drm/nouveau/nvkm/subdev/mc/gf100.o
  CC [M]  drivers/gpu/drm/i915/display/intel_pfit.o
  CC [M]  drivers/gpu/drm/nouveau/nvkm/subdev/mc/gk104.o
  CC [M]  drivers/net/ethernet/mellanox/mlx5/core/steering/hws/debug.o
  LD [M]  drivers/accel/habanalabs/habanalabs.o
  LD [M]  drivers/net/ethernet/sfc/siena/sfc-siena.o
  CC [M]  drivers/gpu/drm/xe/i915-display/intel_snps_phy.o
  CC [M]  drivers/gpu/drm/nouveau/nvkm/subdev/mc/gk20a.o
  CC [M]  drivers/gpu/drm/amd/amdgpu/../amdkfd/kfd_int_process_v12_1.o
  CC [M]  drivers/gpu/drm/i915/display/intel_pps.o
  CC [M]  drivers/gpu/drm/i915/display/intel_qp_tables.o
  CC [M]  drivers/gpu/drm/xe/i915-display/intel_tc.o
  CC [M]  drivers/net/ethernet/mellanox/mlx5/core/steering/hws/vport.o
  CC [M]  drivers/gpu/drm/nouveau/nvkm/subdev/mc/gp100.o
  CC [M]  drivers/gpu/drm/nouveau/nvkm/subdev/mc/gp10b.o
  CC [M]  drivers/gpu/drm/amd/amdgpu/../amdkfd/kfd_smi_events.o
  CC [M]  drivers/gpu/drm/xe/i915-display/intel_vblank.o
  CC [M]  drivers/gpu/drm/i915/display/intel_sdvo.o
  CC [M]  drivers/gpu/drm/amd/amdgpu/../amdkfd/kfd_crat.o
  CC [M]  drivers/net/ethernet/mellanox/mlx5/core/steering/hws/bwc_complex.o
  CC [M]  drivers/gpu/drm/xe/i915-display/intel_vdsc.o
  CC [M]  drivers/gpu/drm/amd/amdgpu/../amdkfd/kfd_debug.o
  CC [M]  drivers/gpu/drm/amd/amdgpu/../amdkfd/kfd_debugfs.o
  CC [M]  drivers/gpu/drm/i915/display/intel_snps_hdmi_pll.o
  CC [M]  drivers/gpu/drm/nouveau/nvkm/subdev/mc/ga100.o
  CC [M]  drivers/gpu/drm/xe/i915-display/intel_vga.o
  CC [M]  drivers/gpu/drm/amd/amdgpu/../amdkfd/kfd_svm.o
  CC [M]  drivers/gpu/drm/amd/amdgpu/../amdkfd/kfd_migrate.o
  CC [M]  drivers/gpu/drm/amd/amdgpu/amdgpu_amdkfd_fence.o
  CC [M]  drivers/gpu/drm/xe/i915-display/intel_vrr.o
  CC [M]  drivers/gpu/drm/i915/display/intel_snps_phy.o
  CC [M]  drivers/gpu/drm/xe/i915-display/intel_wm.o
  CC [M]  drivers/gpu/drm/amd/amdgpu/amdgpu_amdkfd_gpuvm.o
  CC [M]  drivers/gpu/drm/i915/display/intel_tv.o
  CC [M]  drivers/gpu/drm/i915/display/intel_vdsc.o
  CC [M]  drivers/gpu/drm/nouveau/nvkm/subdev/mmu/base.o
  CC [M]  drivers/net/ethernet/mellanox/mlx5/core/steering/hws/fs_hws_pools.o
  CC [M]  drivers/gpu/drm/amd/amdgpu/amdgpu_amdkfd_gfx_v8.o
  CC [M]  drivers/gpu/drm/i915/display/intel_vrr.o
  CC [M]  drivers/gpu/drm/xe/i915-display/skl_prefill.o
  CC [M]  drivers/gpu/drm/nouveau/nvkm/subdev/mmu/nv04.o
  CC [M]  drivers/gpu/drm/xe/i915-display/skl_scaler.o
  CC [M]  drivers/gpu/drm/amd/amdgpu/amdgpu_amdkfd_gfx_v9.o
  CC [M]  drivers/gpu/drm/xe/i915-display/skl_universal_plane.o
  CC [M]  drivers/gpu/drm/nouveau/nvkm/subdev/mmu/nv41.o
  CC [M]  drivers/gpu/drm/i915/display/vlv_dsi.o
  CC [M]  drivers/gpu/drm/xe/i915-display/skl_watermark.o
  CC [M]  drivers/net/ethernet/mellanox/mlx5/core/steering/hws/fs_hws.o
  CC [M]  drivers/gpu/drm/amd/amdgpu/amdgpu_amdkfd_arcturus.o
  CC [M]  drivers/net/ethernet/mellanox/mlx5/core/steering/hws/action_ste_pool.o
  CC [M]  drivers/gpu/drm/i915/display/vlv_dsi_pll.o
  CC [M]  drivers/gpu/drm/amd/amdgpu/amdgpu_amdkfd_aldebaran.o
  CC [M]  drivers/gpu/drm/i915/display/intel_dp_tunnel.o
  CC [M]  drivers/gpu/drm/nouveau/nvkm/subdev/mmu/nv44.o
  CC [M]  drivers/gpu/drm/i915/display/intel_gvt_api.o
  CC [M]  drivers/gpu/drm/xe/i915-display/intel_acpi.o
  CC [M]  drivers/gpu/drm/nouveau/nvkm/subdev/mmu/nv50.o
  CC [M]  drivers/gpu/drm/amd/amdgpu/amdgpu_amdkfd_gc_9_4_3.o
  CC [M]  drivers/gpu/drm/nouveau/nvkm/subdev/mmu/g84.o
  CC [M]  drivers/gpu/drm/nouveau/nvkm/subdev/mmu/mcp77.o
  CC [M]  drivers/gpu/drm/amd/amdgpu/amdgpu_amdkfd_gfx_v10.o
  CC [M]  drivers/gpu/drm/nouveau/nvkm/subdev/mmu/gf100.o
  CC [M]  drivers/gpu/drm/xe/i915-display/intel_opregion.o
  CC [M]  drivers/gpu/drm/amd/amdgpu/amdgpu_amdkfd_gfx_v10_3.o
  CC [M]  drivers/gpu/drm/i915/i915_perf.o
  CC [M]  drivers/gpu/drm/nouveau/nvkm/subdev/mmu/gk104.o
  CC [M]  drivers/gpu/drm/amd/amdgpu/amdgpu_amdkfd_gfx_v11.o
  CC [M]  drivers/gpu/drm/i915/pxp/intel_pxp.o
  CC [M]  drivers/gpu/drm/nouveau/nvkm/subdev/mmu/gk20a.o
  LD [M]  drivers/net/ethernet/mellanox/mlx5/core/mlx5_core.o
  CC [M]  drivers/gpu/drm/i915/pxp/intel_pxp_huc.o
  CC [M]  drivers/gpu/drm/xe/i915-display/intel_fbdev.o
  CC [M]  drivers/gpu/drm/i915/pxp/intel_pxp_tee.o
  AR      drivers/net/ethernet/built-in.a
  CC [M]  drivers/gpu/drm/amd/amdgpu/amdgpu_amdkfd_gfx_v12.o
  CC [M]  drivers/gpu/drm/xe/xe_debugfs.o
  CC [M]  drivers/gpu/drm/i915/pxp/intel_pxp_cmd.o
  CC [M]  drivers/gpu/drm/nouveau/nvkm/subdev/mmu/gm200.o
  AR      drivers/net/built-in.a
  CC [M]  drivers/gpu/drm/xe/xe_gt_debugfs.o
  CC [M]  drivers/gpu/drm/nouveau/nvkm/subdev/mmu/gm20b.o
  CC [M]  drivers/gpu/drm/amd/amdgpu/amdgpu_amdkfd_gfx_v12_1.o
  CC [M]  drivers/gpu/drm/i915/pxp/intel_pxp_debugfs.o
  CC [M]  drivers/gpu/drm/xe/xe_gt_sriov_vf_debugfs.o
  CC [M]  drivers/gpu/drm/nouveau/nvkm/subdev/mmu/gp100.o
  CC [M]  drivers/gpu/drm/i915/pxp/intel_pxp_gsccs.o
  CC [M]  drivers/gpu/drm/amd/amdgpu/amdgpu_amdkfd_gfx_v7.o
  CC [M]  drivers/gpu/drm/xe/xe_gt_stats.o
  CC [M]  drivers/gpu/drm/i915/pxp/intel_pxp_irq.o
  CC [M]  drivers/gpu/drm/nouveau/nvkm/subdev/mmu/gp10b.o
  CC [M]  drivers/gpu/drm/amd/amdgpu/amdgpu_cgs.o
  CC [M]  drivers/gpu/drm/amd/amdgpu/amdgpu_job.o
  CC [M]  drivers/gpu/drm/i915/pxp/intel_pxp_pm.o
  CC [M]  drivers/gpu/drm/nouveau/nvkm/subdev/mmu/gv100.o
  CC [M]  drivers/gpu/drm/nouveau/nvkm/subdev/mmu/tu102.o
  CC [M]  drivers/gpu/drm/xe/xe_guc_debugfs.o
  CC [M]  drivers/gpu/drm/amd/amdgpu/amdgpu_acp.o
  CC [M]  drivers/gpu/drm/amd/amdgpu/../acp/acp_hw.o
  CC [M]  drivers/gpu/drm/i915/pxp/intel_pxp_session.o
  CC [M]  drivers/gpu/drm/nouveau/nvkm/subdev/mmu/gh100.o
  CC [M]  drivers/gpu/drm/i915/i915_gpu_error.o
  CC [M]  drivers/gpu/drm/nouveau/nvkm/subdev/mmu/mem.o
  CC [M]  drivers/gpu/drm/xe/xe_huc_debugfs.o
  CC [M]  drivers/gpu/drm/i915/i915_vgpu.o
  CC [M]  drivers/gpu/drm/i915/intel_gvt.o
  CC [M]  drivers/gpu/drm/nouveau/nvkm/subdev/mmu/memnv04.o
  CC [M]  drivers/gpu/drm/xe/xe_tile_debugfs.o
  CC [M]  drivers/gpu/drm/nouveau/nvkm/subdev/mmu/memnv50.o
  CC [M]  drivers/gpu/drm/xe/xe_uc_debugfs.o
  CC [M]  drivers/gpu/drm/i915/intel_gvt_mmio_table.o
  CC [M]  drivers/gpu/drm/nouveau/nvkm/subdev/mmu/memgf100.o
  CC [M]  drivers/gpu/drm/xe/xe_gt_sriov_pf_debugfs.o
  CC [M]  drivers/gpu/drm/amd/amdgpu/amdgpu_ioc32.o
  CC [M]  drivers/gpu/drm/xe/i915-display/intel_display_debugfs.o
  CC [M]  drivers/gpu/drm/amd/amdgpu/amdgpu_acpi.o
  CC [M]  drivers/gpu/drm/nouveau/nvkm/subdev/mmu/vmm.o
  CC [M]  drivers/gpu/drm/i915/gvt/aperture_gm.o
  CC [M]  drivers/gpu/drm/xe/i915-display/intel_display_debugfs_params.o
  CC [M]  drivers/gpu/drm/i915/gvt/cfg_space.o
  CC [M]  drivers/gpu/drm/amd/amdgpu/amdgpu_hmm.o
  CC [M]  drivers/gpu/drm/nouveau/nvkm/subdev/mmu/vmmnv04.o
  CC [M]  drivers/gpu/drm/i915/gvt/cmd_parser.o
  CC [M]  drivers/gpu/drm/xe/i915-display/intel_pipe_crc.o
  CC [M]  drivers/gpu/drm/i915/gvt/debugfs.o
  CC [M]  drivers/gpu/drm/nouveau/nvkm/subdev/mmu/vmmnv41.o
  CC [M]  drivers/gpu/drm/nouveau/nvkm/subdev/mmu/vmmnv44.o
  CC [M]  drivers/gpu/drm/nouveau/nvkm/subdev/mmu/vmmnv50.o
  CC [M]  drivers/gpu/drm/i915/gvt/display.o
  CC [M]  drivers/gpu/drm/amd/amdgpu/../pm/swsmu/smu11/arcturus_ppt.o
  CC [M]  drivers/gpu/drm/i915/gvt/dmabuf.o
  CC [M]  drivers/gpu/drm/i915/gvt/edid.o
  CC [M]  drivers/gpu/drm/amd/amdgpu/../pm/swsmu/smu11/navi10_ppt.o
  CC [M]  drivers/gpu/drm/nouveau/nvkm/subdev/mmu/vmmmcp77.o
  CC [M]  drivers/gpu/drm/amd/amdgpu/../pm/swsmu/smu11/sienna_cichlid_ppt.o
  CC [M]  drivers/gpu/drm/i915/gvt/execlist.o
  CC [M]  drivers/gpu/drm/xe/i915-display/intel_dp_tunnel.o
  CC [M]  drivers/gpu/drm/i915/gvt/fb_decoder.o
  CC [M]  drivers/gpu/drm/i915/gvt/firmware.o
  CC [M]  drivers/gpu/drm/amd/amdgpu/../pm/swsmu/smu11/vangogh_ppt.o
  CC [M]  drivers/gpu/drm/amd/amdgpu/../pm/swsmu/smu11/cyan_skillfish_ppt.o
  CC [M]  drivers/gpu/drm/nouveau/nvkm/subdev/mmu/vmmgf100.o
  CC [M]  drivers/gpu/drm/i915/gvt/gtt.o
  CC [M]  drivers/gpu/drm/nouveau/nvkm/subdev/mmu/vmmgk104.o
  CC [M]  drivers/gpu/drm/i915/gvt/handlers.o
  CC [M]  drivers/gpu/drm/amd/amdgpu/../pm/swsmu/smu11/smu_v11_0.o
  CC [M]  drivers/gpu/drm/nouveau/nvkm/subdev/mmu/vmmgk20a.o
  CC [M]  drivers/gpu/drm/amd/amdgpu/../pm/swsmu/smu12/renoir_ppt.o
  CC [M]  drivers/gpu/drm/nouveau/nvkm/subdev/mmu/vmmgm200.o
  CC [M]  drivers/gpu/drm/i915/gvt/interrupt.o
  CC [M]  drivers/gpu/drm/amd/amdgpu/../pm/swsmu/smu12/smu_v12_0.o
  CC [M]  drivers/gpu/drm/i915/gvt/kvmgt.o
  LD [M]  drivers/gpu/drm/xe/xe.o
  CC [M]  drivers/gpu/drm/nouveau/nvkm/subdev/mmu/vmmgm20b.o
  CC [M]  drivers/gpu/drm/nouveau/nvkm/subdev/mmu/vmmgp100.o
  CC [M]  drivers/gpu/drm/nouveau/nvkm/subdev/mmu/vmmgp10b.o
  CC [M]  drivers/gpu/drm/amd/amdgpu/../pm/swsmu/smu13/smu_v13_0.o
  CC [M]  drivers/gpu/drm/nouveau/nvkm/subdev/mmu/vmmgv100.o
  CC [M]  drivers/gpu/drm/i915/gvt/mmio.o
  CC [M]  drivers/gpu/drm/nouveau/nvkm/subdev/mmu/vmmtu102.o
  CC [M]  drivers/gpu/drm/amd/amdgpu/../pm/swsmu/smu13/aldebaran_ppt.o
  CC [M]  drivers/gpu/drm/amd/amdgpu/../pm/swsmu/smu13/yellow_carp_ppt.o
  CC [M]  drivers/gpu/drm/i915/gvt/mmio_context.o
  CC [M]  drivers/gpu/drm/nouveau/nvkm/subdev/mmu/vmmgh100.o
  CC [M]  drivers/gpu/drm/amd/amdgpu/../pm/swsmu/smu13/smu_v13_0_0_ppt.o
  CC [M]  drivers/gpu/drm/nouveau/nvkm/subdev/mmu/umem.o
  CC [M]  drivers/gpu/drm/i915/gvt/opregion.o
  CC [M]  drivers/gpu/drm/amd/amdgpu/../pm/swsmu/smu13/smu_v13_0_4_ppt.o
  CC [M]  drivers/gpu/drm/nouveau/nvkm/subdev/mmu/ummu.o
  CC [M]  drivers/gpu/drm/amd/amdgpu/../pm/swsmu/smu13/smu_v13_0_5_ppt.o
  CC [M]  drivers/gpu/drm/amd/amdgpu/../pm/swsmu/smu13/smu_v13_0_7_ppt.o
  CC [M]  drivers/gpu/drm/nouveau/nvkm/subdev/mmu/uvmm.o
  CC [M]  drivers/gpu/drm/amd/amdgpu/../pm/swsmu/smu13/smu_v13_0_6_ppt.o
  CC [M]  drivers/gpu/drm/i915/gvt/page_track.o
  CC [M]  drivers/gpu/drm/nouveau/nvkm/subdev/mxm/base.o
  CC [M]  drivers/gpu/drm/i915/gvt/sched_policy.o
  CC [M]  drivers/gpu/drm/i915/gvt/scheduler.o
  CC [M]  drivers/gpu/drm/nouveau/nvkm/subdev/mxm/mxms.o
  CC [M]  drivers/gpu/drm/i915/gvt/trace_points.o
  CC [M]  drivers/gpu/drm/nouveau/nvkm/subdev/mxm/nv50.o
  CC [M]  drivers/gpu/drm/amd/amdgpu/../pm/swsmu/smu13/smu_v13_0_12_ppt.o
  CC [M]  drivers/gpu/drm/nouveau/nvkm/subdev/pci/agp.o
  CC [M]  drivers/gpu/drm/amd/amdgpu/../pm/swsmu/smu14/smu_v14_0.o
  CC [M]  drivers/gpu/drm/nouveau/nvkm/subdev/pci/base.o
  CC [M]  drivers/gpu/drm/i915/gvt/vgpu.o
  LD [M]  drivers/gpu/drm/i915/i915.o
  CC [M]  drivers/gpu/drm/amd/amdgpu/../pm/swsmu/smu14/smu_v14_0_0_ppt.o
  CC [M]  drivers/gpu/drm/amd/amdgpu/../pm/swsmu/smu14/smu_v14_0_2_ppt.o
  CC [M]  drivers/gpu/drm/nouveau/nvkm/subdev/pci/pcie.o
  CC [M]  drivers/gpu/drm/nouveau/nvkm/subdev/pci/nv04.o
  CC [M]  drivers/gpu/drm/amd/amdgpu/../pm/swsmu/smu15/smu_v15_0.o
  CC [M]  drivers/gpu/drm/amd/amdgpu/../pm/swsmu/smu15/smu_v15_0_0_ppt.o
  CC [M]  drivers/gpu/drm/nouveau/nvkm/subdev/pci/nv40.o
  CC [M]  drivers/gpu/drm/amd/amdgpu/../pm/swsmu/smu15/smu_v15_0_8_ppt.o
  CC [M]  drivers/gpu/drm/amd/amdgpu/../pm/swsmu/amdgpu_smu.o
  CC [M]  drivers/gpu/drm/nouveau/nvkm/subdev/pci/nv46.o
  CC [M]  drivers/gpu/drm/amd/amdgpu/../pm/swsmu/smu_cmn.o
  CC [M]  drivers/gpu/drm/nouveau/nvkm/subdev/pci/nv4c.o
  CC [M]  drivers/gpu/drm/nouveau/nvkm/subdev/pci/g84.o
  CC [M]  drivers/gpu/drm/amd/amdgpu/../pm/powerplay/smumgr/smumgr.o
  CC [M]  drivers/gpu/drm/amd/amdgpu/../pm/powerplay/smumgr/smu8_smumgr.o
  LD [M]  drivers/gpu/drm/i915/kvmgt.o
  CC [M]  drivers/gpu/drm/nouveau/nvkm/subdev/pci/g92.o
  CC [M]  drivers/gpu/drm/amd/amdgpu/../pm/powerplay/smumgr/tonga_smumgr.o
  CC [M]  drivers/gpu/drm/nouveau/nvkm/subdev/pci/g94.o
  CC [M]  drivers/gpu/drm/amd/amdgpu/../pm/powerplay/smumgr/fiji_smumgr.o
  CC [M]  drivers/gpu/drm/amd/amdgpu/../pm/powerplay/smumgr/polaris10_smumgr.o
  CC [M]  drivers/gpu/drm/nouveau/nvkm/subdev/pci/gf100.o
  CC [M]  drivers/gpu/drm/amd/amdgpu/../pm/powerplay/smumgr/iceland_smumgr.o
  CC [M]  drivers/gpu/drm/nouveau/nvkm/subdev/pci/gf106.o
  CC [M]  drivers/gpu/drm/amd/amdgpu/../pm/powerplay/smumgr/smu7_smumgr.o
  CC [M]  drivers/gpu/drm/nouveau/nvkm/subdev/pci/gk104.o
  CC [M]  drivers/gpu/drm/amd/amdgpu/../pm/powerplay/smumgr/vega10_smumgr.o
  CC [M]  drivers/gpu/drm/nouveau/nvkm/subdev/pci/gp100.o
  CC [M]  drivers/gpu/drm/amd/amdgpu/../pm/powerplay/smumgr/smu10_smumgr.o
  CC [M]  drivers/gpu/drm/amd/amdgpu/../pm/powerplay/smumgr/ci_smumgr.o
  CC [M]  drivers/gpu/drm/nouveau/nvkm/subdev/pci/gh100.o
  CC [M]  drivers/gpu/drm/amd/amdgpu/../pm/powerplay/smumgr/vega12_smumgr.o
  CC [M]  drivers/gpu/drm/amd/amdgpu/../pm/powerplay/smumgr/vegam_smumgr.o
  CC [M]  drivers/gpu/drm/nouveau/nvkm/subdev/pmu/base.o
  CC [M]  drivers/gpu/drm/nouveau/nvkm/subdev/pmu/memx.o
  CC [M]  drivers/gpu/drm/amd/amdgpu/../pm/powerplay/smumgr/smu9_smumgr.o
  CC [M]  drivers/gpu/drm/nouveau/nvkm/subdev/pmu/gt215.o
  CC [M]  drivers/gpu/drm/amd/amdgpu/../pm/powerplay/smumgr/vega20_smumgr.o
  CC [M]  drivers/gpu/drm/amd/amdgpu/../pm/powerplay/hwmgr/hwmgr.o
  CC [M]  drivers/gpu/drm/amd/amdgpu/../pm/powerplay/hwmgr/processpptables.o
  CC [M]  drivers/gpu/drm/nouveau/nvkm/subdev/pmu/gf100.o
  CC [M]  drivers/gpu/drm/amd/amdgpu/../pm/powerplay/hwmgr/hardwaremanager.o
  CC [M]  drivers/gpu/drm/nouveau/nvkm/subdev/pmu/gf119.o
  CC [M]  drivers/gpu/drm/amd/amdgpu/../pm/powerplay/hwmgr/smu8_hwmgr.o
  CC [M]  drivers/gpu/drm/nouveau/nvkm/subdev/pmu/gk104.o
  CC [M]  drivers/gpu/drm/amd/amdgpu/../pm/powerplay/hwmgr/pppcielanes.o
  CC [M]  drivers/gpu/drm/amd/amdgpu/../pm/powerplay/hwmgr/process_pptables_v1_0.o
  CC [M]  drivers/gpu/drm/amd/amdgpu/../pm/powerplay/hwmgr/ppatomctrl.o
  CC [M]  drivers/gpu/drm/nouveau/nvkm/subdev/pmu/gk110.o
  CC [M]  drivers/gpu/drm/nouveau/nvkm/subdev/pmu/gk208.o
  CC [M]  drivers/gpu/drm/nouveau/nvkm/subdev/pmu/gk20a.o
  CC [M]  drivers/gpu/drm/amd/amdgpu/../pm/powerplay/hwmgr/ppatomfwctrl.o
  CC [M]  drivers/gpu/drm/nouveau/nvkm/subdev/pmu/gm107.o
  CC [M]  drivers/gpu/drm/nouveau/nvkm/subdev/pmu/gm200.o
  CC [M]  drivers/gpu/drm/amd/amdgpu/../pm/powerplay/hwmgr/smu7_hwmgr.o
  CC [M]  drivers/gpu/drm/nouveau/nvkm/subdev/pmu/gm20b.o
  CC [M]  drivers/gpu/drm/amd/amdgpu/../pm/powerplay/hwmgr/smu7_powertune.o
  CC [M]  drivers/gpu/drm/nouveau/nvkm/subdev/pmu/gp102.o
  CC [M]  drivers/gpu/drm/amd/amdgpu/../pm/powerplay/hwmgr/smu7_thermal.o
  CC [M]  drivers/gpu/drm/nouveau/nvkm/subdev/pmu/gp10b.o
  CC [M]  drivers/gpu/drm/amd/amdgpu/../pm/powerplay/hwmgr/smu7_clockpowergating.o
  CC [M]  drivers/gpu/drm/nouveau/nvkm/subdev/privring/gf100.o
  CC [M]  drivers/gpu/drm/amd/amdgpu/../pm/powerplay/hwmgr/vega10_processpptables.o
  CC [M]  drivers/gpu/drm/nouveau/nvkm/subdev/privring/gf117.o
  CC [M]  drivers/gpu/drm/amd/amdgpu/../pm/powerplay/hwmgr/vega10_hwmgr.o
  CC [M]  drivers/gpu/drm/nouveau/nvkm/subdev/privring/gk104.o
  CC [M]  drivers/gpu/drm/amd/amdgpu/../pm/powerplay/hwmgr/vega10_powertune.o
  CC [M]  drivers/gpu/drm/nouveau/nvkm/subdev/privring/gk20a.o
  CC [M]  drivers/gpu/drm/amd/amdgpu/../pm/powerplay/hwmgr/vega10_thermal.o
  CC [M]  drivers/gpu/drm/nouveau/nvkm/subdev/privring/gm200.o
  CC [M]  drivers/gpu/drm/nouveau/nvkm/subdev/privring/gp10b.o
  CC [M]  drivers/gpu/drm/amd/amdgpu/../pm/powerplay/hwmgr/smu10_hwmgr.o
  CC [M]  drivers/gpu/drm/nouveau/nvkm/subdev/therm/base.o
  CC [M]  drivers/gpu/drm/nouveau/nvkm/subdev/therm/fan.o
  CC [M]  drivers/gpu/drm/amd/amdgpu/../pm/powerplay/hwmgr/pp_psm.o
  CC [M]  drivers/gpu/drm/nouveau/nvkm/subdev/therm/fannil.o
  CC [M]  drivers/gpu/drm/amd/amdgpu/../pm/powerplay/hwmgr/vega12_processpptables.o
  CC [M]  drivers/gpu/drm/nouveau/nvkm/subdev/therm/fanpwm.o
  CC [M]  drivers/gpu/drm/amd/amdgpu/../pm/powerplay/hwmgr/vega12_hwmgr.o
  CC [M]  drivers/gpu/drm/nouveau/nvkm/subdev/therm/fantog.o
  CC [M]  drivers/gpu/drm/amd/amdgpu/../pm/powerplay/hwmgr/vega12_thermal.o
  CC [M]  drivers/gpu/drm/nouveau/nvkm/subdev/therm/ic.o
  CC [M]  drivers/gpu/drm/amd/amdgpu/../pm/powerplay/hwmgr/pp_overdriver.o
  CC [M]  drivers/gpu/drm/amd/amdgpu/../pm/powerplay/hwmgr/smu_helper.o
  CC [M]  drivers/gpu/drm/nouveau/nvkm/subdev/therm/temp.o
  CC [M]  drivers/gpu/drm/nouveau/nvkm/subdev/therm/nv40.o
  CC [M]  drivers/gpu/drm/amd/amdgpu/../pm/powerplay/hwmgr/vega20_processpptables.o
  CC [M]  drivers/gpu/drm/nouveau/nvkm/subdev/therm/nv50.o
  CC [M]  drivers/gpu/drm/amd/amdgpu/../pm/powerplay/hwmgr/vega20_hwmgr.o
  CC [M]  drivers/gpu/drm/nouveau/nvkm/subdev/therm/g84.o
  CC [M]  drivers/gpu/drm/amd/amdgpu/../pm/powerplay/hwmgr/vega20_powertune.o
  CC [M]  drivers/gpu/drm/nouveau/nvkm/subdev/therm/gt215.o
  CC [M]  drivers/gpu/drm/nouveau/nvkm/subdev/therm/gf100.o
  CC [M]  drivers/gpu/drm/nouveau/nvkm/subdev/therm/gf119.o
  CC [M]  drivers/gpu/drm/amd/amdgpu/../pm/powerplay/hwmgr/vega20_thermal.o
  CC [M]  drivers/gpu/drm/nouveau/nvkm/subdev/therm/gk104.o
  CC [M]  drivers/gpu/drm/amd/amdgpu/../pm/powerplay/hwmgr/common_baco.o
  CC [M]  drivers/gpu/drm/nouveau/nvkm/subdev/therm/gm107.o
  CC [M]  drivers/gpu/drm/amd/amdgpu/../pm/powerplay/hwmgr/vega10_baco.o
  CC [M]  drivers/gpu/drm/nouveau/nvkm/subdev/therm/gm200.o
  CC [M]  drivers/gpu/drm/nouveau/nvkm/subdev/therm/gp100.o
  CC [M]  drivers/gpu/drm/nouveau/nvkm/subdev/timer/base.o
  CC [M]  drivers/gpu/drm/amd/amdgpu/../pm/powerplay/hwmgr/vega20_baco.o
  CC [M]  drivers/gpu/drm/nouveau/nvkm/subdev/timer/nv04.o
  CC [M]  drivers/gpu/drm/amd/amdgpu/../pm/powerplay/hwmgr/vega12_baco.o
  CC [M]  drivers/gpu/drm/nouveau/nvkm/subdev/timer/nv40.o
  CC [M]  drivers/gpu/drm/amd/amdgpu/../pm/powerplay/hwmgr/smu9_baco.o
  CC [M]  drivers/gpu/drm/nouveau/nvkm/subdev/timer/nv41.o
  CC [M]  drivers/gpu/drm/amd/amdgpu/../pm/powerplay/hwmgr/tonga_baco.o
  CC [M]  drivers/gpu/drm/nouveau/nvkm/subdev/timer/gk20a.o
  CC [M]  drivers/gpu/drm/nouveau/nvkm/subdev/top/base.o
  CC [M]  drivers/gpu/drm/amd/amdgpu/../pm/powerplay/hwmgr/polaris_baco.o
  CC [M]  drivers/gpu/drm/nouveau/nvkm/subdev/top/gk104.o
  CC [M]  drivers/gpu/drm/amd/amdgpu/../pm/powerplay/hwmgr/fiji_baco.o
  CC [M]  drivers/gpu/drm/amd/amdgpu/../pm/powerplay/hwmgr/ci_baco.o
  CC [M]  drivers/gpu/drm/nouveau/nvkm/subdev/top/ga100.o
  CC [M]  drivers/gpu/drm/amd/amdgpu/../pm/powerplay/hwmgr/smu7_baco.o
  CC [M]  drivers/gpu/drm/nouveau/nvkm/subdev/vfn/base.o
  CC [M]  drivers/gpu/drm/amd/amdgpu/../pm/powerplay/amd_powerplay.o
  CC [M]  drivers/gpu/drm/nouveau/nvkm/subdev/vfn/uvfn.o
  CC [M]  drivers/gpu/drm/nouveau/nvkm/subdev/vfn/gv100.o
  CC [M]  drivers/gpu/drm/nouveau/nvkm/subdev/vfn/tu102.o
  CC [M]  drivers/gpu/drm/nouveau/nvkm/subdev/vfn/ga100.o
  CC [M]  drivers/gpu/drm/amd/amdgpu/../pm/legacy-dpm/legacy_dpm.o
  CC [M]  drivers/gpu/drm/nouveau/nvkm/subdev/vfn/r535.o
  CC [M]  drivers/gpu/drm/amd/amdgpu/../pm/legacy-dpm/kv_dpm.o
  CC [M]  drivers/gpu/drm/nouveau/nvkm/subdev/volt/base.o
  CC [M]  drivers/gpu/drm/amd/amdgpu/../pm/legacy-dpm/kv_smc.o
  CC [M]  drivers/gpu/drm/nouveau/nvkm/subdev/volt/gpio.o
  CC [M]  drivers/gpu/drm/nouveau/nvkm/subdev/volt/nv40.o
  CC [M]  drivers/gpu/drm/amd/amdgpu/../pm/legacy-dpm/si_dpm.o
  CC [M]  drivers/gpu/drm/amd/amdgpu/../pm/legacy-dpm/si_smc.o
  CC [M]  drivers/gpu/drm/nouveau/nvkm/subdev/volt/gf100.o
  CC [M]  drivers/gpu/drm/amd/amdgpu/../pm/amdgpu_dpm.o
  CC [M]  drivers/gpu/drm/nouveau/nvkm/subdev/volt/gf117.o
  CC [M]  drivers/gpu/drm/amd/amdgpu/../pm/amdgpu_pm.o
  CC [M]  drivers/gpu/drm/nouveau/nvkm/subdev/volt/gk104.o
  CC [M]  drivers/gpu/drm/amd/amdgpu/../pm/amdgpu_dpm_internal.o
  CC [M]  drivers/gpu/drm/nouveau/nvkm/subdev/volt/gk20a.o
  CC [M]  drivers/gpu/drm/amd/amdgpu/../display/amdgpu_dm/amdgpu_dm.o
  CC [M]  drivers/gpu/drm/nouveau/nvkm/subdev/volt/gm20b.o
  CC [M]  drivers/gpu/drm/nouveau/nvkm/engine/falcon.o
  CC [M]  drivers/gpu/drm/amd/amdgpu/../display/amdgpu_dm/amdgpu_dm_plane.o
  CC [M]  drivers/gpu/drm/nouveau/nvkm/engine/xtensa.o
  CC [M]  drivers/gpu/drm/amd/amdgpu/../display/amdgpu_dm/amdgpu_dm_crtc.o
  CC [M]  drivers/gpu/drm/nouveau/nvkm/engine/bsp/g84.o
  CC [M]  drivers/gpu/drm/amd/amdgpu/../display/amdgpu_dm/amdgpu_dm_irq.o
  CC [M]  drivers/gpu/drm/nouveau/nvkm/engine/ce/gt215.o
  CC [M]  drivers/gpu/drm/nouveau/nvkm/engine/ce/gf100.o
  CC [M]  drivers/gpu/drm/amd/amdgpu/../display/amdgpu_dm/amdgpu_dm_mst_types.o
  CC [M]  drivers/gpu/drm/amd/amdgpu/../display/amdgpu_dm/amdgpu_dm_color.o
  CC [M]  drivers/gpu/drm/nouveau/nvkm/engine/ce/gk104.o
  CC [M]  drivers/gpu/drm/amd/amdgpu/../display/amdgpu_dm/amdgpu_dm_services.o
  CC [M]  drivers/gpu/drm/amd/amdgpu/../display/amdgpu_dm/amdgpu_dm_helpers.o
  CC [M]  drivers/gpu/drm/nouveau/nvkm/engine/ce/gm107.o
  CC [M]  drivers/gpu/drm/nouveau/nvkm/engine/ce/gm200.o
  CC [M]  drivers/gpu/drm/nouveau/nvkm/engine/ce/gp100.o
  CC [M]  drivers/gpu/drm/nouveau/nvkm/engine/ce/gp102.o
  CC [M]  drivers/gpu/drm/nouveau/nvkm/engine/ce/gv100.o
  CC [M]  drivers/gpu/drm/amd/amdgpu/../display/amdgpu_dm/amdgpu_dm_pp_smu.o
  CC [M]  drivers/gpu/drm/nouveau/nvkm/engine/ce/tu102.o
  CC [M]  drivers/gpu/drm/nouveau/nvkm/engine/ce/ga100.o
  CC [M]  drivers/gpu/drm/nouveau/nvkm/engine/ce/ga102.o
  CC [M]  drivers/gpu/drm/nouveau/nvkm/engine/ce/gb202.o
  CC [M]  drivers/gpu/drm/amd/amdgpu/../display/amdgpu_dm/amdgpu_dm_psr.o
  CC [M]  drivers/gpu/drm/nouveau/nvkm/engine/cipher/g84.o
  CC [M]  drivers/gpu/drm/amd/amdgpu/../display/amdgpu_dm/amdgpu_dm_replay.o
  CC [M]  drivers/gpu/drm/nouveau/nvkm/engine/device/acpi.o
  CC [M]  drivers/gpu/drm/amd/amdgpu/../display/amdgpu_dm/amdgpu_dm_quirks.o
  CC [M]  drivers/gpu/drm/nouveau/nvkm/engine/device/base.o
  CC [M]  drivers/gpu/drm/amd/amdgpu/../display/amdgpu_dm/amdgpu_dm_wb.o
  CC [M]  drivers/gpu/drm/amd/amdgpu/../display/amdgpu_dm/amdgpu_dm_colorop.o
  CC [M]  drivers/gpu/drm/nouveau/nvkm/engine/device/ctrl.o
  CC [M]  drivers/gpu/drm/amd/amdgpu/../display/amdgpu_dm/amdgpu_dm_ism.o
  CC [M]  drivers/gpu/drm/nouveau/nvkm/engine/device/pci.o
  CC [M]  drivers/gpu/drm/nouveau/nvkm/engine/device/tegra.o
  CC [M]  drivers/gpu/drm/amd/amdgpu/../display/amdgpu_dm/dc_fpu.o
  CC [M]  drivers/gpu/drm/nouveau/nvkm/engine/device/user.o
  CC [M]  drivers/gpu/drm/amd/amdgpu/../display/amdgpu_dm/amdgpu_dm_hdcp.o
  CC [M]  drivers/gpu/drm/nouveau/nvkm/engine/disp/base.o
  CC [M]  drivers/gpu/drm/amd/amdgpu/../display/amdgpu_dm/amdgpu_dm_crc.o
  CC [M]  drivers/gpu/drm/amd/amdgpu/../display/amdgpu_dm/amdgpu_dm_debugfs.o
  CC [M]  drivers/gpu/drm/amd/amdgpu/../display/dc/dc_spl_translate.o
  CC [M]  drivers/gpu/drm/amd/amdgpu/../display/dc/basics/conversion.o
  CC [M]  drivers/gpu/drm/nouveau/nvkm/engine/disp/chan.o
  CC [M]  drivers/gpu/drm/amd/amdgpu/../display/dc/basics/fixpt31_32.o
  CC [M]  drivers/gpu/drm/amd/amdgpu/../display/dc/basics/vector.o
  CC [M]  drivers/gpu/drm/amd/amdgpu/../display/dc/basics/dc_common.o
  CC [M]  drivers/gpu/drm/nouveau/nvkm/engine/disp/conn.o
  CC [M]  drivers/gpu/drm/amd/amdgpu/../display/dc/basics/dce_calcs.o
  CC [M]  drivers/gpu/drm/nouveau/nvkm/engine/disp/dp.o
  CC [M]  drivers/gpu/drm/amd/amdgpu/../display/dc/basics/custom_float.o
  CC [M]  drivers/gpu/drm/amd/amdgpu/../display/dc/basics/bw_fixed.o
  CC [M]  drivers/gpu/drm/nouveau/nvkm/engine/disp/hdmi.o
  CC [M]  drivers/gpu/drm/amd/amdgpu/../display/dc/bios/bios_parser.o
  CC [M]  drivers/gpu/drm/amd/amdgpu/../display/dc/bios/bios_parser_interface.o
  CC [M]  drivers/gpu/drm/nouveau/nvkm/engine/disp/head.o
  CC [M]  drivers/gpu/drm/amd/amdgpu/../display/dc/bios/bios_parser_helper.o
  CC [M]  drivers/gpu/drm/amd/amdgpu/../display/dc/bios/command_table.o
  CC [M]  drivers/gpu/drm/nouveau/nvkm/engine/disp/ior.o
  CC [M]  drivers/gpu/drm/amd/amdgpu/../display/dc/bios/command_table_helper.o
  CC [M]  drivers/gpu/drm/amd/amdgpu/../display/dc/bios/bios_parser_common.o
  CC [M]  drivers/gpu/drm/nouveau/nvkm/engine/disp/outp.o
  CC [M]  drivers/gpu/drm/amd/amdgpu/../display/dc/bios/command_table2.o
  CC [M]  drivers/gpu/drm/nouveau/nvkm/engine/disp/vga.o
  CC [M]  drivers/gpu/drm/nouveau/nvkm/engine/disp/nv04.o
  CC [M]  drivers/gpu/drm/amd/amdgpu/../display/dc/bios/command_table_helper2.o
  CC [M]  drivers/gpu/drm/nouveau/nvkm/engine/disp/nv50.o
  CC [M]  drivers/gpu/drm/amd/amdgpu/../display/dc/bios/bios_parser2.o
  CC [M]  drivers/gpu/drm/amd/amdgpu/../display/dc/bios/dce80/command_table_helper_dce80.o
  CC [M]  drivers/gpu/drm/amd/amdgpu/../display/dc/bios/dce110/command_table_helper_dce110.o
  CC [M]  drivers/gpu/drm/amd/amdgpu/../display/dc/bios/dce112/command_table_helper_dce112.o
  CC [M]  drivers/gpu/drm/nouveau/nvkm/engine/disp/g84.o
  CC [M]  drivers/gpu/drm/amd/amdgpu/../display/dc/bios/dce112/command_table_helper2_dce112.o
  CC [M]  drivers/gpu/drm/nouveau/nvkm/engine/disp/g94.o
  CC [M]  drivers/gpu/drm/amd/amdgpu/../display/dc/dml/display_mode_lib.o
  CC [M]  drivers/gpu/drm/nouveau/nvkm/engine/disp/gt200.o
  CC [M]  drivers/gpu/drm/nouveau/nvkm/engine/disp/mcp77.o
  CC [M]  drivers/gpu/drm/amd/amdgpu/../display/dc/dml/display_rq_dlg_helpers.o
  CC [M]  drivers/gpu/drm/nouveau/nvkm/engine/disp/gt215.o
  CC [M]  drivers/gpu/drm/amd/amdgpu/../display/dc/dml/dml1_display_rq_dlg_calc.o
  CC [M]  drivers/gpu/drm/amd/amdgpu/../display/dc/dml/dcn10/dcn10_fpu.o
  CC [M]  drivers/gpu/drm/nouveau/nvkm/engine/disp/mcp89.o
  CC [M]  drivers/gpu/drm/nouveau/nvkm/engine/disp/gf119.o
  CC [M]  drivers/gpu/drm/nouveau/nvkm/engine/disp/gk104.o
  CC [M]  drivers/gpu/drm/amd/amdgpu/../display/dc/dml/dcn20/dcn20_fpu.o
  CC [M]  drivers/gpu/drm/amd/amdgpu/../display/dc/dml/display_mode_vba.o
  CC [M]  drivers/gpu/drm/nouveau/nvkm/engine/disp/gk110.o
  CC [M]  drivers/gpu/drm/amd/amdgpu/../display/dc/dml/dcn20/display_rq_dlg_calc_20.o
  CC [M]  drivers/gpu/drm/amd/amdgpu/../display/dc/dml/dcn20/display_mode_vba_20.o
  CC [M]  drivers/gpu/drm/amd/amdgpu/../display/dc/dml/dcn20/display_rq_dlg_calc_20v2.o
  CC [M]  drivers/gpu/drm/nouveau/nvkm/engine/disp/gm107.o
  CC [M]  drivers/gpu/drm/amd/amdgpu/../display/dc/dml/dcn20/display_mode_vba_20v2.o
  CC [M]  drivers/gpu/drm/nouveau/nvkm/engine/disp/gm200.o
  CC [M]  drivers/gpu/drm/amd/amdgpu/../display/dc/dml/dcn21/display_rq_dlg_calc_21.o
  CC [M]  drivers/gpu/drm/nouveau/nvkm/engine/disp/gp100.o
  CC [M]  drivers/gpu/drm/nouveau/nvkm/engine/disp/gp102.o
  CC [M]  drivers/gpu/drm/amd/amdgpu/../display/dc/dml/dcn21/display_mode_vba_21.o
  CC [M]  drivers/gpu/drm/nouveau/nvkm/engine/disp/gv100.o
  CC [M]  drivers/gpu/drm/amd/amdgpu/../display/dc/dml/dcn30/dcn30_fpu.o
  CC [M]  drivers/gpu/drm/amd/amdgpu/../display/dc/dml/dcn30/display_mode_vba_30.o
  CC [M]  drivers/gpu/drm/amd/amdgpu/../display/dc/dml/dcn30/display_rq_dlg_calc_30.o
  CC [M]  drivers/gpu/drm/nouveau/nvkm/engine/disp/tu102.o
  CC [M]  drivers/gpu/drm/nouveau/nvkm/engine/disp/ga102.o
  CC [M]  drivers/gpu/drm/amd/amdgpu/../display/dc/dml/dcn31/display_mode_vba_31.o
  CC [M]  drivers/gpu/drm/nouveau/nvkm/engine/disp/udisp.o
  CC [M]  drivers/gpu/drm/nouveau/nvkm/engine/disp/uconn.o
  CC [M]  drivers/gpu/drm/amd/amdgpu/../display/dc/dml/dcn31/display_rq_dlg_calc_31.o
  CC [M]  drivers/gpu/drm/nouveau/nvkm/engine/disp/uoutp.o
  CC [M]  drivers/gpu/drm/amd/amdgpu/../display/dc/dml/dcn314/display_mode_vba_314.o
  CC [M]  drivers/gpu/drm/nouveau/nvkm/engine/disp/uhead.o
  CC [M]  drivers/gpu/drm/nouveau/nvkm/engine/dma/base.o
  CC [M]  drivers/gpu/drm/amd/amdgpu/../display/dc/dml/dcn314/display_rq_dlg_calc_314.o
  CC [M]  drivers/gpu/drm/nouveau/nvkm/engine/dma/nv04.o
  CC [M]  drivers/gpu/drm/nouveau/nvkm/engine/dma/nv50.o
  CC [M]  drivers/gpu/drm/nouveau/nvkm/engine/dma/gf100.o
  CC [M]  drivers/gpu/drm/nouveau/nvkm/engine/dma/gf119.o
  CC [M]  drivers/gpu/drm/amd/amdgpu/../display/dc/dml/dcn32/display_mode_vba_32.o
  CC [M]  drivers/gpu/drm/amd/amdgpu/../display/dc/dml/dcn32/display_rq_dlg_calc_32.o
  CC [M]  drivers/gpu/drm/nouveau/nvkm/engine/dma/gv100.o
  CC [M]  drivers/gpu/drm/amd/amdgpu/../display/dc/dml/dcn32/display_mode_vba_util_32.o
  CC [M]  drivers/gpu/drm/nouveau/nvkm/engine/dma/user.o
  CC [M]  drivers/gpu/drm/amd/amdgpu/../display/dc/dml/dcn31/dcn31_fpu.o
  CC [M]  drivers/gpu/drm/nouveau/nvkm/engine/dma/usernv04.o
  CC [M]  drivers/gpu/drm/amd/amdgpu/../display/dc/dml/dcn32/dcn32_fpu.o
  CC [M]  drivers/gpu/drm/nouveau/nvkm/engine/dma/usernv50.o
  CC [M]  drivers/gpu/drm/amd/amdgpu/../display/dc/dml/dcn321/dcn321_fpu.o
  CC [M]  drivers/gpu/drm/nouveau/nvkm/engine/dma/usergf100.o
  CC [M]  drivers/gpu/drm/amd/amdgpu/../display/dc/dml/dcn301/dcn301_fpu.o
  CC [M]  drivers/gpu/drm/amd/amdgpu/../display/dc/dml/dcn302/dcn302_fpu.o
  CC [M]  drivers/gpu/drm/nouveau/nvkm/engine/dma/usergf119.o
  CC [M]  drivers/gpu/drm/nouveau/nvkm/engine/dma/usergv100.o
  CC [M]  drivers/gpu/drm/nouveau/nvkm/engine/fifo/base.o
  CC [M]  drivers/gpu/drm/nouveau/nvkm/engine/fifo/cgrp.o
  CC [M]  drivers/gpu/drm/amd/amdgpu/../display/dc/dml/dcn303/dcn303_fpu.o
  CC [M]  drivers/gpu/drm/nouveau/nvkm/engine/fifo/chan.o
  CC [M]  drivers/gpu/drm/amd/amdgpu/../display/dc/dml/dcn314/dcn314_fpu.o
  CC [M]  drivers/gpu/drm/nouveau/nvkm/engine/fifo/chid.o
  CC [M]  drivers/gpu/drm/nouveau/nvkm/engine/fifo/runl.o
  CC [M]  drivers/gpu/drm/amd/amdgpu/../display/dc/dml/dcn35/dcn35_fpu.o
  CC [M]  drivers/gpu/drm/amd/amdgpu/../display/dc/dml/dcn351/dcn351_fpu.o
  CC [M]  drivers/gpu/drm/nouveau/nvkm/engine/fifo/runq.o
  CC [M]  drivers/gpu/drm/amd/amdgpu/../display/dc/dml/dsc/rc_calc_fpu.o
  CC [M]  drivers/gpu/drm/amd/amdgpu/../display/dc/dml/calcs/dcn_calcs.o
  CC [M]  drivers/gpu/drm/nouveau/nvkm/engine/fifo/nv04.o
  CC [M]  drivers/gpu/drm/amd/amdgpu/../display/dc/dml/calcs/dcn_calc_math.o
  CC [M]  drivers/gpu/drm/amd/amdgpu/../display/dc/dml/calcs/dcn_calc_auto.o
  CC [M]  drivers/gpu/drm/nouveau/nvkm/engine/fifo/nv10.o
  CC [M]  drivers/gpu/drm/nouveau/nvkm/engine/fifo/nv17.o
  CC [M]  drivers/gpu/drm/amd/amdgpu/../display/dc/clk_mgr/clk_mgr.o
  CC [M]  drivers/gpu/drm/amd/amdgpu/../display/dc/clk_mgr/dce100/dce_clk_mgr.o
  CC [M]  drivers/gpu/drm/nouveau/nvkm/engine/fifo/nv40.o
  CC [M]  drivers/gpu/drm/nouveau/nvkm/engine/fifo/nv50.o
  CC [M]  drivers/gpu/drm/nouveau/nvkm/engine/fifo/g84.o
  CC [M]  drivers/gpu/drm/amd/amdgpu/../display/dc/clk_mgr/dce110/dce110_clk_mgr.o
  CC [M]  drivers/gpu/drm/amd/amdgpu/../display/dc/clk_mgr/dce112/dce112_clk_mgr.o
  CC [M]  drivers/gpu/drm/nouveau/nvkm/engine/fifo/g98.o
  CC [M]  drivers/gpu/drm/amd/amdgpu/../display/dc/clk_mgr/dce120/dce120_clk_mgr.o
  CC [M]  drivers/gpu/drm/nouveau/nvkm/engine/fifo/gf100.o
  CC [M]  drivers/gpu/drm/amd/amdgpu/../display/dc/clk_mgr/dcn10/rv1_clk_mgr.o
  CC [M]  drivers/gpu/drm/nouveau/nvkm/engine/fifo/gk104.o
  CC [M]  drivers/gpu/drm/nouveau/nvkm/engine/fifo/gk110.o
  CC [M]  drivers/gpu/drm/amd/amdgpu/../display/dc/clk_mgr/dcn10/rv1_clk_mgr_vbios_smu.o
  CC [M]  drivers/gpu/drm/nouveau/nvkm/engine/fifo/gk208.o
  CC [M]  drivers/gpu/drm/amd/amdgpu/../display/dc/clk_mgr/dcn10/rv2_clk_mgr.o
  CC [M]  drivers/gpu/drm/nouveau/nvkm/engine/fifo/gk20a.o
  CC [M]  drivers/gpu/drm/nouveau/nvkm/engine/fifo/gm107.o
  CC [M]  drivers/gpu/drm/nouveau/nvkm/engine/fifo/gm200.o
  CC [M]  drivers/gpu/drm/amd/amdgpu/../display/dc/clk_mgr/dcn20/dcn20_clk_mgr.o
  CC [M]  drivers/gpu/drm/nouveau/nvkm/engine/fifo/gp100.o
  CC [M]  drivers/gpu/drm/amd/amdgpu/../display/dc/clk_mgr/dcn201/dcn201_clk_mgr.o
  CC [M]  drivers/gpu/drm/nouveau/nvkm/engine/fifo/gv100.o
  CC [M]  drivers/gpu/drm/amd/amdgpu/../display/dc/clk_mgr/dcn21/rn_clk_mgr.o
  CC [M]  drivers/gpu/drm/nouveau/nvkm/engine/fifo/tu102.o
  CC [M]  drivers/gpu/drm/amd/amdgpu/../display/dc/clk_mgr/dcn21/rn_clk_mgr_vbios_smu.o
  CC [M]  drivers/gpu/drm/nouveau/nvkm/engine/fifo/ga100.o
  CC [M]  drivers/gpu/drm/nouveau/nvkm/engine/fifo/ga102.o
  CC [M]  drivers/gpu/drm/amd/amdgpu/../display/dc/clk_mgr/dcn30/dcn30_clk_mgr.o
  CC [M]  drivers/gpu/drm/amd/amdgpu/../display/dc/clk_mgr/dcn30/dcn30_clk_mgr_smu_msg.o
  CC [M]  drivers/gpu/drm/nouveau/nvkm/engine/fifo/gb202.o
  CC [M]  drivers/gpu/drm/amd/amdgpu/../display/dc/clk_mgr/dcn30/dcn30m_clk_mgr.o
  CC [M]  drivers/gpu/drm/nouveau/nvkm/engine/fifo/ucgrp.o
  CC [M]  drivers/gpu/drm/amd/amdgpu/../display/dc/clk_mgr/dcn30/dcn30m_clk_mgr_smu_msg.o
  CC [M]  drivers/gpu/drm/nouveau/nvkm/engine/fifo/uchan.o
  CC [M]  drivers/gpu/drm/amd/amdgpu/../display/dc/clk_mgr/dcn301/vg_clk_mgr.o
  CC [M]  drivers/gpu/drm/nouveau/nvkm/engine/gr/base.o
  CC [M]  drivers/gpu/drm/nouveau/nvkm/engine/gr/nv04.o
  CC [M]  drivers/gpu/drm/amd/amdgpu/../display/dc/clk_mgr/dcn301/dcn301_smu.o
  CC [M]  drivers/gpu/drm/amd/amdgpu/../display/dc/clk_mgr/dcn31/dcn31_smu.o
  CC [M]  drivers/gpu/drm/nouveau/nvkm/engine/gr/nv10.o
  CC [M]  drivers/gpu/drm/amd/amdgpu/../display/dc/clk_mgr/dcn31/dcn31_clk_mgr.o
  CC [M]  drivers/gpu/drm/nouveau/nvkm/engine/gr/nv15.o
  CC [M]  drivers/gpu/drm/nouveau/nvkm/engine/gr/nv17.o
  CC [M]  drivers/gpu/drm/amd/amdgpu/../display/dc/clk_mgr/dcn314/dcn314_smu.o
  CC [M]  drivers/gpu/drm/nouveau/nvkm/engine/gr/nv20.o
  CC [M]  drivers/gpu/drm/amd/amdgpu/../display/dc/clk_mgr/dcn314/dcn314_clk_mgr.o
  CC [M]  drivers/gpu/drm/nouveau/nvkm/engine/gr/nv25.o
  CC [M]  drivers/gpu/drm/amd/amdgpu/../display/dc/clk_mgr/dcn315/dcn315_smu.o
  CC [M]  drivers/gpu/drm/amd/amdgpu/../display/dc/clk_mgr/dcn315/dcn315_clk_mgr.o
  CC [M]  drivers/gpu/drm/nouveau/nvkm/engine/gr/nv2a.o
  CC [M]  drivers/gpu/drm/nouveau/nvkm/engine/gr/nv30.o
  CC [M]  drivers/gpu/drm/amd/amdgpu/../display/dc/clk_mgr/dcn316/dcn316_smu.o
  CC [M]  drivers/gpu/drm/amd/amdgpu/../display/dc/clk_mgr/dcn316/dcn316_clk_mgr.o
  CC [M]  drivers/gpu/drm/nouveau/nvkm/engine/gr/nv34.o
  CC [M]  drivers/gpu/drm/nouveau/nvkm/engine/gr/nv35.o
  CC [M]  drivers/gpu/drm/amd/amdgpu/../display/dc/clk_mgr/dcn32/dcn32_clk_mgr.o
  CC [M]  drivers/gpu/drm/nouveau/nvkm/engine/gr/nv40.o
  CC [M]  drivers/gpu/drm/amd/amdgpu/../display/dc/clk_mgr/dcn32/dcn32_clk_mgr_smu_msg.o
  CC [M]  drivers/gpu/drm/amd/amdgpu/../display/dc/clk_mgr/dcn35/dcn35_smu.o
  CC [M]  drivers/gpu/drm/nouveau/nvkm/engine/gr/nv44.o
  CC [M]  drivers/gpu/drm/amd/amdgpu/../display/dc/clk_mgr/dcn35/dcn351_clk_mgr.o
  CC [M]  drivers/gpu/drm/amd/amdgpu/../display/dc/clk_mgr/dcn35/dcn35_clk_mgr.o
  CC [M]  drivers/gpu/drm/amd/amdgpu/../display/dc/clk_mgr/dcn401/dcn401_clk_mgr.o
  CC [M]  drivers/gpu/drm/nouveau/nvkm/engine/gr/nv50.o
  CC [M]  drivers/gpu/drm/amd/amdgpu/../display/dc/clk_mgr/dcn401/dcn401_clk_mgr_smu_msg.o
  CC [M]  drivers/gpu/drm/amd/amdgpu/../display/dc/clk_mgr/dcn42/dcn42_smu.o
  CC [M]  drivers/gpu/drm/nouveau/nvkm/engine/gr/g84.o
  CC [M]  drivers/gpu/drm/amd/amdgpu/../display/dc/clk_mgr/dcn42/dcn42_clk_mgr.o
  CC [M]  drivers/gpu/drm/nouveau/nvkm/engine/gr/gt200.o
  CC [M]  drivers/gpu/drm/amd/amdgpu/../display/dc/dce/dce_audio.o
  CC [M]  drivers/gpu/drm/amd/amdgpu/../display/dc/dce/dce_stream_encoder.o
  CC [M]  drivers/gpu/drm/nouveau/nvkm/engine/gr/mcp79.o
  CC [M]  drivers/gpu/drm/nouveau/nvkm/engine/gr/gt215.o
  CC [M]  drivers/gpu/drm/amd/amdgpu/../display/dc/dce/dce_link_encoder.o
  CC [M]  drivers/gpu/drm/nouveau/nvkm/engine/gr/mcp89.o
  CC [M]  drivers/gpu/drm/amd/amdgpu/../display/dc/dce/dce_mem_input.o
  CC [M]  drivers/gpu/drm/nouveau/nvkm/engine/gr/gf100.o
  CC [M]  drivers/gpu/drm/amd/amdgpu/../display/dc/dce/dce_clock_source.o
  CC [M]  drivers/gpu/drm/nouveau/nvkm/engine/gr/gf104.o
  CC [M]  drivers/gpu/drm/amd/amdgpu/../display/dc/dce/dce_scl_filters.o
  CC [M]  drivers/gpu/drm/nouveau/nvkm/engine/gr/gf108.o
  CC [M]  drivers/gpu/drm/amd/amdgpu/../display/dc/dce/dce_transform.o
  CC [M]  drivers/gpu/drm/nouveau/nvkm/engine/gr/gf110.o
  CC [M]  drivers/gpu/drm/nouveau/nvkm/engine/gr/gf117.o
  CC [M]  drivers/gpu/drm/amd/amdgpu/../display/dc/dce/dce_opp.o
  CC [M]  drivers/gpu/drm/amd/amdgpu/../display/dc/dce/dce_dmcu.o
  CC [M]  drivers/gpu/drm/nouveau/nvkm/engine/gr/gf119.o
  CC [M]  drivers/gpu/drm/amd/amdgpu/../display/dc/dce/dce_abm.o
  CC [M]  drivers/gpu/drm/nouveau/nvkm/engine/gr/gk104.o
  CC [M]  drivers/gpu/drm/amd/amdgpu/../display/dc/dce/dce_ipp.o
  CC [M]  drivers/gpu/drm/nouveau/nvkm/engine/gr/gk110.o
  CC [M]  drivers/gpu/drm/amd/amdgpu/../display/dc/dce/dce_aux.o
  CC [M]  drivers/gpu/drm/nouveau/nvkm/engine/gr/gk110b.o
  CC [M]  drivers/gpu/drm/nouveau/nvkm/engine/gr/gk208.o
  CC [M]  drivers/gpu/drm/amd/amdgpu/../display/dc/dce/dce_i2c.o
  CC [M]  drivers/gpu/drm/nouveau/nvkm/engine/gr/gk20a.o
  CC [M]  drivers/gpu/drm/nouveau/nvkm/engine/gr/gm107.o
  CC [M]  drivers/gpu/drm/nouveau/nvkm/engine/gr/gm200.o
  CC [M]  drivers/gpu/drm/amd/amdgpu/../display/dc/dce/dce_i2c_hw.o
  CC [M]  drivers/gpu/drm/amd/amdgpu/../display/dc/dce/dce_i2c_sw.o
  CC [M]  drivers/gpu/drm/amd/amdgpu/../display/dc/dce/dmub_psr.o
  CC [M]  drivers/gpu/drm/amd/amdgpu/../display/dc/dce/dmub_abm.o
  CC [M]  drivers/gpu/drm/amd/amdgpu/../display/dc/dce/dmub_abm_lcd.o
  CC [M]  drivers/gpu/drm/nouveau/nvkm/engine/gr/gm20b.o
  CC [M]  drivers/gpu/drm/amd/amdgpu/../display/dc/dce/dce_panel_cntl.o
  CC [M]  drivers/gpu/drm/nouveau/nvkm/engine/gr/gp100.o
  CC [M]  drivers/gpu/drm/amd/amdgpu/../display/dc/dce/dmub_hw_lock_mgr.o
  CC [M]  drivers/gpu/drm/nouveau/nvkm/engine/gr/gp102.o
  CC [M]  drivers/gpu/drm/amd/amdgpu/../display/dc/dce/dmub_outbox.o
  CC [M]  drivers/gpu/drm/nouveau/nvkm/engine/gr/gp104.o
  CC [M]  drivers/gpu/drm/amd/amdgpu/../display/dc/dce/dmub_replay.o
  CC [M]  drivers/gpu/drm/nouveau/nvkm/engine/gr/gp107.o
  CC [M]  drivers/gpu/drm/nouveau/nvkm/engine/gr/gp108.o
  CC [M]  drivers/gpu/drm/nouveau/nvkm/engine/gr/gp10b.o
  CC [M]  drivers/gpu/drm/amd/amdgpu/../display/dc/gpio/gpio_base.o
  CC [M]  drivers/gpu/drm/amd/amdgpu/../display/dc/gpio/gpio_service.o
  CC [M]  drivers/gpu/drm/nouveau/nvkm/engine/gr/gv100.o
  CC [M]  drivers/gpu/drm/amd/amdgpu/../display/dc/gpio/hw_factory.o
  CC [M]  drivers/gpu/drm/amd/amdgpu/../display/dc/gpio/hw_gpio.o
  CC [M]  drivers/gpu/drm/nouveau/nvkm/engine/gr/tu102.o
  CC [M]  drivers/gpu/drm/amd/amdgpu/../display/dc/gpio/hw_hpd.o
  CC [M]  drivers/gpu/drm/nouveau/nvkm/engine/gr/ga102.o
  CC [M]  drivers/gpu/drm/amd/amdgpu/../display/dc/gpio/hw_ddc.o
  CC [M]  drivers/gpu/drm/amd/amdgpu/../display/dc/gpio/hw_generic.o
  CC [M]  drivers/gpu/drm/amd/amdgpu/../display/dc/gpio/hw_translate.o
  CC [M]  drivers/gpu/drm/nouveau/nvkm/engine/gr/ctxnv40.o
  CC [M]  drivers/gpu/drm/amd/amdgpu/../display/dc/gpio/dce80/hw_translate_dce80.o
  CC [M]  drivers/gpu/drm/amd/amdgpu/../display/dc/gpio/dce80/hw_factory_dce80.o
  CC [M]  drivers/gpu/drm/amd/amdgpu/../display/dc/gpio/dce110/hw_translate_dce110.o
  CC [M]  drivers/gpu/drm/nouveau/nvkm/engine/gr/ctxnv50.o
  CC [M]  drivers/gpu/drm/amd/amdgpu/../display/dc/gpio/dce110/hw_factory_dce110.o
  CC [M]  drivers/gpu/drm/nouveau/nvkm/engine/gr/ctxgf100.o
  CC [M]  drivers/gpu/drm/amd/amdgpu/../display/dc/gpio/dce120/hw_translate_dce120.o
  CC [M]  drivers/gpu/drm/nouveau/nvkm/engine/gr/ctxgf104.o
  CC [M]  drivers/gpu/drm/nouveau/nvkm/engine/gr/ctxgf108.o
  CC [M]  drivers/gpu/drm/amd/amdgpu/../display/dc/gpio/dce120/hw_factory_dce120.o
  CC [M]  drivers/gpu/drm/nouveau/nvkm/engine/gr/ctxgf110.o
  CC [M]  drivers/gpu/drm/nouveau/nvkm/engine/gr/ctxgf117.o
  CC [M]  drivers/gpu/drm/amd/amdgpu/../display/dc/gpio/dcn10/hw_translate_dcn10.o
  CC [M]  drivers/gpu/drm/amd/amdgpu/../display/dc/gpio/dcn10/hw_factory_dcn10.o
  CC [M]  drivers/gpu/drm/nouveau/nvkm/engine/gr/ctxgf119.o
  CC [M]  drivers/gpu/drm/amd/amdgpu/../display/dc/gpio/dcn20/hw_translate_dcn20.o
  CC [M]  drivers/gpu/drm/nouveau/nvkm/engine/gr/ctxgk104.o
  CC [M]  drivers/gpu/drm/amd/amdgpu/../display/dc/gpio/dcn20/hw_factory_dcn20.o
  CC [M]  drivers/gpu/drm/nouveau/nvkm/engine/gr/ctxgk110.o
  CC [M]  drivers/gpu/drm/amd/amdgpu/../display/dc/gpio/dcn21/hw_translate_dcn21.o
  CC [M]  drivers/gpu/drm/amd/amdgpu/../display/dc/gpio/dcn21/hw_factory_dcn21.o
  CC [M]  drivers/gpu/drm/nouveau/nvkm/engine/gr/ctxgk110b.o
  CC [M]  drivers/gpu/drm/nouveau/nvkm/engine/gr/ctxgk208.o
  CC [M]  drivers/gpu/drm/amd/amdgpu/../display/dc/gpio/dcn30/hw_translate_dcn30.o
  CC [M]  drivers/gpu/drm/nouveau/nvkm/engine/gr/ctxgk20a.o
  CC [M]  drivers/gpu/drm/amd/amdgpu/../display/dc/gpio/dcn30/hw_factory_dcn30.o
  CC [M]  drivers/gpu/drm/nouveau/nvkm/engine/gr/ctxgm107.o
  CC [M]  drivers/gpu/drm/amd/amdgpu/../display/dc/gpio/dcn315/hw_translate_dcn315.o
  CC [M]  drivers/gpu/drm/amd/amdgpu/../display/dc/gpio/dcn315/hw_factory_dcn315.o
  CC [M]  drivers/gpu/drm/nouveau/nvkm/engine/gr/ctxgm200.o
  CC [M]  drivers/gpu/drm/amd/amdgpu/../display/dc/gpio/dcn32/hw_translate_dcn32.o
  CC [M]  drivers/gpu/drm/nouveau/nvkm/engine/gr/ctxgm20b.o
  CC [M]  drivers/gpu/drm/amd/amdgpu/../display/dc/gpio/dcn32/hw_factory_dcn32.o
  CC [M]  drivers/gpu/drm/amd/amdgpu/../display/dc/gpio/dcn401/hw_translate_dcn401.o
  CC [M]  drivers/gpu/drm/nouveau/nvkm/engine/gr/ctxgp100.o
  CC [M]  drivers/gpu/drm/amd/amdgpu/../display/dc/gpio/dcn401/hw_factory_dcn401.o
  CC [M]  drivers/gpu/drm/amd/amdgpu/../display/dc/gpio/dcn42/hw_translate_dcn42.o
  CC [M]  drivers/gpu/drm/amd/amdgpu/../display/dc/gpio/dcn42/hw_factory_dcn42.o
  CC [M]  drivers/gpu/drm/nouveau/nvkm/engine/gr/ctxgp102.o
  CC [M]  drivers/gpu/drm/amd/amdgpu/../display/dc/hwss/dce80/dce80_hwseq.o
  CC [M]  drivers/gpu/drm/nouveau/nvkm/engine/gr/ctxgp104.o
  CC [M]  drivers/gpu/drm/amd/amdgpu/../display/dc/hwss/dce/dce_hwseq.o
  CC [M]  drivers/gpu/drm/nouveau/nvkm/engine/gr/ctxgp107.o
  CC [M]  drivers/gpu/drm/amd/amdgpu/../display/dc/hwss/dce100/dce100_hwseq.o
  CC [M]  drivers/gpu/drm/nouveau/nvkm/engine/gr/ctxgv100.o
  CC [M]  drivers/gpu/drm/amd/amdgpu/../display/dc/hwss/dce110/dce110_hwseq.o
  CC [M]  drivers/gpu/drm/nouveau/nvkm/engine/gr/ctxtu102.o
  CC [M]  drivers/gpu/drm/amd/amdgpu/../display/dc/hwss/dce112/dce112_hwseq.o
  CC [M]  drivers/gpu/drm/amd/amdgpu/../display/dc/hwss/dce120/dce120_hwseq.o
  CC [M]  drivers/gpu/drm/nouveau/nvkm/engine/gr/ctxga102.o
  CC [M]  drivers/gpu/drm/amd/amdgpu/../display/dc/hwss/dcn10/dcn10_hwseq.o
  CC [M]  drivers/gpu/drm/nouveau/nvkm/engine/mpeg/nv31.o
  CC [M]  drivers/gpu/drm/amd/amdgpu/../display/dc/hwss/dcn10/dcn10_init.o
  CC [M]  drivers/gpu/drm/amd/amdgpu/../display/dc/hwss/dcn20/dcn20_hwseq.o
  CC [M]  drivers/gpu/drm/nouveau/nvkm/engine/mpeg/nv40.o
  CC [M]  drivers/gpu/drm/amd/amdgpu/../display/dc/hwss/dcn20/dcn20_init.o
  CC [M]  drivers/gpu/drm/nouveau/nvkm/engine/mpeg/nv44.o
  CC [M]  drivers/gpu/drm/amd/amdgpu/../display/dc/hwss/dcn201/dcn201_hwseq.o
  CC [M]  drivers/gpu/drm/nouveau/nvkm/engine/mpeg/nv50.o
  CC [M]  drivers/gpu/drm/amd/amdgpu/../display/dc/hwss/dcn201/dcn201_init.o
  CC [M]  drivers/gpu/drm/amd/amdgpu/../display/dc/hwss/dcn21/dcn21_hwseq.o
  CC [M]  drivers/gpu/drm/amd/amdgpu/../display/dc/hwss/dcn21/dcn21_init.o
  CC [M]  drivers/gpu/drm/amd/amdgpu/../display/dc/hwss/dcn30/dcn30_hwseq.o
  CC [M]  drivers/gpu/drm/amd/amdgpu/../display/dc/hwss/dcn30/dcn30_init.o
  CC [M]  drivers/gpu/drm/nouveau/nvkm/engine/mpeg/g84.o
  CC [M]  drivers/gpu/drm/nouveau/nvkm/engine/mspdec/base.o
  CC [M]  drivers/gpu/drm/amd/amdgpu/../display/dc/hwss/dcn301/dcn301_hwseq.o
  CC [M]  drivers/gpu/drm/nouveau/nvkm/engine/mspdec/g98.o
  CC [M]  drivers/gpu/drm/amd/amdgpu/../display/dc/hwss/dcn301/dcn301_init.o
  CC [M]  drivers/gpu/drm/nouveau/nvkm/engine/mspdec/gt215.o
  CC [M]  drivers/gpu/drm/amd/amdgpu/../display/dc/hwss/dcn302/dcn302_hwseq.o
  CC [M]  drivers/gpu/drm/amd/amdgpu/../display/dc/hwss/dcn302/dcn302_init.o
  CC [M]  drivers/gpu/drm/amd/amdgpu/../display/dc/hwss/dcn303/dcn303_hwseq.o
  CC [M]  drivers/gpu/drm/amd/amdgpu/../display/dc/hwss/dcn303/dcn303_init.o
  CC [M]  drivers/gpu/drm/nouveau/nvkm/engine/mspdec/gf100.o
  CC [M]  drivers/gpu/drm/nouveau/nvkm/engine/mspdec/gk104.o
  CC [M]  drivers/gpu/drm/nouveau/nvkm/engine/msppp/base.o
  CC [M]  drivers/gpu/drm/amd/amdgpu/../display/dc/hwss/dcn31/dcn31_hwseq.o
  CC [M]  drivers/gpu/drm/nouveau/nvkm/engine/msppp/g98.o
  CC [M]  drivers/gpu/drm/amd/amdgpu/../display/dc/hwss/dcn31/dcn31_init.o
  CC [M]  drivers/gpu/drm/nouveau/nvkm/engine/msppp/gt215.o
  CC [M]  drivers/gpu/drm/amd/amdgpu/../display/dc/hwss/dcn314/dcn314_hwseq.o
  CC [M]  drivers/gpu/drm/amd/amdgpu/../display/dc/hwss/dcn314/dcn314_init.o
  CC [M]  drivers/gpu/drm/amd/amdgpu/../display/dc/hwss/dcn32/dcn32_hwseq.o
  CC [M]  drivers/gpu/drm/amd/amdgpu/../display/dc/hwss/dcn32/dcn32_init.o
  CC [M]  drivers/gpu/drm/nouveau/nvkm/engine/msppp/gf100.o
  CC [M]  drivers/gpu/drm/amd/amdgpu/../display/dc/hwss/dcn35/dcn35_hwseq.o
  CC [M]  drivers/gpu/drm/nouveau/nvkm/engine/msvld/base.o
  CC [M]  drivers/gpu/drm/amd/amdgpu/../display/dc/hwss/dcn35/dcn35_init.o
  CC [M]  drivers/gpu/drm/nouveau/nvkm/engine/msvld/g98.o
  CC [M]  drivers/gpu/drm/amd/amdgpu/../display/dc/hwss/dcn351/dcn351_hwseq.o
  CC [M]  drivers/gpu/drm/nouveau/nvkm/engine/msvld/gt215.o
  CC [M]  drivers/gpu/drm/nouveau/nvkm/engine/msvld/mcp89.o
  CC [M]  drivers/gpu/drm/amd/amdgpu/../display/dc/hwss/dcn351/dcn351_init.o
  CC [M]  drivers/gpu/drm/amd/amdgpu/../display/dc/hwss/dcn401/dcn401_hwseq.o
  CC [M]  drivers/gpu/drm/nouveau/nvkm/engine/msvld/gf100.o
  CC [M]  drivers/gpu/drm/amd/amdgpu/../display/dc/hwss/dcn401/dcn401_init.o
  CC [M]  drivers/gpu/drm/nouveau/nvkm/engine/msvld/gk104.o
  CC [M]  drivers/gpu/drm/amd/amdgpu/../display/dc/hwss/dcn42/dcn42_hwseq.o
  CC [M]  drivers/gpu/drm/nouveau/nvkm/engine/nvenc/base.o
  CC [M]  drivers/gpu/drm/nouveau/nvkm/engine/nvenc/gm107.o
  CC [M]  drivers/gpu/drm/amd/amdgpu/../display/dc/hwss/dcn42/dcn42_init.o
  CC [M]  drivers/gpu/drm/nouveau/nvkm/engine/nvenc/tu102.o
  CC [M]  drivers/gpu/drm/amd/amdgpu/../display/dc/irq/irq_service.o
  CC [M]  drivers/gpu/drm/nouveau/nvkm/engine/nvdec/base.o
  CC [M]  drivers/gpu/drm/amd/amdgpu/../display/dc/irq/dce80/irq_service_dce80.o
  CC [M]  drivers/gpu/drm/nouveau/nvkm/engine/nvdec/gm107.o
  CC [M]  drivers/gpu/drm/amd/amdgpu/../display/dc/irq/dce110/irq_service_dce110.o
  CC [M]  drivers/gpu/drm/nouveau/nvkm/engine/nvdec/tu102.o
  CC [M]  drivers/gpu/drm/nouveau/nvkm/engine/nvdec/ga102.o
  CC [M]  drivers/gpu/drm/amd/amdgpu/../display/dc/irq/dce120/irq_service_dce120.o
  CC [M]  drivers/gpu/drm/nouveau/nvkm/engine/sec/g98.o
  CC [M]  drivers/gpu/drm/amd/amdgpu/../display/dc/irq/dcn10/irq_service_dcn10.o
  CC [M]  drivers/gpu/drm/nouveau/nvkm/engine/sec2/base.o
  CC [M]  drivers/gpu/drm/amd/amdgpu/../display/dc/irq/dcn20/irq_service_dcn20.o
  CC [M]  drivers/gpu/drm/amd/amdgpu/../display/dc/irq/dcn21/irq_service_dcn21.o
  CC [M]  drivers/gpu/drm/nouveau/nvkm/engine/sec2/gp102.o
  CC [M]  drivers/gpu/drm/amd/amdgpu/../display/dc/irq/dcn201/irq_service_dcn201.o
  CC [M]  drivers/gpu/drm/nouveau/nvkm/engine/sec2/gp108.o
  CC [M]  drivers/gpu/drm/amd/amdgpu/../display/dc/irq/dcn30/irq_service_dcn30.o
  CC [M]  drivers/gpu/drm/nouveau/nvkm/engine/sec2/tu102.o
  CC [M]  drivers/gpu/drm/nouveau/nvkm/engine/sec2/ga102.o
  CC [M]  drivers/gpu/drm/amd/amdgpu/../display/dc/irq/dcn302/irq_service_dcn302.o
  CC [M]  drivers/gpu/drm/amd/amdgpu/../display/dc/irq/dcn303/irq_service_dcn303.o
  CC [M]  drivers/gpu/drm/nouveau/nvkm/engine/sec2/r535.o
  CC [M]  drivers/gpu/drm/amd/amdgpu/../display/dc/irq/dcn31/irq_service_dcn31.o
  CC [M]  drivers/gpu/drm/nouveau/nvkm/engine/sw/base.o
  CC [M]  drivers/gpu/drm/amd/amdgpu/../display/dc/irq/dcn314/irq_service_dcn314.o
  CC [M]  drivers/gpu/drm/nouveau/nvkm/engine/sw/nv04.o
  CC [M]  drivers/gpu/drm/amd/amdgpu/../display/dc/irq/dcn315/irq_service_dcn315.o
  CC [M]  drivers/gpu/drm/amd/amdgpu/../display/dc/irq/dcn32/irq_service_dcn32.o
  CC [M]  drivers/gpu/drm/amd/amdgpu/../display/dc/irq/dcn35/irq_service_dcn35.o
  CC [M]  drivers/gpu/drm/nouveau/nvkm/engine/sw/nv10.o
  CC [M]  drivers/gpu/drm/amd/amdgpu/../display/dc/irq/dcn351/irq_service_dcn351.o
  CC [M]  drivers/gpu/drm/nouveau/nvkm/engine/sw/nv50.o
  CC [M]  drivers/gpu/drm/nouveau/nvkm/engine/sw/gf100.o
  CC [M]  drivers/gpu/drm/amd/amdgpu/../display/dc/irq/dcn36/irq_service_dcn36.o
  CC [M]  drivers/gpu/drm/nouveau/nvkm/engine/sw/chan.o
  CC [M]  drivers/gpu/drm/amd/amdgpu/../display/dc/irq/dcn401/irq_service_dcn401.o
  CC [M]  drivers/gpu/drm/nouveau/nvkm/engine/sw/nvsw.o
  CC [M]  drivers/gpu/drm/amd/amdgpu/../display/dc/irq/dcn42/irq_service_dcn42.o
  CC [M]  drivers/gpu/drm/amd/amdgpu/../display/dc/link/link_detection.o
  CC [M]  drivers/gpu/drm/amd/amdgpu/../display/dc/link/link_dpms.o
  CC [M]  drivers/gpu/drm/nouveau/nvkm/engine/vp/g84.o
  CC [M]  drivers/gpu/drm/amd/amdgpu/../display/dc/link/link_factory.o
  CC [M]  drivers/gpu/drm/nouveau/nouveau_acpi.o
  CC [M]  drivers/gpu/drm/nouveau/nouveau_debugfs.o
  CC [M]  drivers/gpu/drm/amd/amdgpu/../display/dc/link/link_resource.o
  CC [M]  drivers/gpu/drm/nouveau/nouveau_drm.o
  CC [M]  drivers/gpu/drm/nouveau/nouveau_hwmon.o
  CC [M]  drivers/gpu/drm/amd/amdgpu/../display/dc/link/link_validation.o
  CC [M]  drivers/gpu/drm/amd/amdgpu/../display/dc/link/accessories/link_dp_trace.o
  CC [M]  drivers/gpu/drm/nouveau/nouveau_ioc32.o
  CC [M]  drivers/gpu/drm/amd/amdgpu/../display/dc/link/accessories/link_dp_cts.o
  CC [M]  drivers/gpu/drm/nouveau/nouveau_nvif.o
  CC [M]  drivers/gpu/drm/amd/amdgpu/../display/dc/link/hwss/link_hwss_dio.o
  CC [M]  drivers/gpu/drm/nouveau/nouveau_vga.o
  CC [M]  drivers/gpu/drm/amd/amdgpu/../display/dc/link/hwss/link_hwss_dpia.o
  CC [M]  drivers/gpu/drm/nouveau/nouveau_bo.o
  CC [M]  drivers/gpu/drm/amd/amdgpu/../display/dc/link/hwss/link_hwss_hpo_dp.o
  CC [M]  drivers/gpu/drm/nouveau/nouveau_bo0039.o
  CC [M]  drivers/gpu/drm/amd/amdgpu/../display/dc/link/hwss/link_hwss_dio_fixed_vs_pe_retimer.o
  CC [M]  drivers/gpu/drm/nouveau/nouveau_bo5039.o
  CC [M]  drivers/gpu/drm/nouveau/nouveau_bo74c1.o
  CC [M]  drivers/gpu/drm/amd/amdgpu/../display/dc/link/hwss/link_hwss_hpo_fixed_vs_pe_retimer_dp.o
  CC [M]  drivers/gpu/drm/amd/amdgpu/../display/dc/link/hwss/link_hwss_virtual.o
  CC [M]  drivers/gpu/drm/nouveau/nouveau_bo85b5.o
  CC [M]  drivers/gpu/drm/nouveau/nouveau_bo9039.o
  CC [M]  drivers/gpu/drm/amd/amdgpu/../display/dc/link/protocols/link_hpd.o
  CC [M]  drivers/gpu/drm/nouveau/nouveau_bo90b5.o
  CC [M]  drivers/gpu/drm/nouveau/nouveau_boa0b5.o
  CC [M]  drivers/gpu/drm/amd/amdgpu/../display/dc/link/protocols/link_ddc.o
  CC [M]  drivers/gpu/drm/amd/amdgpu/../display/dc/link/protocols/link_dpcd.o
  CC [M]  drivers/gpu/drm/nouveau/nouveau_gem.o
  CC [M]  drivers/gpu/drm/amd/amdgpu/../display/dc/link/protocols/link_dp_dpia.o
  CC [M]  drivers/gpu/drm/nouveau/nouveau_mem.o
  CC [M]  drivers/gpu/drm/amd/amdgpu/../display/dc/link/protocols/link_dp_training.o
  CC [M]  drivers/gpu/drm/nouveau/nouveau_prime.o
  CC [M]  drivers/gpu/drm/amd/amdgpu/../display/dc/link/protocols/link_dp_training_8b_10b.o
  CC [M]  drivers/gpu/drm/nouveau/nouveau_sgdma.o
  CC [M]  drivers/gpu/drm/amd/amdgpu/../display/dc/link/protocols/link_dp_training_128b_132b.o
  CC [M]  drivers/gpu/drm/nouveau/nouveau_ttm.o
  CC [M]  drivers/gpu/drm/amd/amdgpu/../display/dc/link/protocols/link_dp_training_dpia.o
  CC [M]  drivers/gpu/drm/nouveau/nouveau_vmm.o
  CC [M]  drivers/gpu/drm/amd/amdgpu/../display/dc/link/protocols/link_dp_training_auxless.o
  CC [M]  drivers/gpu/drm/amd/amdgpu/../display/dc/link/protocols/link_dp_training_fixed_vs_pe_retimer.o
  CC [M]  drivers/gpu/drm/nouveau/nouveau_exec.o
  CC [M]  drivers/gpu/drm/amd/amdgpu/../display/dc/link/protocols/link_dp_phy.o
  CC [M]  drivers/gpu/drm/nouveau/nouveau_sched.o
  CC [M]  drivers/gpu/drm/amd/amdgpu/../display/dc/link/protocols/link_dp_capability.o
  CC [M]  drivers/gpu/drm/nouveau/nouveau_uvmm.o
  CC [M]  drivers/gpu/drm/amd/amdgpu/../display/dc/link/protocols/link_edp_panel_control.o
  CC [M]  drivers/gpu/drm/nouveau/nouveau_backlight.o
  CC [M]  drivers/gpu/drm/amd/amdgpu/../display/dc/link/protocols/link_dp_panel_replay.o
  CC [M]  drivers/gpu/drm/nouveau/nouveau_bios.o
  CC [M]  drivers/gpu/drm/amd/amdgpu/../display/dc/link/protocols/link_dp_irq_handler.o
  CC [M]  drivers/gpu/drm/nouveau/nouveau_connector.o
  CC [M]  drivers/gpu/drm/nouveau/nouveau_display.o
  CC [M]  drivers/gpu/drm/amd/amdgpu/../display/dc/link/protocols/link_dp_dpia_bw.o
  CC [M]  drivers/gpu/drm/nouveau/nouveau_dp.o
  CC [M]  drivers/gpu/drm/nouveau/dispnv04/arb.o
  CC [M]  drivers/gpu/drm/amd/amdgpu/../display/dc/dsc/dcn20/dcn20_dsc.o
  CC [M]  drivers/gpu/drm/amd/amdgpu/../display/dc/dsc/dcn35/dcn35_dsc.o
  CC [M]  drivers/gpu/drm/nouveau/dispnv04/crtc.o
  CC [M]  drivers/gpu/drm/amd/amdgpu/../display/dc/dsc/dcn401/dcn401_dsc.o
  CC [M]  drivers/gpu/drm/amd/amdgpu/../display/dc/dsc/dc_dsc.o
  CC [M]  drivers/gpu/drm/nouveau/dispnv04/cursor.o
  CC [M]  drivers/gpu/drm/amd/amdgpu/../display/dc/dsc/rc_calc.o
  CC [M]  drivers/gpu/drm/nouveau/dispnv04/dac.o
  CC [M]  drivers/gpu/drm/amd/amdgpu/../display/dc/dsc/rc_calc_dpi.o
  CC [M]  drivers/gpu/drm/nouveau/dispnv04/dfp.o
  CC [M]  drivers/gpu/drm/amd/amdgpu/../display/dc/resource/dce80/dce80_resource.o
  CC [M]  drivers/gpu/drm/nouveau/dispnv04/disp.o
  CC [M]  drivers/gpu/drm/amd/amdgpu/../display/dc/resource/dce100/dce100_resource.o
  CC [M]  drivers/gpu/drm/amd/amdgpu/../display/dc/resource/dce110/dce110_resource.o
  CC [M]  drivers/gpu/drm/amd/amdgpu/../display/dc/resource/dce112/dce112_resource.o
  CC [M]  drivers/gpu/drm/nouveau/dispnv04/hw.o
  CC [M]  drivers/gpu/drm/nouveau/dispnv04/nouveau_i2c_encoder.o
  CC [M]  drivers/gpu/drm/nouveau/dispnv04/overlay.o
  CC [M]  drivers/gpu/drm/amd/amdgpu/../display/dc/resource/dce120/dce120_resource.o
  CC [M]  drivers/gpu/drm/amd/amdgpu/../display/dc/resource/dcn10/dcn10_resource.o
  CC [M]  drivers/gpu/drm/nouveau/dispnv04/tvmodesnv17.o
  CC [M]  drivers/gpu/drm/amd/amdgpu/../display/dc/resource/dcn20/dcn20_resource.o
  CC [M]  drivers/gpu/drm/nouveau/dispnv04/tvnv04.o
  CC [M]  drivers/gpu/drm/nouveau/dispnv04/tvnv17.o
  CC [M]  drivers/gpu/drm/amd/amdgpu/../display/dc/resource/dcn201/dcn201_resource.o
  CC [M]  drivers/gpu/drm/nouveau/dispnv50/disp.o
  CC [M]  drivers/gpu/drm/amd/amdgpu/../display/dc/resource/dcn21/dcn21_resource.o
  CC [M]  drivers/gpu/drm/nouveau/dispnv50/lut.o
  CC [M]  drivers/gpu/drm/amd/amdgpu/../display/dc/resource/dcn30/dcn30_resource.o
  CC [M]  drivers/gpu/drm/nouveau/dispnv50/core.o
  CC [M]  drivers/gpu/drm/amd/amdgpu/../display/dc/resource/dcn301/dcn301_resource.o
  CC [M]  drivers/gpu/drm/amd/amdgpu/../display/dc/resource/dcn302/dcn302_resource.o
  CC [M]  drivers/gpu/drm/nouveau/dispnv50/core507d.o
  CC [M]  drivers/gpu/drm/nouveau/dispnv50/core827d.o
  CC [M]  drivers/gpu/drm/nouveau/dispnv50/core907d.o
  CC [M]  drivers/gpu/drm/nouveau/dispnv50/core917d.o
  CC [M]  drivers/gpu/drm/amd/amdgpu/../display/dc/resource/dcn303/dcn303_resource.o
  CC [M]  drivers/gpu/drm/nouveau/dispnv50/corec37d.o
  CC [M]  drivers/gpu/drm/amd/amdgpu/../display/dc/resource/dcn31/dcn31_resource.o
  CC [M]  drivers/gpu/drm/nouveau/dispnv50/corec57d.o
  CC [M]  drivers/gpu/drm/amd/amdgpu/../display/dc/resource/dcn314/dcn314_resource.o
  CC [M]  drivers/gpu/drm/nouveau/dispnv50/coreca7d.o
  CC [M]  drivers/gpu/drm/amd/amdgpu/../display/dc/resource/dcn315/dcn315_resource.o
  CC [M]  drivers/gpu/drm/nouveau/dispnv50/crc.o
  CC [M]  drivers/gpu/drm/amd/amdgpu/../display/dc/resource/dcn316/dcn316_resource.o
  CC [M]  drivers/gpu/drm/nouveau/dispnv50/crc907d.o
  CC [M]  drivers/gpu/drm/nouveau/dispnv50/crcc37d.o
  CC [M]  drivers/gpu/drm/amd/amdgpu/../display/dc/resource/dcn32/dcn32_resource.o
  CC [M]  drivers/gpu/drm/amd/amdgpu/../display/dc/resource/dcn32/dcn32_resource_helpers.o
  CC [M]  drivers/gpu/drm/nouveau/dispnv50/crcc57d.o
  CC [M]  drivers/gpu/drm/amd/amdgpu/../display/dc/resource/dcn321/dcn321_resource.o
  CC [M]  drivers/gpu/drm/nouveau/dispnv50/crcca7d.o
  CC [M]  drivers/gpu/drm/nouveau/dispnv50/dac507d.o
  CC [M]  drivers/gpu/drm/nouveau/dispnv50/dac907d.o
  CC [M]  drivers/gpu/drm/amd/amdgpu/../display/dc/resource/dcn35/dcn35_resource.o
  CC [M]  drivers/gpu/drm/nouveau/dispnv50/pior507d.o
  CC [M]  drivers/gpu/drm/amd/amdgpu/../display/dc/resource/dcn351/dcn351_resource.o
  CC [M]  drivers/gpu/drm/nouveau/dispnv50/sor507d.o
  CC [M]  drivers/gpu/drm/amd/amdgpu/../display/dc/resource/dcn36/dcn36_resource.o
  CC [M]  drivers/gpu/drm/nouveau/dispnv50/sor907d.o
  CC [M]  drivers/gpu/drm/amd/amdgpu/../display/dc/resource/dcn401/dcn401_resource.o
  CC [M]  drivers/gpu/drm/nouveau/dispnv50/sorc37d.o
  CC [M]  drivers/gpu/drm/amd/amdgpu/../display/dc/resource/dcn42/dcn42_resource.o
  CC [M]  drivers/gpu/drm/nouveau/dispnv50/head.o
  CC [M]  drivers/gpu/drm/amd/amdgpu/../display/dc/resource/dcn42/dcn42_resource_fpu.o
  CC [M]  drivers/gpu/drm/amd/amdgpu/../display/dc/optc/dcn10/dcn10_optc.o
  CC [M]  drivers/gpu/drm/nouveau/dispnv50/head507d.o
  CC [M]  drivers/gpu/drm/amd/amdgpu/../display/dc/optc/dcn20/dcn20_optc.o
  CC [M]  drivers/gpu/drm/nouveau/dispnv50/head827d.o
  CC [M]  drivers/gpu/drm/nouveau/dispnv50/head907d.o
  CC [M]  drivers/gpu/drm/nouveau/dispnv50/head917d.o
  CC [M]  drivers/gpu/drm/amd/amdgpu/../display/dc/optc/dcn201/dcn201_optc.o
  CC [M]  drivers/gpu/drm/amd/amdgpu/../display/dc/optc/dcn30/dcn30_optc.o
  CC [M]  drivers/gpu/drm/amd/amdgpu/../display/dc/optc/dcn301/dcn301_optc.o
  CC [M]  drivers/gpu/drm/amd/amdgpu/../display/dc/optc/dcn31/dcn31_optc.o
  CC [M]  drivers/gpu/drm/nouveau/dispnv50/headc37d.o
  CC [M]  drivers/gpu/drm/amd/amdgpu/../display/dc/optc/dcn314/dcn314_optc.o
  CC [M]  drivers/gpu/drm/amd/amdgpu/../display/dc/optc/dcn32/dcn32_optc.o
  CC [M]  drivers/gpu/drm/amd/amdgpu/../display/dc/optc/dcn35/dcn35_optc.o
  CC [M]  drivers/gpu/drm/nouveau/dispnv50/headc57d.o
  CC [M]  drivers/gpu/drm/amd/amdgpu/../display/dc/optc/dcn401/dcn401_optc.o
  CC [M]  drivers/gpu/drm/amd/amdgpu/../display/dc/optc/dcn42/dcn42_optc.o
  CC [M]  drivers/gpu/drm/nouveau/dispnv50/headca7d.o
  CC [M]  drivers/gpu/drm/amd/amdgpu/../display/dc/dpp/dcn10/dcn10_dpp.o
  CC [M]  drivers/gpu/drm/nouveau/dispnv50/wimm.o
  CC [M]  drivers/gpu/drm/amd/amdgpu/../display/dc/dpp/dcn10/dcn10_dpp_dscl.o
  CC [M]  drivers/gpu/drm/amd/amdgpu/../display/dc/dpp/dcn10/dcn10_dpp_cm.o
  CC [M]  drivers/gpu/drm/amd/amdgpu/../display/dc/dpp/dcn20/dcn20_dpp.o
  CC [M]  drivers/gpu/drm/nouveau/dispnv50/wimmc37b.o
  CC [M]  drivers/gpu/drm/amd/amdgpu/../display/dc/dpp/dcn20/dcn20_dpp_cm.o
  CC [M]  drivers/gpu/drm/nouveau/dispnv50/wndw.o
  CC [M]  drivers/gpu/drm/nouveau/dispnv50/wndwc37e.o
  CC [M]  drivers/gpu/drm/amd/amdgpu/../display/dc/dpp/dcn201/dcn201_dpp.o
  CC [M]  drivers/gpu/drm/amd/amdgpu/../display/dc/dpp/dcn30/dcn30_dpp.o
  CC [M]  drivers/gpu/drm/nouveau/dispnv50/wndwc57e.o
  CC [M]  drivers/gpu/drm/amd/amdgpu/../display/dc/dpp/dcn30/dcn30_dpp_cm.o
  CC [M]  drivers/gpu/drm/amd/amdgpu/../display/dc/dpp/dcn32/dcn32_dpp.o
  CC [M]  drivers/gpu/drm/nouveau/dispnv50/wndwc67e.o
  CC [M]  drivers/gpu/drm/amd/amdgpu/../display/dc/dpp/dcn35/dcn35_dpp.o
  CC [M]  drivers/gpu/drm/nouveau/dispnv50/wndwca7e.o
  CC [M]  drivers/gpu/drm/amd/amdgpu/../display/dc/dpp/dcn401/dcn401_dpp.o
  CC [M]  drivers/gpu/drm/nouveau/dispnv50/base.o
  CC [M]  drivers/gpu/drm/amd/amdgpu/../display/dc/dpp/dcn401/dcn401_dpp_cm.o
  CC [M]  drivers/gpu/drm/amd/amdgpu/../display/dc/dpp/dcn401/dcn401_dpp_dscl.o
  CC [M]  drivers/gpu/drm/nouveau/dispnv50/base507c.o
  CC [M]  drivers/gpu/drm/amd/amdgpu/../display/dc/dpp/dcn42/dcn42_dpp.o
  CC [M]  drivers/gpu/drm/nouveau/dispnv50/base827c.o
  CC [M]  drivers/gpu/drm/amd/amdgpu/../display/dc/hubbub/dcn10/dcn10_hubbub.o
  CC [M]  drivers/gpu/drm/nouveau/dispnv50/base907c.o
  CC [M]  drivers/gpu/drm/nouveau/dispnv50/base917c.o
  CC [M]  drivers/gpu/drm/amd/amdgpu/../display/dc/hubbub/dcn20/dcn20_hubbub.o
  CC [M]  drivers/gpu/drm/amd/amdgpu/../display/dc/hubbub/dcn201/dcn201_hubbub.o
  CC [M]  drivers/gpu/drm/nouveau/dispnv50/curs.o
  CC [M]  drivers/gpu/drm/amd/amdgpu/../display/dc/hubbub/dcn21/dcn21_hubbub.o
  CC [M]  drivers/gpu/drm/amd/amdgpu/../display/dc/hubbub/dcn30/dcn30_hubbub.o
  CC [M]  drivers/gpu/drm/nouveau/dispnv50/curs507a.o
  CC [M]  drivers/gpu/drm/amd/amdgpu/../display/dc/hubbub/dcn301/dcn301_hubbub.o
  CC [M]  drivers/gpu/drm/amd/amdgpu/../display/dc/hubbub/dcn31/dcn31_hubbub.o
  CC [M]  drivers/gpu/drm/nouveau/dispnv50/curs907a.o
  CC [M]  drivers/gpu/drm/nouveau/dispnv50/cursc37a.o
  CC [M]  drivers/gpu/drm/amd/amdgpu/../display/dc/hubbub/dcn32/dcn32_hubbub.o
  CC [M]  drivers/gpu/drm/amd/amdgpu/../display/dc/hubbub/dcn35/dcn35_hubbub.o
  CC [M]  drivers/gpu/drm/nouveau/dispnv50/oimm.o
  CC [M]  drivers/gpu/drm/nouveau/dispnv50/oimm507b.o
  CC [M]  drivers/gpu/drm/amd/amdgpu/../display/dc/hubbub/dcn401/dcn401_hubbub.o
  CC [M]  drivers/gpu/drm/nouveau/dispnv50/ovly.o
  CC [M]  drivers/gpu/drm/amd/amdgpu/../display/dc/hubbub/dcn42/dcn42_hubbub.o
  CC [M]  drivers/gpu/drm/nouveau/dispnv50/ovly507e.o
  CC [M]  drivers/gpu/drm/amd/amdgpu/../display/dc/dccg/dcn20/dcn20_dccg.o
  CC [M]  drivers/gpu/drm/nouveau/dispnv50/ovly827e.o
  CC [M]  drivers/gpu/drm/amd/amdgpu/../display/dc/dccg/dcn201/dcn201_dccg.o
  CC [M]  drivers/gpu/drm/nouveau/dispnv50/ovly907e.o
  CC [M]  drivers/gpu/drm/amd/amdgpu/../display/dc/dccg/dcn21/dcn21_dccg.o
  CC [M]  drivers/gpu/drm/nouveau/dispnv50/ovly917e.o
  CC [M]  drivers/gpu/drm/amd/amdgpu/../display/dc/dccg/dcn30/dcn30_dccg.o
  CC [M]  drivers/gpu/drm/nouveau/nouveau_abi16.o
  CC [M]  drivers/gpu/drm/amd/amdgpu/../display/dc/dccg/dcn301/dcn301_dccg.o
  CC [M]  drivers/gpu/drm/nouveau/nouveau_chan.o
  CC [M]  drivers/gpu/drm/nouveau/nouveau_dma.o
  CC [M]  drivers/gpu/drm/amd/amdgpu/../display/dc/dccg/dcn31/dcn31_dccg.o
  CC [M]  drivers/gpu/drm/nouveau/nouveau_fence.o
  CC [M]  drivers/gpu/drm/amd/amdgpu/../display/dc/dccg/dcn314/dcn314_dccg.o
  CC [M]  drivers/gpu/drm/nouveau/nv04_fence.o
  CC [M]  drivers/gpu/drm/amd/amdgpu/../display/dc/dccg/dcn32/dcn32_dccg.o
  CC [M]  drivers/gpu/drm/amd/amdgpu/../display/dc/dccg/dcn35/dcn35_dccg.o
  CC [M]  drivers/gpu/drm/nouveau/nv10_fence.o
  CC [M]  drivers/gpu/drm/amd/amdgpu/../display/dc/dccg/dcn401/dcn401_dccg.o
  CC [M]  drivers/gpu/drm/nouveau/nv17_fence.o
  CC [M]  drivers/gpu/drm/amd/amdgpu/../display/dc/dccg/dcn42/dcn42_dccg.o
  CC [M]  drivers/gpu/drm/nouveau/nv50_fence.o
  CC [M]  drivers/gpu/drm/amd/amdgpu/../display/dc/hubp/dcn10/dcn10_hubp.o
  CC [M]  drivers/gpu/drm/amd/amdgpu/../display/dc/hubp/dcn20/dcn20_hubp.o
  CC [M]  drivers/gpu/drm/nouveau/nv84_fence.o
  CC [M]  drivers/gpu/drm/amd/amdgpu/../display/dc/hubp/dcn201/dcn201_hubp.o
  CC [M]  drivers/gpu/drm/nouveau/nvc0_fence.o
  CC [M]  drivers/gpu/drm/amd/amdgpu/../display/dc/hubp/dcn21/dcn21_hubp.o
  CC [M]  drivers/gpu/drm/nouveau/gv100_fence.o
  CC [M]  drivers/gpu/drm/amd/amdgpu/../display/dc/hubp/dcn30/dcn30_hubp.o
  CC [M]  drivers/gpu/drm/nouveau/nouveau_led.o
  CC [M]  drivers/gpu/drm/amd/amdgpu/../display/dc/hubp/dcn31/dcn31_hubp.o
  LD [M]  drivers/gpu/drm/nouveau/ch7006.o
  CC [M]  drivers/gpu/drm/amd/amdgpu/../display/dc/hubp/dcn32/dcn32_hubp.o
  LD [M]  drivers/gpu/drm/nouveau/sil164.o
  CC [M]  drivers/gpu/drm/amd/amdgpu/../display/dc/hubp/dcn35/dcn35_hubp.o
  CC [M]  drivers/gpu/drm/amd/amdgpu/../display/dc/hubp/dcn401/dcn401_hubp.o
  CC [M]  drivers/gpu/drm/amd/amdgpu/../display/dc/hubp/dcn42/dcn42_hubp.o
  CC [M]  drivers/gpu/drm/amd/amdgpu/../display/dc/dio/virtual/virtual_link_encoder.o
  CC [M]  drivers/gpu/drm/amd/amdgpu/../display/dc/dio/virtual/virtual_stream_encoder.o
  CC [M]  drivers/gpu/drm/amd/amdgpu/../display/dc/dio/dcn10/dcn10_link_encoder.o
  CC [M]  drivers/gpu/drm/amd/amdgpu/../display/dc/dio/dcn10/dcn10_stream_encoder.o
  CC [M]  drivers/gpu/drm/amd/amdgpu/../display/dc/dio/dcn10/dcn10_dio.o
  CC [M]  drivers/gpu/drm/amd/amdgpu/../display/dc/dio/dcn20/dcn20_link_encoder.o
  CC [M]  drivers/gpu/drm/amd/amdgpu/../display/dc/dio/dcn20/dcn20_stream_encoder.o
  LD [M]  drivers/gpu/drm/nouveau/nouveau.o
  CC [M]  drivers/gpu/drm/amd/amdgpu/../display/dc/dio/dcn30/dcn30_dio_link_encoder.o
  CC [M]  drivers/gpu/drm/amd/amdgpu/../display/dc/dio/dcn30/dcn30_dio_stream_encoder.o
  CC [M]  drivers/gpu/drm/amd/amdgpu/../display/dc/dio/dcn301/dcn301_dio_link_encoder.o
  CC [M]  drivers/gpu/drm/amd/amdgpu/../display/dc/dio/dcn31/dcn31_dio_link_encoder.o
  CC [M]  drivers/gpu/drm/amd/amdgpu/../display/dc/dio/dcn314/dcn314_dio_stream_encoder.o
  CC [M]  drivers/gpu/drm/amd/amdgpu/../display/dc/dio/dcn32/dcn32_dio_link_encoder.o
  CC [M]  drivers/gpu/drm/amd/amdgpu/../display/dc/dio/dcn32/dcn32_dio_stream_encoder.o
  CC [M]  drivers/gpu/drm/amd/amdgpu/../display/dc/dio/dcn35/dcn35_dio_link_encoder.o
  CC [M]  drivers/gpu/drm/amd/amdgpu/../display/dc/dio/dcn35/dcn35_dio_stream_encoder.o
  CC [M]  drivers/gpu/drm/amd/amdgpu/../display/dc/dio/dcn321/dcn321_dio_link_encoder.o
  CC [M]  drivers/gpu/drm/amd/amdgpu/../display/dc/dio/dcn401/dcn401_dio_link_encoder.o
  CC [M]  drivers/gpu/drm/amd/amdgpu/../display/dc/dio/dcn401/dcn401_dio_stream_encoder.o
  CC [M]  drivers/gpu/drm/amd/amdgpu/../display/dc/dio/dcn42/dcn42_dio_link_encoder.o
  CC [M]  drivers/gpu/drm/amd/amdgpu/../display/dc/dio/dcn42/dcn42_dio_stream_encoder.o
  CC [M]  drivers/gpu/drm/amd/amdgpu/../display/dc/dwb/dcn30/dcn30_dwb.o
  CC [M]  drivers/gpu/drm/amd/amdgpu/../display/dc/dwb/dcn30/dcn30_dwb_cm.o
  CC [M]  drivers/gpu/drm/amd/amdgpu/../display/dc/dwb/dcn35/dcn35_dwb.o
  CC [M]  drivers/gpu/drm/amd/amdgpu/../display/dc/hpo/dcn31/dcn31_hpo_dp_stream_encoder.o
  CC [M]  drivers/gpu/drm/amd/amdgpu/../display/dc/hpo/dcn31/dcn31_hpo_dp_link_encoder.o
  CC [M]  drivers/gpu/drm/amd/amdgpu/../display/dc/hpo/dcn32/dcn32_hpo_dp_link_encoder.o
  CC [M]  drivers/gpu/drm/amd/amdgpu/../display/dc/hpo/dcn42/dcn42_hpo_dp_link_encoder.o
  CC [M]  drivers/gpu/drm/amd/amdgpu/../display/dc/mmhubbub/dcn20/dcn20_mmhubbub.o
  CC [M]  drivers/gpu/drm/amd/amdgpu/../display/dc/mmhubbub/dcn32/dcn32_mmhubbub.o
  CC [M]  drivers/gpu/drm/amd/amdgpu/../display/dc/mmhubbub/dcn35/dcn35_mmhubbub.o
  CC [M]  drivers/gpu/drm/amd/amdgpu/../display/dc/mmhubbub/dcn42/dcn42_mmhubbub.o
  CC [M]  drivers/gpu/drm/amd/amdgpu/../display/dc/mpc/dcn10/dcn10_mpc.o
  CC [M]  drivers/gpu/drm/amd/amdgpu/../display/dc/mpc/dcn20/dcn20_mpc.o
  CC [M]  drivers/gpu/drm/amd/amdgpu/../display/dc/mpc/dcn30/dcn30_mpc.o
  CC [M]  drivers/gpu/drm/amd/amdgpu/../display/dc/mpc/dcn32/dcn32_mpc.o
  CC [M]  drivers/gpu/drm/amd/amdgpu/../display/dc/mpc/dcn401/dcn401_mpc.o
  CC [M]  drivers/gpu/drm/amd/amdgpu/../display/dc/mpc/dcn42/dcn42_mpc.o
  CC [M]  drivers/gpu/drm/amd/amdgpu/../display/dc/opp/dcn10/dcn10_opp.o
  CC [M]  drivers/gpu/drm/amd/amdgpu/../display/dc/opp/dcn20/dcn20_opp.o
  CC [M]  drivers/gpu/drm/amd/amdgpu/../display/dc/opp/dcn35/dcn35_opp.o
  CC [M]  drivers/gpu/drm/amd/amdgpu/../display/dc/pg/dcn35/dcn35_pg_cntl.o
  CC [M]  drivers/gpu/drm/amd/amdgpu/../display/dc/pg/dcn42/dcn42_pg_cntl.o
  CC [M]  drivers/gpu/drm/amd/amdgpu/../display/dc/dcn10/dcn10_ipp.o
  CC [M]  drivers/gpu/drm/amd/amdgpu/../display/dc/dcn10/dcn10_hw_sequencer_debug.o
  CC [M]  drivers/gpu/drm/amd/amdgpu/../display/dc/dcn10/dcn10_cm_common.o
  CC [M]  drivers/gpu/drm/amd/amdgpu/../display/dc/dcn20/dcn20_vmid.o
  CC [M]  drivers/gpu/drm/amd/amdgpu/../display/dc/dcn20/dcn20_dwb.o
  CC [M]  drivers/gpu/drm/amd/amdgpu/../display/dc/dcn20/dcn20_dwb_scl.o
  CC [M]  drivers/gpu/drm/amd/amdgpu/../display/dc/dcn21/dcn21_link_encoder.o
  CC [M]  drivers/gpu/drm/amd/amdgpu/../display/dc/dcn201/dcn201_mpc.o
  CC [M]  drivers/gpu/drm/amd/amdgpu/../display/dc/dcn201/dcn201_opp.o
  CC [M]  drivers/gpu/drm/amd/amdgpu/../display/dc/dcn201/dcn201_link_encoder.o
  CC [M]  drivers/gpu/drm/amd/amdgpu/../display/dc/dcn30/dcn30_vpg.o
  CC [M]  drivers/gpu/drm/amd/amdgpu/../display/dc/dcn30/dcn30_afmt.o
  CC [M]  drivers/gpu/drm/amd/amdgpu/../display/dc/dcn30/dcn30_cm_common.o
  CC [M]  drivers/gpu/drm/amd/amdgpu/../display/dc/dcn30/dcn30_mmhubbub.o
  CC [M]  drivers/gpu/drm/amd/amdgpu/../display/dc/dcn301/dcn301_panel_cntl.o
  CC [M]  drivers/gpu/drm/amd/amdgpu/../display/dc/dcn31/dcn31_panel_cntl.o
  CC [M]  drivers/gpu/drm/amd/amdgpu/../display/dc/dcn31/dcn31_apg.o
  CC [M]  drivers/gpu/drm/amd/amdgpu/../display/dc/dcn31/dcn31_afmt.o
  CC [M]  drivers/gpu/drm/amd/amdgpu/../display/dc/dcn31/dcn31_vpg.o
  CC [M]  drivers/gpu/drm/amd/amdgpu/../display/dc/dml2_0/display_mode_core.o
  CC [M]  drivers/gpu/drm/amd/amdgpu/../display/dc/dml2_0/display_mode_util.o
  CC [M]  drivers/gpu/drm/amd/amdgpu/../display/dc/dml2_0/dml2_wrapper_fpu.o
  CC [M]  drivers/gpu/drm/amd/amdgpu/../display/dc/dml2_0/dml2_wrapper.o
  CC [M]  drivers/gpu/drm/amd/amdgpu/../display/dc/dml2_0/dml2_utils.o
  CC [M]  drivers/gpu/drm/amd/amdgpu/../display/dc/dml2_0/dml2_policy.o
  CC [M]  drivers/gpu/drm/amd/amdgpu/../display/dc/dml2_0/dml2_translation_helper.o
  CC [M]  drivers/gpu/drm/amd/amdgpu/../display/dc/dml2_0/dml2_dc_resource_mgmt.o
  CC [M]  drivers/gpu/drm/amd/amdgpu/../display/dc/dml2_0/dml2_mall_phantom.o
  CC [M]  drivers/gpu/drm/amd/amdgpu/../display/dc/dml2_0/dml_display_rq_dlg_calc.o
  CC [M]  drivers/gpu/drm/amd/amdgpu/../display/dc/dml2_0/dml21/src/dml2_top/dml2_top_interfaces.o
  CC [M]  drivers/gpu/drm/amd/amdgpu/../display/dc/dml2_0/dml21/src/dml2_top/dml2_top_soc15.o
  CC [M]  drivers/gpu/drm/amd/amdgpu/../display/dc/dml2_0/dml21/src/dml2_core/dml2_core_dcn4.o
  CC [M]  drivers/gpu/drm/amd/amdgpu/../display/dc/dml2_0/dml21/src/dml2_core/dml2_core_utils.o
  CC [M]  drivers/gpu/drm/amd/amdgpu/../display/dc/dml2_0/dml21/src/dml2_core/dml2_core_factory.o
  CC [M]  drivers/gpu/drm/amd/amdgpu/../display/dc/dml2_0/dml21/src/dml2_core/dml2_core_dcn4_calcs.o
  CC [M]  drivers/gpu/drm/amd/amdgpu/../display/dc/dml2_0/dml21/src/dml2_dpmm/dml2_dpmm_dcn4.o
  CC [M]  drivers/gpu/drm/amd/amdgpu/../display/dc/dml2_0/dml21/src/dml2_dpmm/dml2_dpmm_factory.o
  CC [M]  drivers/gpu/drm/amd/amdgpu/../display/dc/dml2_0/dml21/src/dml2_mcg/dml2_mcg_dcn4.o
  CC [M]  drivers/gpu/drm/amd/amdgpu/../display/dc/dml2_0/dml21/src/dml2_mcg/dml2_mcg_dcn42.o
  CC [M]  drivers/gpu/drm/amd/amdgpu/../display/dc/dml2_0/dml21/src/dml2_mcg/dml2_mcg_factory.o
  CC [M]  drivers/gpu/drm/amd/amdgpu/../display/dc/dml2_0/dml21/src/dml2_pmo/dml2_pmo_dcn3.o
  CC [M]  drivers/gpu/drm/amd/amdgpu/../display/dc/dml2_0/dml21/src/dml2_pmo/dml2_pmo_factory.o
  CC [M]  drivers/gpu/drm/amd/amdgpu/../display/dc/dml2_0/dml21/src/dml2_pmo/dml2_pmo_dcn4_fams2.o
  CC [M]  drivers/gpu/drm/amd/amdgpu/../display/dc/dml2_0/dml21/src/dml2_pmo/dml2_pmo_dcn42.o
  CC [M]  drivers/gpu/drm/amd/amdgpu/../display/dc/dml2_0/dml21/src/dml2_standalone_libraries/lib_float_math.o
  CC [M]  drivers/gpu/drm/amd/amdgpu/../display/dc/dml2_0/dml21/dml21_translation_helper.o
  CC [M]  drivers/gpu/drm/amd/amdgpu/../display/dc/dml2_0/dml21/dml21_wrapper.o
  CC [M]  drivers/gpu/drm/amd/amdgpu/../display/dc/dml2_0/dml21/dml21_wrapper_fpu.o
  CC [M]  drivers/gpu/drm/amd/amdgpu/../display/dc/dml2_0/dml21/dml21_utils.o
  CC [M]  drivers/gpu/drm/amd/amdgpu/../display/dc/soc_and_ip_translator/soc_and_ip_translator.o
  CC [M]  drivers/gpu/drm/amd/amdgpu/../display/dc/soc_and_ip_translator/dcn401/dcn401_soc_and_ip_translator.o
  CC [M]  drivers/gpu/drm/amd/amdgpu/../display/dc/soc_and_ip_translator/dcn42/dcn42_soc_and_ip_translator.o
  CC [M]  drivers/gpu/drm/amd/amdgpu/../display/dc/dce120/dce120_timing_generator.o
  CC [M]  drivers/gpu/drm/amd/amdgpu/../display/dc/dce112/dce112_compressor.o
  CC [M]  drivers/gpu/drm/amd/amdgpu/../display/dc/dce110/dce110_timing_generator.o
  CC [M]  drivers/gpu/drm/amd/amdgpu/../display/dc/dce110/dce110_compressor.o
  CC [M]  drivers/gpu/drm/amd/amdgpu/../display/dc/dce110/dce110_opp_regamma_v.o
  CC [M]  drivers/gpu/drm/amd/amdgpu/../display/dc/dce110/dce110_opp_csc_v.o
  CC [M]  drivers/gpu/drm/amd/amdgpu/../display/dc/dce110/dce110_timing_generator_v.o
  CC [M]  drivers/gpu/drm/amd/amdgpu/../display/dc/dce110/dce110_mem_input_v.o
  CC [M]  drivers/gpu/drm/amd/amdgpu/../display/dc/dce110/dce110_opp_v.o
  CC [M]  drivers/gpu/drm/amd/amdgpu/../display/dc/dce110/dce110_transform_v.o
  CC [M]  drivers/gpu/drm/amd/amdgpu/../display/dc/dce80/dce80_timing_generator.o
  CC [M]  drivers/gpu/drm/amd/amdgpu/../display/dc/hdcp/hdcp_msg.o
  CC [M]  drivers/gpu/drm/amd/amdgpu/../display/dc/sspl/dc_spl.o
  CC [M]  drivers/gpu/drm/amd/amdgpu/../display/dc/sspl/dc_spl_scl_filters.o
  CC [M]  drivers/gpu/drm/amd/amdgpu/../display/dc/sspl/dc_spl_scl_easf_filters.o
  CC [M]  drivers/gpu/drm/amd/amdgpu/../display/dc/sspl/dc_spl_isharp_filters.o
  CC [M]  drivers/gpu/drm/amd/amdgpu/../display/dc/sspl/dc_spl_filters.o
  CC [M]  drivers/gpu/drm/amd/amdgpu/../display/dc/sspl/spl_fixpt31_32.o
  CC [M]  drivers/gpu/drm/amd/amdgpu/../display/dc/sspl/spl_custom_float.o
  CC [M]  drivers/gpu/drm/amd/amdgpu/../display/dc/dc_dmub_srv.o
  CC [M]  drivers/gpu/drm/amd/amdgpu/../display/dc/dc_edid_parser.o
  CC [M]  drivers/gpu/drm/amd/amdgpu/../display/dc/dc_fused_io.o
  CC [M]  drivers/gpu/drm/amd/amdgpu/../display/dc/dc_helper.o
  CC [M]  drivers/gpu/drm/amd/amdgpu/../display/dc/core/dc.o
  CC [M]  drivers/gpu/drm/amd/amdgpu/../display/dc/core/dc_debug.o
  CC [M]  drivers/gpu/drm/amd/amdgpu/../display/dc/core/dc_hw_sequencer.o
  CC [M]  drivers/gpu/drm/amd/amdgpu/../display/dc/core/dc_link_enc_cfg.o
  CC [M]  drivers/gpu/drm/amd/amdgpu/../display/dc/core/dc_link_exports.o
  CC [M]  drivers/gpu/drm/amd/amdgpu/../display/dc/core/dc_resource.o
  CC [M]  drivers/gpu/drm/amd/amdgpu/../display/dc/core/dc_sink.o
  CC [M]  drivers/gpu/drm/amd/amdgpu/../display/dc/core/dc_stat.o
  CC [M]  drivers/gpu/drm/amd/amdgpu/../display/dc/core/dc_state.o
  CC [M]  drivers/gpu/drm/amd/amdgpu/../display/dc/core/dc_stream.o
  CC [M]  drivers/gpu/drm/amd/amdgpu/../display/dc/core/dc_surface.o
  CC [M]  drivers/gpu/drm/amd/amdgpu/../display/dc/core/dc_vm_helper.o
  CC [M]  drivers/gpu/drm/amd/amdgpu/../display/modules/freesync/freesync.o
  CC [M]  drivers/gpu/drm/amd/amdgpu/../display/modules/color/color_gamma.o
  CC [M]  drivers/gpu/drm/amd/amdgpu/../display/modules/color/color_table.o
  CC [M]  drivers/gpu/drm/amd/amdgpu/../display/modules/info_packet/info_packet.o
  CC [M]  drivers/gpu/drm/amd/amdgpu/../display/modules/power/power_helpers.o
  CC [M]  drivers/gpu/drm/amd/amdgpu/../display/dmub/src/dmub_srv.o
  CC [M]  drivers/gpu/drm/amd/amdgpu/../display/dmub/src/dmub_srv_stat.o
  CC [M]  drivers/gpu/drm/amd/amdgpu/../display/dmub/src/dmub_reg.o
  CC [M]  drivers/gpu/drm/amd/amdgpu/../display/dmub/src/dmub_dcn20.o
  CC [M]  drivers/gpu/drm/amd/amdgpu/../display/dmub/src/dmub_dcn21.o
  CC [M]  drivers/gpu/drm/amd/amdgpu/../display/dmub/src/dmub_dcn30.o
  CC [M]  drivers/gpu/drm/amd/amdgpu/../display/dmub/src/dmub_dcn301.o
  CC [M]  drivers/gpu/drm/amd/amdgpu/../display/dmub/src/dmub_dcn302.o
  CC [M]  drivers/gpu/drm/amd/amdgpu/../display/dmub/src/dmub_dcn303.o
  CC [M]  drivers/gpu/drm/amd/amdgpu/../display/dmub/src/dmub_dcn31.o
  CC [M]  drivers/gpu/drm/amd/amdgpu/../display/dmub/src/dmub_dcn314.o
  CC [M]  drivers/gpu/drm/amd/amdgpu/../display/dmub/src/dmub_dcn315.o
  CC [M]  drivers/gpu/drm/amd/amdgpu/../display/dmub/src/dmub_dcn316.o
  CC [M]  drivers/gpu/drm/amd/amdgpu/../display/dmub/src/dmub_dcn32.o
  CC [M]  drivers/gpu/drm/amd/amdgpu/../display/dmub/src/dmub_dcn35.o
  CC [M]  drivers/gpu/drm/amd/amdgpu/../display/dmub/src/dmub_dcn351.o
  CC [M]  drivers/gpu/drm/amd/amdgpu/../display/dmub/src/dmub_dcn36.o
  CC [M]  drivers/gpu/drm/amd/amdgpu/../display/dmub/src/dmub_dcn401.o
  CC [M]  drivers/gpu/drm/amd/amdgpu/../display/dmub/src/dmub_dcn42.o
  CC [M]  drivers/gpu/drm/amd/amdgpu/../display/modules/hdcp/hdcp_ddc.o
  CC [M]  drivers/gpu/drm/amd/amdgpu/../display/modules/hdcp/hdcp_log.o
  CC [M]  drivers/gpu/drm/amd/amdgpu/../display/modules/hdcp/hdcp_psp.o
  CC [M]  drivers/gpu/drm/amd/amdgpu/../display/modules/hdcp/hdcp.o
  CC [M]  drivers/gpu/drm/amd/amdgpu/../display/modules/hdcp/hdcp1_execution.o
  CC [M]  drivers/gpu/drm/amd/amdgpu/../display/modules/hdcp/hdcp1_transition.o
  CC [M]  drivers/gpu/drm/amd/amdgpu/../display/modules/hdcp/hdcp2_execution.o
  CC [M]  drivers/gpu/drm/amd/amdgpu/../display/modules/hdcp/hdcp2_transition.o
  CC [M]  drivers/gpu/drm/amd/amdgpu/../ras/ras_mgr/amdgpu_ras_sys.o
  CC [M]  drivers/gpu/drm/amd/amdgpu/../ras/ras_mgr/amdgpu_ras_mgr.o
  CC [M]  drivers/gpu/drm/amd/amdgpu/../ras/ras_mgr/amdgpu_ras_eeprom_i2c.o
  CC [M]  drivers/gpu/drm/amd/amdgpu/../ras/ras_mgr/amdgpu_ras_mp1_v13_0.o
  CC [M]  drivers/gpu/drm/amd/amdgpu/../ras/ras_mgr/amdgpu_ras_cmd.o
  CC [M]  drivers/gpu/drm/amd/amdgpu/../ras/ras_mgr/amdgpu_virt_ras_cmd.o
  CC [M]  drivers/gpu/drm/amd/amdgpu/../ras/ras_mgr/amdgpu_ras_process.o
  CC [M]  drivers/gpu/drm/amd/amdgpu/../ras/ras_mgr/amdgpu_ras_nbio_v7_9.o
  CC [M]  drivers/gpu/drm/amd/amdgpu/../ras/rascore/ras_core.o
  CC [M]  drivers/gpu/drm/amd/amdgpu/../ras/rascore/ras_mp1.o
  CC [M]  drivers/gpu/drm/amd/amdgpu/../ras/rascore/ras_mp1_v13_0.o
  CC [M]  drivers/gpu/drm/amd/amdgpu/../ras/rascore/ras_aca.o
  CC [M]  drivers/gpu/drm/amd/amdgpu/../ras/rascore/ras_aca_v1_0.o
  CC [M]  drivers/gpu/drm/amd/amdgpu/../ras/rascore/ras_eeprom.o
  CC [M]  drivers/gpu/drm/amd/amdgpu/../ras/rascore/ras_umc.o
  CC [M]  drivers/gpu/drm/amd/amdgpu/../ras/rascore/ras_umc_v12_0.o
  CC [M]  drivers/gpu/drm/amd/amdgpu/../ras/rascore/ras_cmd.o
  CC [M]  drivers/gpu/drm/amd/amdgpu/../ras/rascore/ras_gfx.o
  CC [M]  drivers/gpu/drm/amd/amdgpu/../ras/rascore/ras_gfx_v9_0.o
  CC [M]  drivers/gpu/drm/amd/amdgpu/../ras/rascore/ras_process.o
  CC [M]  drivers/gpu/drm/amd/amdgpu/../ras/rascore/ras_nbio.o
  CC [M]  drivers/gpu/drm/amd/amdgpu/../ras/rascore/ras_nbio_v7_9.o
  CC [M]  drivers/gpu/drm/amd/amdgpu/../ras/rascore/ras_log_ring.o
  CC [M]  drivers/gpu/drm/amd/amdgpu/../ras/rascore/ras_cper.o
  CC [M]  drivers/gpu/drm/amd/amdgpu/../ras/rascore/ras_psp.o
  CC [M]  drivers/gpu/drm/amd/amdgpu/../ras/rascore/ras_psp_v13_0.o
  CC [M]  drivers/gpu/drm/amd/amdgpu/../ras/rascore/ras_eeprom_fw.o
  LD [M]  drivers/gpu/drm/amd/amdgpu/amdgpu.o
  AR      drivers/gpu/built-in.a
  AR      drivers/built-in.a
  AR      built-in.a
  AR      vmlinux.a
  LD      vmlinux.o
  MODPOST Module.symvers
  CC      .vmlinux.export.o
  CC [M]  arch/x86/events/amd/power.mod.o
  CC [M]  .module-common.o
  CC [M]  arch/x86/events/intel/intel-uncore.mod.o
  CC [M]  arch/x86/events/intel/intel-cstate.mod.o
  CC [M]  arch/x86/events/rapl.mod.o
  CC [M]  arch/x86/crypto/twofish-x86_64.mod.o
  CC [M]  arch/x86/crypto/twofish-x86_64-3way.mod.o
  CC [M]  arch/x86/crypto/twofish-avx-x86_64.mod.o
  CC [M]  arch/x86/crypto/serpent-sse2-x86_64.mod.o
  CC [M]  arch/x86/crypto/serpent-avx-x86_64.mod.o
  CC [M]  arch/x86/crypto/serpent-avx2.mod.o
  CC [M]  arch/x86/crypto/camellia-x86_64.mod.o
  CC [M]  arch/x86/crypto/camellia-aesni-avx-x86_64.mod.o
  CC [M]  arch/x86/crypto/camellia-aesni-avx2.mod.o
  CC [M]  arch/x86/crypto/blowfish-x86_64.mod.o
  CC [M]  arch/x86/crypto/cast5-avx-x86_64.mod.o
  CC [M]  arch/x86/crypto/cast6-avx-x86_64.mod.o
  CC [M]  arch/x86/crypto/aesni-intel.mod.o
  CC [M]  arch/x86/kvm/kvm.mod.o
  CC [M]  arch/x86/kvm/kvm-intel.mod.o
  CC [M]  arch/x86/kvm/kvm-amd.mod.o
  CC [M]  kernel/kheaders.mod.o
  CC [M]  fs/nfs_common/grace.mod.o
  CC [M]  fs/quota/quota_v2.mod.o
  CC [M]  fs/quota/quota_tree.mod.o
  CC [M]  fs/nls/nls_ucs2_utils.mod.o
  CC [M]  fs/fuse/virtiofs.mod.o
  CC [M]  fs/binfmt_misc.mod.o
  CC [M]  fs/mbcache.mod.o
  CC [M]  fs/ext4/ext4.mod.o
  CC [M]  fs/jbd2/jbd2.mod.o
  CC [M]  fs/exfat/exfat.mod.o
  CC [M]  fs/hfsplus/hfsplus.mod.o
  CC [M]  fs/nfs/nfs.mod.o
  CC [M]  fs/nfs/nfsv2.mod.o
  CC [M]  fs/nfs/nfsv3.mod.o
  CC [M]  fs/nfs/nfsv4.mod.o
  CC [M]  fs/nfs/filelayout/nfs_layout_nfsv41_files.mod.o
  CC [M]  fs/nfs/blocklayout/blocklayoutdriver.mod.o
  CC [M]  fs/nfs/flexfilelayout/nfs_layout_flexfiles.mod.o
  CC [M]  fs/nfsd/nfsd.mod.o
  CC [M]  fs/lockd/lockd.mod.o
  CC [M]  fs/smb/common/cifs_md4.mod.o
  CC [M]  fs/smb/client/cifs.mod.o
  CC [M]  fs/ntfs3/ntfs3.mod.o
  CC [M]  fs/9p/9p.mod.o
  CC [M]  fs/f2fs/f2fs.mod.o
  CC [M]  crypto/crypto_engine.mod.o
  CC [M]  crypto/kpp.mod.o
  CC [M]  crypto/dh_generic.mod.o
  CC [M]  crypto/crypto_user.mod.o
  CC [M]  crypto/cmac.mod.o
  CC [M]  crypto/xcbc.mod.o
  CC [M]  crypto/md4.mod.o
  CC [M]  crypto/rmd160.mod.o
  CC [M]  crypto/pcbc.mod.o
  CC [M]  crypto/wp512.mod.o
  CC [M]  crypto/cts.mod.o
  CC [M]  crypto/lrw.mod.o
  CC [M]  crypto/xts.mod.o
  CC [M]  crypto/xctr.mod.o
  CC [M]  crypto/hctr2.mod.o
  CC [M]  crypto/ccm.mod.o
  CC [M]  crypto/chacha20poly1305.mod.o
  CC [M]  crypto/pcrypt.mod.o
  CC [M]  crypto/cryptd.mod.o
  CC [M]  crypto/fcrypt.mod.o
  CC [M]  crypto/blowfish_generic.mod.o
  CC [M]  crypto/blowfish_common.mod.o
  CC [M]  crypto/twofish_generic.mod.o
  CC [M]  crypto/twofish_common.mod.o
  CC [M]  crypto/serpent_generic.mod.o
  CC [M]  crypto/camellia_generic.mod.o
  CC [M]  crypto/cast_common.mod.o
  CC [M]  crypto/cast5_generic.mod.o
  CC [M]  crypto/cast6_generic.mod.o
  CC [M]  crypto/arc4.mod.o
  CC [M]  crypto/tea.mod.o
  CC [M]  crypto/khazad.mod.o
  CC [M]  crypto/anubis.mod.o
  CC [M]  crypto/seed.mod.o
  CC [M]  crypto/chacha.mod.o
  CC [M]  crypto/crc32-cryptoapi.mod.o
  CC [M]  crypto/lzo.mod.o
  CC [M]  crypto/lzo-rle.mod.o
  CC [M]  crypto/lz4.mod.o
  CC [M]  crypto/lz4hc.mod.o
  CC [M]  crypto/842.mod.o
  UPD     include/generated/utsversion.h
  CC      init/version-timestamp.o
  CC [M]  crypto/af_alg.mod.o
  CC [M]  crypto/algif_hash.mod.o
  CC [M]  crypto/algif_skcipher.mod.o
  CC [M]  crypto/algif_rng.mod.o
  CC [M]  crypto/algif_aead.mod.o
  CC [M]  crypto/zstd.mod.o
  CC [M]  crypto/ecc.mod.o
  CC [M]  crypto/essiv.mod.o
  CC [M]  crypto/ecdh_generic.mod.o
  CC [M]  lib/math/cordic.mod.o
  CC [M]  lib/crc/crc8.mod.o
  CC [M]  lib/crc/crc16.mod.o
  CC [M]  lib/crc/crc-ccitt.mod.o
  CC [M]  lib/crypto/libaescfb.mod.o
  CC [M]  lib/crypto/libarc4.mod.o
  CC [M]  lib/crypto/gf128mul.mod.o
  CC [M]  lib/crypto/libchacha.mod.o
  KSYMS   .tmp_vmlinux0.kallsyms.S
  AS      .tmp_vmlinux0.kallsyms.o
  LD      .tmp_vmlinux1
  CC [M]  lib/crypto/libchacha20poly1305.mod.o
  CC [M]  lib/crypto/libcurve25519.mod.o
  CC [M]  lib/crypto/libpoly1305.mod.o
  CC [M]  lib/ts_kmp.mod.o
  CC [M]  lib/ts_bm.mod.o
  CC [M]  lib/ts_fsm.mod.o
  CC [M]  lib/parman.mod.o
  CC [M]  lib/objagg.mod.o
  CC [M]  drivers/bus/mhi/host/mhi.mod.o
  CC [M]  drivers/leds/trigger/ledtrig-oneshot.mod.o
  CC [M]  drivers/leds/trigger/ledtrig-netdev.mod.o
  CC [M]  drivers/leds/led-class.mod.o
  CC [M]  drivers/video/backlight/lcd.mod.o
  CC [M]  drivers/video/backlight/backlight.mod.o
  CC [M]  drivers/char/ipmi/ipmi_devintf.mod.o
  CC [M]  drivers/char/ipmi/ipmi_si.mod.o
  CC [M]  drivers/char/ipmi/ipmi_ssif.mod.o
  CC [M]  drivers/char/ipmi/ipmi_watchdog.mod.o
  CC [M]  drivers/char/ipmi/ipmi_poweroff.mod.o
  CC [M]  drivers/acpi/dptf/dptf_power.mod.o
  CC [M]  drivers/acpi/dptf/dptf_pch_fivr.mod.o
  CC [M]  drivers/acpi/acpi_ipmi.mod.o
  CC [M]  drivers/acpi/ac.mod.o
  CC [M]  drivers/acpi/button.mod.o
  CC [M]  drivers/acpi/fan.mod.o
  CC [M]  drivers/acpi/video.mod.o
  CC [M]  drivers/acpi/acpi_tad.mod.o
  CC [M]  drivers/acpi/thermal.mod.o
  CC [M]  drivers/acpi/battery.mod.o
  CC [M]  drivers/acpi/acpi_pad.mod.o
  CC [M]  drivers/acpi/acpi_configfs.mod.o
  CC [M]  drivers/soc/qcom/mdt_loader.mod.o
  CC [M]  drivers/soc/qcom/qmi_helpers.mod.o
  CC [M]  drivers/virtio/virtio_dma_buf.mod.o
  CC [M]  drivers/char/hw_random/virtio-rng.mod.o
  CC [M]  drivers/char/agp/agpgart.mod.o
  CC [M]  drivers/char/agp/amd64-agp.mod.o
  CC [M]  drivers/char/agp/intel-agp.mod.o
  CC [M]  drivers/char/agp/intel-gtt.mod.o
  CC [M]  drivers/char/virtio_console.mod.o
  CC [M]  drivers/char/tpm/tpm.mod.o
  CC [M]  drivers/char/tpm/tpm_tis_core.mod.o
  CC [M]  drivers/char/tpm/tpm_tis.mod.o
  CC [M]  drivers/char/tpm/tpm_tis_i2c_cr50.mod.o
  CC [M]  drivers/char/tpm/tpm_i2c_atmel.mod.o
  CC [M]  drivers/char/tpm/tpm_i2c_infineon.mod.o
  CC [M]  drivers/char/tpm/tpm_i2c_nuvoton.mod.o
  CC [M]  drivers/char/tpm/tpm_nsc.mod.o
  CC [M]  drivers/char/tpm/tpm_atmel.mod.o
  CC [M]  drivers/char/tpm/tpm_infineon.mod.o
  CC [M]  drivers/char/tpm/st33zp24/tpm_st33zp24.mod.o
  CC [M]  drivers/char/tpm/st33zp24/tpm_st33zp24_i2c.mod.o
  CC [M]  drivers/char/tpm/tpm_crb.mod.o
  CC [M]  drivers/char/tpm/tpm_vtpm_proxy.mod.o
  CC [M]  drivers/iommu/virtio-iommu.mod.o
  CC [M]  drivers/gpu/drm/clients/drm_client_lib.mod.o
  CC [M]  drivers/gpu/drm/display/drm_display_helper.mod.o
  CC [M]  drivers/gpu/drm/drm.mod.o
  CC [M]  drivers/gpu/drm/drm_panel_backlight_quirks.mod.o
  CC [M]  drivers/gpu/drm/drm_exec.mod.o
  CC [M]  drivers/gpu/drm/drm_gpuvm.mod.o
  NM      .tmp_vmlinux1.syms
  CC [M]  drivers/gpu/drm/drm_gpusvm_helper.mod.o
  CC [M]  drivers/gpu/drm/drm_buddy.mod.o
  CC [M]  drivers/gpu/drm/drm_shmem_helper.mod.o
  CC [M]  drivers/gpu/drm/drm_suballoc_helper.mod.o
  CC [M]  drivers/gpu/drm/drm_ttm_helper.mod.o
  CC [M]  drivers/gpu/drm/drm_kms_helper.mod.o
  CC [M]  drivers/gpu/drm/ttm/ttm.mod.o
  CC [M]  drivers/gpu/drm/scheduler/gpu-sched.mod.o
  CC [M]  drivers/gpu/drm/radeon/radeon.mod.o
  CC [M]  drivers/gpu/drm/amd/amdgpu/amdgpu.mod.o
  CC [M]  drivers/gpu/drm/amd/amdxcp/amdxcp.mod.o
  CC [M]  drivers/gpu/drm/i915/i915.mod.o
  CC [M]  drivers/gpu/drm/i915/kvmgt.mod.o
  CC [M]  drivers/gpu/drm/xe/xe.mod.o
  CC [M]  drivers/gpu/drm/mgag200/mgag200.mod.o
  CC [M]  drivers/gpu/drm/nouveau/ch7006.mod.o
  CC [M]  drivers/gpu/drm/nouveau/sil164.mod.o
  CC [M]  drivers/gpu/drm/nouveau/nouveau.mod.o
  CC [M]  drivers/gpu/drm/udl/udl.mod.o
  CC [M]  drivers/gpu/drm/ast/ast.mod.o
  CC [M]  drivers/gpu/drm/qxl/qxl.mod.o
  CC [M]  drivers/gpu/drm/virtio/virtio-gpu.mod.o
  CC [M]  drivers/base/regmap/regmap-i2c.mod.o
  CC [M]  drivers/base/regmap/regmap-mmio.mod.o
  CC [M]  drivers/block/nbd.mod.o
  CC [M]  drivers/misc/cardreader/rtsx_pci.mod.o
  CC [M]  drivers/misc/cardreader/rtsx_usb.mod.o
  CC [M]  drivers/misc/enclosure.mod.o
  KSYMS   .tmp_vmlinux1.kallsyms.S
  CC [M]  drivers/misc/mei/mei.mod.o
  CC [M]  drivers/misc/mei/mei-me.mod.o
  CC [M]  drivers/misc/mei/mei-gsc.mod.o
  CC [M]  drivers/misc/mei/hdcp/mei_hdcp.mod.o
  CC [M]  drivers/misc/mei/pxp/mei_pxp.mod.o
  CC [M]  drivers/misc/mei/gsc_proxy/mei_gsc_proxy.mod.o
  CC [M]  drivers/mfd/mfd-core.mod.o
  CC [M]  drivers/cxl/core/cxl_core.mod.o
  CC [M]  drivers/cxl/cxl_port.mod.o
  CC [M]  drivers/cxl/cxl_acpi.mod.o
  CC [M]  drivers/cxl/cxl_mem.mod.o
  CC [M]  drivers/cxl/cxl_pci.mod.o
  CC [M]  drivers/scsi/scsi_transport_spi.mod.o
  CC [M]  drivers/scsi/scsi_transport_fc.mod.o
  CC [M]  drivers/scsi/scsi_transport_iscsi.mod.o
  CC [M]  drivers/scsi/libiscsi.mod.o
  CC [M]  drivers/scsi/libiscsi_tcp.mod.o
  CC [M]  drivers/scsi/iscsi_tcp.mod.o
  CC [M]  drivers/scsi/arcmsr/arcmsr.mod.o
  CC [M]  drivers/scsi/aic7xxx/aic79xx.mod.o
  CC [M]  drivers/scsi/aacraid/aacraid.mod.o
  CC [M]  drivers/scsi/pm8001/pm80xx.mod.o
  CC [M]  drivers/scsi/isci/isci.mod.o
  CC [M]  drivers/scsi/qla2xxx/qla2xxx.mod.o
  CC [M]  drivers/scsi/lpfc/lpfc.mod.o
  CC [M]  drivers/scsi/hpsa.mod.o
  CC [M]  drivers/scsi/megaraid/megaraid_sas.mod.o
  CC [M]  drivers/scsi/mpi3mr/mpi3mr.mod.o
  CC [M]  drivers/scsi/3w-xxxx.mod.o
  CC [M]  drivers/scsi/3w-9xxx.mod.o
  CC [M]  drivers/scsi/3w-sas.mod.o
  CC [M]  drivers/scsi/hptiop.mod.o
  CC [M]  drivers/scsi/stex.mod.o
  CC [M]  drivers/scsi/vmw_pvscsi.mod.o
  CC [M]  drivers/scsi/st.mod.o
  CC [M]  drivers/scsi/sr_mod.mod.o
  CC [M]  drivers/scsi/ses.mod.o
  CC [M]  drivers/ata/sata_inic162x.mod.o
  CC [M]  drivers/ata/sata_sil24.mod.o
  CC [M]  drivers/ata/ata_piix.mod.o
  CC [M]  drivers/ata/sata_mv.mod.o
  CC [M]  drivers/ata/sata_nv.mod.o
  CC [M]  drivers/ata/sata_promise.mod.o
  CC [M]  drivers/ata/sata_sil.mod.o
  CC [M]  drivers/ata/sata_sis.mod.o
  CC [M]  drivers/ata/sata_svw.mod.o
  CC [M]  drivers/ata/sata_uli.mod.o
  CC [M]  drivers/ata/sata_via.mod.o
  CC [M]  drivers/ata/pata_amd.mod.o
  CC [M]  drivers/ata/pata_atiixp.mod.o
  CC [M]  drivers/ata/pata_jmicron.mod.o
  CC [M]  drivers/ata/pata_marvell.mod.o
  CC [M]  drivers/ata/pata_oldpiix.mod.o
  CC [M]  drivers/ata/pata_pdc2027x.mod.o
  CC [M]  drivers/ata/pata_pdc202xx_old.mod.o
  CC [M]  drivers/ata/pata_sil680.mod.o
  CC [M]  drivers/ata/pata_sis.mod.o
  CC [M]  drivers/ata/pata_via.mod.o
  CC [M]  drivers/target/target_core_iblock.mod.o
  CC [M]  drivers/target/target_core_file.mod.o
  CC [M]  drivers/target/target_core_pscsi.mod.o
  CC [M]  drivers/target/target_core_user.mod.o
  CC [M]  drivers/target/loopback/tcm_loop.mod.o
  CC [M]  drivers/target/iscsi/iscsi_target_mod.mod.o
  CC [M]  drivers/target/iscsi/cxgbit/cxgbit.mod.o
  CC [M]  drivers/net/phy/phylink.mod.o
  CC [M]  drivers/net/phy/phy_package.mod.o
  CC [M]  drivers/net/phy/aquantia/aquantia.mod.o
  CC [M]  drivers/net/phy/ax88796b.mod.o
  CC [M]  drivers/net/phy/bcm-phy-lib.mod.o
  CC [M]  drivers/net/phy/broadcom.mod.o
  CC [M]  drivers/net/phy/marvell10g.mod.o
  CC [M]  drivers/net/phy/marvell.mod.o
  CC [M]  drivers/net/phy/realtek/realtek.mod.o
  CC [M]  drivers/net/ethernet/amd/xgbe/amd-xgbe.mod.o
  AS      .tmp_vmlinux1.kallsyms.o
  CC [M]  drivers/net/ethernet/aquantia/atlantic/atlantic.mod.o
  CC [M]  drivers/net/ethernet/atheros/atlx/atl1.mod.o
  CC [M]  drivers/net/ethernet/atheros/atl1e/atl1e.mod.o
  CC [M]  drivers/net/ethernet/atheros/atl1c/atl1c.mod.o
  CC [M]  drivers/net/ethernet/atheros/alx/alx.mod.o
  CC [M]  drivers/net/ethernet/broadcom/b44.mod.o
  CC [M]  drivers/net/ethernet/broadcom/bnx2.mod.o
  CC [M]  drivers/net/ethernet/broadcom/cnic.mod.o
  CC [M]  drivers/net/ethernet/broadcom/bnx2x/bnx2x.mod.o
  CC [M]  drivers/net/ethernet/broadcom/tg3.mod.o
  CC [M]  drivers/net/ethernet/broadcom/bnxt/bnxt_en.mod.o
  CC [M]  drivers/net/ethernet/brocade/bna/bna.mod.o
  CC [M]  drivers/net/ethernet/cavium/liquidio/liquidio-core.mod.o
  CC [M]  drivers/net/ethernet/cavium/liquidio/liquidio.mod.o
  CC [M]  drivers/net/ethernet/cavium/liquidio/liquidio_vf.mod.o
  CC [M]  drivers/net/ethernet/chelsio/cxgb/cxgb.mod.o
  CC [M]  drivers/net/ethernet/chelsio/cxgb3/cxgb3.mod.o
  CC [M]  drivers/net/ethernet/chelsio/cxgb4/cxgb4.mod.o
  CC [M]  drivers/net/ethernet/chelsio/cxgb4vf/cxgb4vf.mod.o
  CC [M]  drivers/net/ethernet/chelsio/libcxgb/libcxgb.mod.o
  CC [M]  drivers/net/ethernet/cisco/enic/enic.mod.o
  CC [M]  drivers/net/ethernet/dlink/dl2k.mod.o
  CC [M]  drivers/net/ethernet/emulex/benet/be2net.mod.o
  CC [M]  drivers/net/ethernet/intel/libie/libie.mod.o
  CC [M]  drivers/net/ethernet/intel/libie/libie_adminq.mod.o
  CC [M]  drivers/net/ethernet/intel/libie/libie_fwlog.mod.o
  CC [M]  drivers/net/ethernet/intel/libeth/libeth.mod.o
  CC [M]  drivers/net/ethernet/intel/libeth/libeth_xdp.mod.o
  CC [M]  drivers/net/ethernet/intel/e100.mod.o
  CC [M]  drivers/net/ethernet/intel/e1000/e1000.mod.o
  CC [M]  drivers/net/ethernet/intel/e1000e/e1000e.mod.o
  CC [M]  drivers/net/ethernet/intel/igb/igb.mod.o
  CC [M]  drivers/net/ethernet/intel/igc/igc.mod.o
  CC [M]  drivers/net/ethernet/intel/igbvf/igbvf.mod.o
  CC [M]  drivers/net/ethernet/intel/ixgbe/ixgbe.mod.o
  CC [M]  drivers/net/ethernet/intel/ixgbevf/ixgbevf.mod.o
  CC [M]  drivers/net/ethernet/intel/i40e/i40e.mod.o
  CC [M]  drivers/net/ethernet/intel/iavf/iavf.mod.o
  CC [M]  drivers/net/ethernet/intel/fm10k/fm10k.mod.o
  CC [M]  drivers/net/ethernet/intel/ice/ice.mod.o
  CC [M]  drivers/net/ethernet/marvell/skge.mod.o
  CC [M]  drivers/net/ethernet/marvell/sky2.mod.o
  CC [M]  drivers/net/ethernet/mellanox/mlx4/mlx4_core.mod.o
  CC [M]  drivers/net/ethernet/mellanox/mlx4/mlx4_en.mod.o
  CC [M]  drivers/net/ethernet/mellanox/mlx5/core/mlx5_core.mod.o
  CC [M]  drivers/net/ethernet/mellanox/mlxsw/mlxsw_core.mod.o
  CC [M]  drivers/net/ethernet/mellanox/mlxsw/mlxsw_pci.mod.o
  CC [M]  drivers/net/ethernet/mellanox/mlxsw/mlxsw_i2c.mod.o
  CC [M]  drivers/net/ethernet/mellanox/mlxsw/mlxsw_spectrum.mod.o
  CC [M]  drivers/net/ethernet/mellanox/mlxsw/mlxsw_minimal.mod.o
  CC [M]  drivers/net/ethernet/mellanox/mlxfw/mlxfw.mod.o
  CC [M]  drivers/net/ethernet/myricom/myri10ge/myri10ge.mod.o
  CC [M]  drivers/net/ethernet/nvidia/forcedeth.mod.o
  CC [M]  drivers/net/ethernet/qlogic/qla3xxx.mod.o
  CC [M]  drivers/net/ethernet/qlogic/qlcnic/qlcnic.mod.o
  CC [M]  drivers/net/ethernet/qlogic/netxen/netxen_nic.mod.o
  CC [M]  drivers/net/ethernet/qlogic/qed/qed.mod.o
  CC [M]  drivers/net/ethernet/qlogic/qede/qede.mod.o
  CC [M]  drivers/net/ethernet/realtek/8139too.mod.o
  CC [M]  drivers/net/ethernet/realtek/r8169.mod.o
  CC [M]  drivers/net/ethernet/sis/sis190.mod.o
  CC [M]  drivers/net/ethernet/sis/sis900.mod.o
  CC [M]  drivers/net/ethernet/sfc/sfc.mod.o
  CC [M]  drivers/net/ethernet/sfc/falcon/sfc-falcon.mod.o
  CC [M]  drivers/net/ethernet/sfc/siena/sfc-siena.mod.o
  CC [M]  drivers/net/ethernet/sun/niu.mod.o
  CC [M]  drivers/net/ethernet/tehuti/tehuti.mod.o
  CC [M]  drivers/net/ethernet/tehuti/tn40xx.mod.o
  CC [M]  drivers/net/ethernet/via/via-rhine.mod.o
  CC [M]  drivers/net/ethernet/via/via-velocity.mod.o
  CC [M]  drivers/net/ethernet/jme.mod.o
  CC [M]  drivers/net/wireless/ath/ath5k/ath5k.mod.o
  CC [M]  drivers/net/wireless/ath/ath9k/ath9k.mod.o
  CC [M]  drivers/net/wireless/ath/ath9k/ath9k_hw.mod.o
  CC [M]  drivers/net/wireless/ath/ath9k/ath9k_common.mod.o
  CC [M]  drivers/net/wireless/ath/ath9k/ath9k_htc.mod.o
  CC [M]  drivers/net/wireless/ath/ath9k/ath9k_pci_owl_loader.mod.o
  CC [M]  drivers/net/wireless/ath/carl9170/carl9170.mod.o
  CC [M]  drivers/net/wireless/ath/ath6kl/ath6kl_core.mod.o
  CC [M]  drivers/net/wireless/ath/ath6kl/ath6kl_usb.mod.o
  CC [M]  drivers/net/wireless/ath/ar5523/ar5523.mod.o
  CC [M]  drivers/net/wireless/ath/ath10k/ath10k_core.mod.o
  CC [M]  drivers/net/wireless/ath/ath10k/ath10k_pci.mod.o
  LD      .tmp_vmlinux2
  CC [M]  drivers/net/wireless/ath/ath10k/ath10k_sdio.mod.o
  CC [M]  drivers/net/wireless/ath/ath10k/ath10k_usb.mod.o
  CC [M]  drivers/net/wireless/ath/wcn36xx/wcn36xx.mod.o
  CC [M]  drivers/net/wireless/ath/ath11k/ath11k.mod.o
  CC [M]  drivers/net/wireless/ath/ath11k/ath11k_ahb.mod.o
  CC [M]  drivers/net/wireless/ath/ath11k/ath11k_pci.mod.o
  CC [M]  drivers/net/wireless/ath/ath12k/ath12k.mod.o
  CC [M]  drivers/net/wireless/ath/ath12k/wifi7/ath12k_wifi7.mod.o
  CC [M]  drivers/net/wireless/ath/ath.mod.o
  CC [M]  drivers/net/wireless/broadcom/b43/b43.mod.o
  CC [M]  drivers/net/wireless/broadcom/b43legacy/b43legacy.mod.o
  CC [M]  drivers/net/wireless/broadcom/brcm80211/brcmutil/brcmutil.mod.o
  CC [M]  drivers/net/wireless/broadcom/brcm80211/brcmfmac/brcmfmac.mod.o
  CC [M]  drivers/net/wireless/broadcom/brcm80211/brcmfmac/wcc/brcmfmac-wcc.mod.o
  CC [M]  drivers/net/wireless/broadcom/brcm80211/brcmfmac/cyw/brcmfmac-cyw.mod.o
  CC [M]  drivers/net/wireless/broadcom/brcm80211/brcmfmac/bca/brcmfmac-bca.mod.o
  CC [M]  drivers/net/wireless/broadcom/brcm80211/brcmsmac/brcmsmac.mod.o
  CC [M]  drivers/net/wireless/intel/ipw2x00/ipw2100.mod.o
  CC [M]  drivers/net/wireless/intel/ipw2x00/ipw2200.mod.o
  CC [M]  drivers/net/wireless/intel/ipw2x00/libipw.mod.o
  CC [M]  drivers/net/wireless/intel/iwlegacy/iwlegacy.mod.o
  CC [M]  drivers/net/wireless/intel/iwlegacy/iwl4965.mod.o
  CC [M]  drivers/net/wireless/intel/iwlegacy/iwl3945.mod.o
  CC [M]  drivers/net/wireless/intel/iwlwifi/iwlwifi.mod.o
  CC [M]  drivers/net/wireless/intel/iwlwifi/dvm/iwldvm.mod.o
  CC [M]  drivers/net/wireless/intel/iwlwifi/mvm/iwlmvm.mod.o
  CC [M]  drivers/net/wireless/intel/iwlwifi/mld/iwlmld.mod.o
  CC [M]  drivers/net/wireless/marvell/libertas/libertas.mod.o
  CC [M]  drivers/net/wireless/marvell/libertas/usb8xxx.mod.o
  CC [M]  drivers/net/wireless/marvell/libertas/libertas_sdio.mod.o
  CC [M]  drivers/net/wireless/marvell/libertas_tf/libertas_tf.mod.o
  CC [M]  drivers/net/wireless/marvell/libertas_tf/libertas_tf_usb.mod.o
  CC [M]  drivers/net/wireless/marvell/mwifiex/mwifiex.mod.o
  CC [M]  drivers/net/wireless/marvell/mwifiex/mwifiex_sdio.mod.o
  CC [M]  drivers/net/wireless/marvell/mwifiex/mwifiex_pcie.mod.o
  CC [M]  drivers/net/wireless/marvell/mwifiex/mwifiex_usb.mod.o
  CC [M]  drivers/net/wireless/marvell/mwl8k.mod.o
  CC [M]  drivers/net/wireless/mediatek/mt7601u/mt7601u.mod.o
  CC [M]  drivers/net/wireless/mediatek/mt76/mt76.mod.o
  CC [M]  drivers/net/wireless/mediatek/mt76/mt76-usb.mod.o
  CC [M]  drivers/net/wireless/mediatek/mt76/mt76-sdio.mod.o
  CC [M]  drivers/net/wireless/mediatek/mt76/mt76x02-lib.mod.o
  CC [M]  drivers/net/wireless/mediatek/mt76/mt76x02-usb.mod.o
  CC [M]  drivers/net/wireless/mediatek/mt76/mt76-connac-lib.mod.o
  CC [M]  drivers/net/wireless/mediatek/mt76/mt792x-lib.mod.o
  CC [M]  drivers/net/wireless/mediatek/mt76/mt792x-usb.mod.o
  CC [M]  drivers/net/wireless/mediatek/mt76/mt76x0/mt76x0u.mod.o
  CC [M]  drivers/net/wireless/mediatek/mt76/mt76x0/mt76x0e.mod.o
  CC [M]  drivers/net/wireless/mediatek/mt76/mt76x0/mt76x0-common.mod.o
  CC [M]  drivers/net/wireless/mediatek/mt76/mt76x2/mt76x2-common.mod.o
  CC [M]  drivers/net/wireless/mediatek/mt76/mt76x2/mt76x2e.mod.o
  CC [M]  drivers/net/wireless/mediatek/mt76/mt76x2/mt76x2u.mod.o
  CC [M]  drivers/net/wireless/mediatek/mt76/mt7603/mt7603e.mod.o
  CC [M]  drivers/net/wireless/mediatek/mt76/mt7615/mt7615-common.mod.o
  CC [M]  drivers/net/wireless/mediatek/mt76/mt7615/mt7615e.mod.o
  CC [M]  drivers/net/wireless/mediatek/mt76/mt7615/mt7663-usb-sdio-common.mod.o
  CC [M]  drivers/net/wireless/mediatek/mt76/mt7615/mt7663u.mod.o
  CC [M]  drivers/net/wireless/mediatek/mt76/mt7615/mt7663s.mod.o
  CC [M]  drivers/net/wireless/mediatek/mt76/mt7915/mt7915e.mod.o
  CC [M]  drivers/net/wireless/mediatek/mt76/mt7921/mt7921-common.mod.o
  NM      .tmp_vmlinux2.syms
  CC [M]  drivers/net/wireless/mediatek/mt76/mt7921/mt7921e.mod.o
  CC [M]  drivers/net/wireless/mediatek/mt76/mt7921/mt7921s.mod.o
  CC [M]  drivers/net/wireless/mediatek/mt76/mt7921/mt7921u.mod.o
  CC [M]  drivers/net/wireless/mediatek/mt76/mt7996/mt7996e.mod.o
  CC [M]  drivers/net/wireless/mediatek/mt76/mt7925/mt7925-common.mod.o
  CC [M]  drivers/net/wireless/mediatek/mt76/mt7925/mt7925e.mod.o
  CC [M]  drivers/net/wireless/mediatek/mt76/mt7925/mt7925u.mod.o
  CC [M]  drivers/net/wireless/realtek/rtl818x/rtl8180/rtl818x_pci.mod.o
  CC [M]  drivers/net/wireless/realtek/rtl818x/rtl8187/rtl8187.mod.o
  CC [M]  drivers/net/wireless/realtek/rtlwifi/rtlwifi.mod.o
  CC [M]  drivers/net/wireless/realtek/rtlwifi/rtl_pci.mod.o
  CC [M]  drivers/net/wireless/realtek/rtlwifi/rtl_usb.mod.o
  CC [M]  drivers/net/wireless/realtek/rtlwifi/rtl8192c/rtl8192c-common.mod.o
  CC [M]  drivers/net/wireless/realtek/rtlwifi/rtl8192ce/rtl8192ce.mod.o
  CC [M]  drivers/net/wireless/realtek/rtlwifi/rtl8192cu/rtl8192cu.mod.o
  CC [M]  drivers/net/wireless/realtek/rtlwifi/rtl8192se/rtl8192se.mod.o
  CC [M]  drivers/net/wireless/realtek/rtlwifi/rtl8192d/rtl8192d-common.mod.o
  CC [M]  drivers/net/wireless/realtek/rtlwifi/rtl8192de/rtl8192de.mod.o
  CC [M]  drivers/net/wireless/realtek/rtlwifi/rtl8192du/rtl8192du.mod.o
  CC [M]  drivers/net/wireless/realtek/rtlwifi/rtl8723ae/rtl8723ae.mod.o
  CC [M]  drivers/net/wireless/realtek/rtlwifi/rtl8723be/rtl8723be.mod.o
  CC [M]  drivers/net/wireless/realtek/rtlwifi/rtl8188ee/rtl8188ee.mod.o
  CC [M]  drivers/net/wireless/realtek/rtlwifi/btcoexist/btcoexist.mod.o
  CC [M]  drivers/net/wireless/realtek/rtlwifi/rtl8723com/rtl8723-common.mod.o
  CC [M]  drivers/net/wireless/realtek/rtlwifi/rtl8821ae/rtl8821ae.mod.o
  CC [M]  drivers/net/wireless/realtek/rtlwifi/rtl8192ee/rtl8192ee.mod.o
  CC [M]  drivers/net/wireless/realtek/rtl8xxxu/rtl8xxxu.mod.o
  CC [M]  drivers/net/wireless/realtek/rtw88/rtw88_core.mod.o
  CC [M]  drivers/net/wireless/realtek/rtw88/rtw88_8822b.mod.o
  CC [M]  drivers/net/wireless/realtek/rtw88/rtw88_8822be.mod.o
  CC [M]  drivers/net/wireless/realtek/rtw88/rtw88_8822bu.mod.o
  CC [M]  drivers/net/wireless/realtek/rtw88/rtw88_8822c.mod.o
  KSYMS   .tmp_vmlinux2.kallsyms.S
  CC [M]  drivers/net/wireless/realtek/rtw88/rtw88_8822ce.mod.o
  CC [M]  drivers/net/wireless/realtek/rtw88/rtw88_8822cu.mod.o
  CC [M]  drivers/net/wireless/realtek/rtw88/rtw88_8723x.mod.o
  CC [M]  drivers/net/wireless/realtek/rtw88/rtw88_8723d.mod.o
  CC [M]  drivers/net/wireless/realtek/rtw88/rtw88_8723de.mod.o
  CC [M]  drivers/net/wireless/realtek/rtw88/rtw88_8723du.mod.o
  CC [M]  drivers/net/wireless/realtek/rtw88/rtw88_8821c.mod.o
  CC [M]  drivers/net/wireless/realtek/rtw88/rtw88_8821ce.mod.o
  CC [M]  drivers/net/wireless/realtek/rtw88/rtw88_8821cu.mod.o
  CC [M]  drivers/net/wireless/realtek/rtw88/rtw88_pci.mod.o
  CC [M]  drivers/net/wireless/realtek/rtw88/rtw88_usb.mod.o
  CC [M]  drivers/net/wireless/realtek/rtw89/rtw89_core.mod.o
  CC [M]  drivers/net/wireless/realtek/rtw89/rtw89_8851b.mod.o
  CC [M]  drivers/net/wireless/realtek/rtw89/rtw89_8851be.mod.o
  CC [M]  drivers/net/wireless/realtek/rtw89/rtw89_8852a.mod.o
  CC [M]  drivers/net/wireless/realtek/rtw89/rtw89_8852ae.mod.o
  CC [M]  drivers/net/wireless/realtek/rtw89/rtw89_8852b_common.mod.o
  CC [M]  drivers/net/wireless/realtek/rtw89/rtw89_8852b.mod.o
  CC [M]  drivers/net/wireless/realtek/rtw89/rtw89_8852be.mod.o
  CC [M]  drivers/net/wireless/realtek/rtw89/rtw89_8852bt.mod.o
  CC [M]  drivers/net/wireless/realtek/rtw89/rtw89_8852bte.mod.o
  CC [M]  drivers/net/wireless/realtek/rtw89/rtw89_8852c.mod.o
  CC [M]  drivers/net/wireless/realtek/rtw89/rtw89_8852ce.mod.o
  CC [M]  drivers/net/wireless/realtek/rtw89/rtw89_8922a.mod.o
  CC [M]  drivers/net/wireless/realtek/rtw89/rtw89_8922ae.mod.o
  CC [M]  drivers/net/wireless/realtek/rtw89/rtw89_pci.mod.o
  CC [M]  drivers/net/bonding/bonding.mod.o
  CC [M]  drivers/net/ipvlan/ipvlan.mod.o
  CC [M]  drivers/net/ipvlan/ipvtap.mod.o
  CC [M]  drivers/net/dummy.mod.o
  CC [M]  drivers/net/wireguard/wireguard.mod.o
  CC [M]  drivers/net/macvlan.mod.o
  CC [M]  drivers/net/macvtap.mod.o
  CC [M]  drivers/net/mii.mod.o
  CC [M]  drivers/net/mdio.mod.o
  CC [M]  drivers/net/tun.mod.o
  CC [M]  drivers/net/tap.mod.o
  CC [M]  drivers/net/veth.mod.o
  CC [M]  drivers/net/virtio_net.mod.o
  CC [M]  drivers/net/vxlan/vxlan.mod.o
  CC [M]  drivers/net/can/dev/can-dev.mod.o
  CC [M]  drivers/net/can/usb/gs_usb.mod.o
  CC [M]  drivers/net/ppp/ppp_generic.mod.o
  CC [M]  drivers/net/ppp/ppp_async.mod.o
  CC [M]  drivers/net/ppp/bsd_comp.mod.o
  CC [M]  drivers/net/ppp/ppp_deflate.mod.o
  CC [M]  drivers/net/ppp/ppp_mppe.mod.o
  CC [M]  drivers/net/ppp/ppp_synctty.mod.o
  CC [M]  drivers/net/ppp/pppox.mod.o
  CC [M]  drivers/net/ppp/pppoe.mod.o
  CC [M]  drivers/net/ppp/pptp.mod.o
  CC [M]  drivers/net/slip/slhc.mod.o
  CC [M]  drivers/net/wwan/wwan.mod.o
  CC [M]  drivers/net/vmxnet3/vmxnet3.mod.o
  CC [M]  drivers/net/usb/r8152.mod.o
  CC [M]  drivers/net/usb/asix.mod.o
  CC [M]  drivers/net/usb/ax88179_178a.mod.o
  CC [M]  drivers/net/usb/cdc_ether.mod.o
  CC [M]  drivers/net/usb/cdc_eem.mod.o
  CC [M]  drivers/net/usb/usbnet.mod.o
  CC [M]  drivers/net/usb/cdc_ncm.mod.o
  CC [M]  drivers/net/usb/aqc111.mod.o
  CC [M]  drivers/net/usb/r8153_ecm.mod.o
  CC [M]  drivers/net/thunderbolt/thunderbolt_net.mod.o
  CC [M]  drivers/net/net_failover.mod.o
  CC [M]  drivers/message/fusion/mptbase.mod.o
  CC [M]  drivers/message/fusion/mptscsih.mod.o
  CC [M]  drivers/message/fusion/mptspi.mod.o
  CC [M]  drivers/message/fusion/mptfc.mod.o
  CC [M]  drivers/message/fusion/mptsas.mod.o
  CC [M]  drivers/message/fusion/mptctl.mod.o
  CC [M]  drivers/firewire/firewire-core.mod.o
  CC [M]  drivers/firewire/firewire-ohci.mod.o
  CC [M]  drivers/firewire/firewire-sbp2.mod.o
  CC [M]  drivers/firewire/firewire-net.mod.o
  AS      .tmp_vmlinux2.kallsyms.o
  CC [M]  drivers/cdrom/cdrom.mod.o
  CC [M]  drivers/usb/class/cdc-acm.mod.o
  CC [M]  drivers/usb/class/usblp.mod.o
  CC [M]  drivers/usb/serial/usbserial.mod.o
  CC [M]  drivers/usb/serial/ch341.mod.o
  CC [M]  drivers/usb/serial/cp210x.mod.o
  CC [M]  drivers/usb/serial/ftdi_sio.mod.o
  CC [M]  drivers/usb/serial/option.mod.o
  CC [M]  drivers/usb/serial/pl2303.mod.o
  CC [M]  drivers/usb/serial/usb-serial-simple.mod.o
  CC [M]  drivers/usb/serial/usb_wwan.mod.o
  CC [M]  drivers/usb/serial/xr_serial.mod.o
  CC [M]  drivers/usb/usbip/usbip-core.mod.o
  CC [M]  drivers/usb/usbip/vhci-hcd.mod.o
  CC [M]  drivers/usb/usbip/usbip-host.mod.o
  CC [M]  drivers/input/joystick/xpad.mod.o
  CC [M]  drivers/input/misc/uinput.mod.o
  CC [M]  drivers/input/input-leds.mod.o
  CC [M]  drivers/input/joydev.mod.o
  CC [M]  drivers/i2c/algos/i2c-algo-bit.mod.o
  CC [M]  drivers/i2c/busses/i2c-i801.mod.o
  CC [M]  drivers/i2c/busses/i2c-piix4.mod.o
  CC [M]  drivers/i2c/i2c-core.mod.o
  CC [M]  drivers/i2c/i2c-smbus.mod.o
  CC [M]  drivers/i2c/i2c-dev.mod.o
  CC [M]  drivers/i2c/i2c-mux.mod.o
  CC [M]  drivers/media/i2c/ir-kbd-i2c.mod.o
  CC [M]  drivers/media/tuners/mc44s803.mod.o
  CC [M]  drivers/media/tuners/mt20xx.mod.o
  CC [M]  drivers/media/tuners/tuner-simple.mod.o
  CC [M]  drivers/media/tuners/tuner-types.mod.o
  CC [M]  drivers/media/tuners/tda18271.mod.o
  CC [M]  drivers/media/tuners/tda827x.mod.o
  CC [M]  drivers/media/tuners/tda8290.mod.o
  CC [M]  drivers/media/tuners/tda9887.mod.o
  CC [M]  drivers/media/tuners/xc2028.mod.o
  CC [M]  drivers/media/tuners/xc4000.mod.o
  CC [M]  drivers/media/tuners/xc5000.mod.o
  CC [M]  drivers/media/rc/rc-core.mod.o
  CC [M]  drivers/media/common/videobuf2/videobuf2-common.mod.o
  CC [M]  drivers/media/common/videobuf2/videobuf2-dma-contig.mod.o
  CC [M]  drivers/media/common/videobuf2/videobuf2-memops.mod.o
  CC [M]  drivers/media/common/videobuf2/videobuf2-v4l2.mod.o
  CC [M]  drivers/media/pci/tw5864/tw5864.mod.o
  CC [M]  drivers/media/mc/mc.mod.o
  CC [M]  drivers/media/v4l2-core/v4l2-async.mod.o
  CC [M]  drivers/media/v4l2-core/v4l2-fwnode.mod.o
  CC [M]  drivers/media/v4l2-core/v4l2-dv-timings.mod.o
  CC [M]  drivers/media/v4l2-core/videodev.mod.o
  CC [M]  drivers/media/dvb-core/dvb-core.mod.o
  CC [M]  drivers/media/cec/core/cec.mod.o
  CC [M]  drivers/ptp/ptp_kvm.mod.o
  CC [M]  drivers/ptp/ptp_vmclock.mod.o
  CC [M]  drivers/hwmon/hwmon-vid.mod.o
  CC [M]  drivers/hwmon/acpi_power_meter.mod.o
  CC [M]  drivers/hwmon/asus_atk0110.mod.o
  CC [M]  drivers/hwmon/asus-ec-sensors.mod.o
  CC [M]  drivers/hwmon/asus_wmi_sensors.mod.o
  CC [M]  drivers/hwmon/asb100.mod.o
  CC [M]  drivers/hwmon/w83627hf.mod.o
  CC [M]  drivers/hwmon/w83773g.mod.o
  CC [M]  drivers/hwmon/w83792d.mod.o
  CC [M]  drivers/hwmon/w83793.mod.o
  CC [M]  drivers/hwmon/w83795.mod.o
  CC [M]  drivers/hwmon/w83781d.mod.o
  CC [M]  drivers/hwmon/w83791d.mod.o
  CC [M]  drivers/hwmon/abituguru.mod.o
  CC [M]  drivers/hwmon/abituguru3.mod.o
  CC [M]  drivers/hwmon/ad7414.mod.o
  CC [M]  drivers/hwmon/ad7418.mod.o
  CC [M]  drivers/hwmon/adc128d818.mod.o
  CC [M]  drivers/hwmon/adm1025.mod.o
  CC [M]  drivers/hwmon/adm1026.mod.o
  CC [M]  drivers/hwmon/adm1029.mod.o
  CC [M]  drivers/hwmon/adm1031.mod.o
  CC [M]  drivers/hwmon/adm1177.mod.o
  CC [M]  drivers/hwmon/adm9240.mod.o
  CC [M]  drivers/hwmon/ads7828.mod.o
  CC [M]  drivers/hwmon/adt7x10.mod.o
  CC [M]  drivers/hwmon/adt7410.mod.o
  CC [M]  drivers/hwmon/adt7411.mod.o
  CC [M]  drivers/hwmon/adt7462.mod.o
  LD      vmlinux.unstripped
  CC [M]  drivers/hwmon/adt7470.mod.o
  CC [M]  drivers/hwmon/adt7475.mod.o
  CC [M]  drivers/hwmon/aht10.mod.o
  CC [M]  drivers/hwmon/applesmc.mod.o
  CC [M]  drivers/hwmon/aquacomputer_d5next.mod.o
  CC [M]  drivers/hwmon/as370-hwmon.mod.o
  CC [M]  drivers/hwmon/asc7621.mod.o
  CC [M]  drivers/hwmon/atxp1.mod.o
  CC [M]  drivers/hwmon/axi-fan-control.mod.o
  CC [M]  drivers/hwmon/coretemp.mod.o
  CC [M]  drivers/hwmon/corsair-cpro.mod.o
  CC [M]  drivers/hwmon/corsair-psu.mod.o
  CC [M]  drivers/hwmon/dell-smm-hwmon.mod.o
  CC [M]  drivers/hwmon/dme1737.mod.o
  CC [M]  drivers/hwmon/drivetemp.mod.o
  CC [M]  drivers/hwmon/ds620.mod.o
  CC [M]  drivers/hwmon/ds1621.mod.o
  CC [M]  drivers/hwmon/emc1403.mod.o
  CC [M]  drivers/hwmon/emc2103.mod.o
  CC [M]  drivers/hwmon/emc6w201.mod.o
  CC [M]  drivers/hwmon/f71805f.mod.o
  CC [M]  drivers/hwmon/f71882fg.mod.o
  CC [M]  drivers/hwmon/f75375s.mod.o
  CC [M]  drivers/hwmon/fam15h_power.mod.o
  CC [M]  drivers/hwmon/fschmd.mod.o
  CC [M]  drivers/hwmon/ftsteutates.mod.o
  CC [M]  drivers/hwmon/g760a.mod.o
  CC [M]  drivers/hwmon/g762.mod.o
  CC [M]  drivers/hwmon/gl518sm.mod.o
  CC [M]  drivers/hwmon/gl520sm.mod.o
  CC [M]  drivers/hwmon/hih6130.mod.o
  CC [M]  drivers/hwmon/i5500_temp.mod.o
  CC [M]  drivers/hwmon/i5k_amb.mod.o
  CC [M]  drivers/hwmon/ibmaem.mod.o
  CC [M]  drivers/hwmon/ibmpex.mod.o
  CC [M]  drivers/hwmon/ina209.mod.o
  CC [M]  drivers/hwmon/ina2xx.mod.o
  CC [M]  drivers/hwmon/ina238.mod.o
  CC [M]  drivers/hwmon/ina3221.mod.o
  CC [M]  drivers/hwmon/it87.mod.o
  CC [M]  drivers/hwmon/jc42.mod.o
  CC [M]  drivers/hwmon/k8temp.mod.o
  CC [M]  drivers/hwmon/k10temp.mod.o
  CC [M]  drivers/hwmon/lineage-pem.mod.o
  CC [M]  drivers/hwmon/lm63.mod.o
  CC [M]  drivers/hwmon/lm73.mod.o
  CC [M]  drivers/hwmon/lm75.mod.o
  CC [M]  drivers/hwmon/lm77.mod.o
  CC [M]  drivers/hwmon/lm78.mod.o
  CC [M]  drivers/hwmon/lm80.mod.o
  CC [M]  drivers/hwmon/lm83.mod.o
  CC [M]  drivers/hwmon/lm85.mod.o
  CC [M]  drivers/hwmon/lm87.mod.o
  CC [M]  drivers/hwmon/lm90.mod.o
  CC [M]  drivers/hwmon/lm92.mod.o
  CC [M]  drivers/hwmon/lm93.mod.o
  CC [M]  drivers/hwmon/lm95234.mod.o
  CC [M]  drivers/hwmon/lm95241.mod.o
  CC [M]  drivers/hwmon/lm95245.mod.o
  CC [M]  drivers/hwmon/ltc2945.mod.o
  CC [M]  drivers/hwmon/ltc2947-core.mod.o
  CC [M]  drivers/hwmon/ltc2947-i2c.mod.o
  CC [M]  drivers/hwmon/ltc2990.mod.o
  CC [M]  drivers/hwmon/ltc2992.mod.o
  CC [M]  drivers/hwmon/ltc4151.mod.o
  CC [M]  drivers/hwmon/ltc4215.mod.o
  CC [M]  drivers/hwmon/ltc4222.mod.o
  CC [M]  drivers/hwmon/ltc4245.mod.o
  CC [M]  drivers/hwmon/ltc4260.mod.o
  CC [M]  drivers/hwmon/ltc4261.mod.o
  CC [M]  drivers/hwmon/max127.mod.o
  NM      System.map
  CC [M]  drivers/hwmon/max16065.mod.o
  CC [M]  drivers/hwmon/max1619.mod.o
  CC [M]  drivers/hwmon/max1668.mod.o
  CC [M]  drivers/hwmon/max197.mod.o
  CC [M]  drivers/hwmon/max31730.mod.o
  CC [M]  drivers/hwmon/max6620.mod.o
  CC [M]  drivers/hwmon/max6621.mod.o
  CC [M]  drivers/hwmon/max6639.mod.o
  CC [M]  drivers/hwmon/max6650.mod.o
  CC [M]  drivers/hwmon/max6697.mod.o
  CC [M]  drivers/hwmon/max31790.mod.o
  CC [M]  drivers/hwmon/mcp3021.mod.o
  CC [M]  drivers/hwmon/tc654.mod.o
  CC [M]  drivers/hwmon/tps23861.mod.o
  CC [M]  drivers/hwmon/mr75203.mod.o
  CC [M]  drivers/hwmon/nct6683.mod.o
  CC [M]  drivers/hwmon/nct6775-core.mod.o
  CC [M]  drivers/hwmon/nct6775.mod.o
  CC [M]  drivers/hwmon/nct7802.mod.o
  CC [M]  drivers/hwmon/nct7904.mod.o
  CC [M]  drivers/hwmon/npcm750-pwm-fan.mod.o
  CC [M]  drivers/hwmon/nzxt-kraken2.mod.o
  CC [M]  drivers/hwmon/nzxt-smart2.mod.o
  CC [M]  drivers/hwmon/pc87360.mod.o
  CC [M]  drivers/hwmon/pc87427.mod.o
  CC [M]  drivers/hwmon/pcf8591.mod.o
  CC [M]  drivers/hwmon/powr1220.mod.o
  CC [M]  drivers/hwmon/sbtsi_temp.mod.o
  CC [M]  drivers/hwmon/sch56xx-common.mod.o
  CC [M]  drivers/hwmon/sch5627.mod.o
  CC [M]  drivers/hwmon/sch5636.mod.o
  CC [M]  drivers/hwmon/sht15.mod.o
  CC [M]  drivers/hwmon/sht21.mod.o
  CC [M]  drivers/hwmon/sht3x.mod.o
  SORTTAB vmlinux.unstripped
  CC [M]  drivers/hwmon/sht4x.mod.o
  CC [M]  drivers/hwmon/shtc1.mod.o
  CC [M]  drivers/hwmon/sis5595.mod.o
  CC [M]  drivers/hwmon/smsc47b397.mod.o
  CC [M]  drivers/hwmon/smsc47m1.mod.o
  CC [M]  drivers/hwmon/smsc47m192.mod.o
  CC [M]  drivers/hwmon/stts751.mod.o
  CC [M]  drivers/hwmon/amc6821.mod.o
  CC [M]  drivers/hwmon/tc74.mod.o
  CC [M]  drivers/hwmon/thmc50.mod.o
  CC [M]  drivers/hwmon/tmp102.mod.o
  CC [M]  drivers/hwmon/tmp103.mod.o
  CC [M]  drivers/hwmon/tmp108.mod.o
  CC [M]  drivers/hwmon/tmp401.mod.o
  CC [M]  drivers/hwmon/tmp421.mod.o
  CC [M]  drivers/hwmon/tmp464.mod.o
  CC [M]  drivers/hwmon/tmp513.mod.o
  CC [M]  drivers/hwmon/via-cputemp.mod.o
  CC [M]  drivers/hwmon/via686a.mod.o
  CC [M]  drivers/hwmon/vt1211.mod.o
  CC [M]  drivers/hwmon/vt8231.mod.o
  OBJCOPY vmlinux
  GEN     modules.builtin.modinfo
  CC [M]  drivers/hwmon/w83627ehf.mod.o
  CC [M]  drivers/hwmon/w83l785ts.mod.o
  CC [M]  drivers/hwmon/w83l786ng.mod.o
  CC [M]  drivers/hwmon/xgene-hwmon.mod.o
  CC [M]  drivers/hwmon/pmbus/pmbus_core.mod.o
  CC [M]  drivers/hwmon/pmbus/pmbus.mod.o
  GEN     modules.builtin
  CC [M]  drivers/hwmon/pmbus/adm1275.mod.o
  CC [M]  drivers/hwmon/pmbus/ir35221.mod.o
  CC [M]  drivers/hwmon/pmbus/lm25066.mod.o
  CC [M]  drivers/hwmon/pmbus/ltc2978.mod.o
  CC [M]  drivers/hwmon/pmbus/ltc3815.mod.o
  CC [M]  drivers/hwmon/pmbus/max16064.mod.o
  CC [M]  drivers/hwmon/pmbus/max20751.mod.o
  CC [M]  drivers/hwmon/pmbus/max31785.mod.o
  CC [M]  drivers/hwmon/pmbus/max34440.mod.o
  CC [M]  drivers/hwmon/pmbus/max8688.mod.o
  CC [M]  drivers/hwmon/pmbus/tps40422.mod.o
  CC [M]  drivers/hwmon/pmbus/tps53679.mod.o
  CC [M]  drivers/hwmon/pmbus/ucd9000.mod.o
  CC [M]  drivers/hwmon/pmbus/ucd9200.mod.o
  CC [M]  drivers/hwmon/pmbus/zl6100.mod.o
  CC [M]  drivers/thermal/intel/intel_powerclamp.mod.o
  CC [M]  drivers/thermal/intel/x86_pkg_temp_thermal.mod.o
  CC [M]  drivers/thermal/intel/intel_soc_dts_iosf.mod.o
  CC [M]  drivers/thermal/intel/intel_soc_dts_thermal.mod.o
  CC [M]  drivers/thermal/intel/int340x_thermal/int3400_thermal.mod.o
  CC [M]  drivers/thermal/intel/int340x_thermal/int340x_thermal_zone.mod.o
  CC [M]  drivers/thermal/intel/int340x_thermal/int3402_thermal.mod.o
  CC [M]  drivers/thermal/intel/int340x_thermal/int3403_thermal.mod.o
  CC [M]  drivers/thermal/intel/int340x_thermal/processor_thermal_device.mod.o
  CC [M]  drivers/thermal/intel/int340x_thermal/int3401_thermal.mod.o
  CC      arch/x86/boot/a20.o
  CC [M]  drivers/thermal/intel/int340x_thermal/processor_thermal_device_pci_legacy.mod.o
  CC [M]  drivers/thermal/intel/int340x_thermal/processor_thermal_device_pci.mod.o
  CC [M]  drivers/thermal/intel/int340x_thermal/processor_thermal_rapl.mod.o
  AS      arch/x86/boot/bioscall.o
  CC      arch/x86/boot/cmdline.o
  AS      arch/x86/boot/copy.o
  CC [M]  drivers/thermal/intel/int340x_thermal/processor_thermal_rfim.mod.o
  HOSTCC  arch/x86/boot/mkcpustr
  CC [M]  drivers/thermal/intel/int340x_thermal/platform_temperature_control.mod.o
  CC [M]  drivers/thermal/intel/int340x_thermal/processor_thermal_mbox.mod.o
  CC      arch/x86/boot/cpuflags.o
  CC [M]  drivers/thermal/intel/int340x_thermal/processor_thermal_wt_req.mod.o
  CC      arch/x86/boot/cpucheck.o
  CC [M]  drivers/thermal/intel/int340x_thermal/processor_thermal_wt_hint.mod.o
  CC [M]  drivers/thermal/intel/int340x_thermal/processor_thermal_power_floor.mod.o
  CC      arch/x86/boot/early_serial_console.o
  CC [M]  drivers/thermal/intel/int340x_thermal/processor_thermal_soc_slider.mod.o
  CC [M]  drivers/thermal/intel/int340x_thermal/int3406_thermal.mod.o
  CC [M]  drivers/thermal/intel/int340x_thermal/acpi_thermal_rel.mod.o
  CC      arch/x86/boot/edd.o
  CC [M]  drivers/thermal/intel/intel_pch_thermal.mod.o
  CC [M]  drivers/watchdog/watchdog.mod.o
  CC [M]  drivers/md/md-mod.mod.o
  CC [M]  drivers/md/dm-mod.mod.o
  CC      arch/x86/boot/main.o
  CC [M]  drivers/md/dm-bufio.mod.o
  LDS     arch/x86/boot/compressed/vmlinux.lds
  AS      arch/x86/boot/compressed/kernel_info.o
  CC      arch/x86/boot/memory.o
  AS      arch/x86/boot/compressed/head_64.o
  CC [M]  drivers/md/dm-bio-prison.mod.o
  CC [M]  drivers/md/dm-crypt.mod.o
  VOFFSET arch/x86/boot/compressed/../voffset.h
  CC [M]  drivers/md/dm-snapshot.mod.o
  CC      arch/x86/boot/pm.o
  AS      arch/x86/boot/pmjump.o
  CC      arch/x86/boot/compressed/string.o
  CC [M]  drivers/md/persistent-data/dm-persistent-data.mod.o
  CC      arch/x86/boot/printf.o
  CC      arch/x86/boot/regs.o
  CC      arch/x86/boot/compressed/cmdline.o
  CC      arch/x86/boot/compressed/error.o
  CC [M]  drivers/md/dm-mirror.mod.o
  OBJCOPY arch/x86/boot/compressed/vmlinux.bin
  CC [M]  drivers/md/dm-log.mod.o
  HOSTCC  arch/x86/boot/compressed/mkpiggy
  CC [M]  drivers/md/dm-region-hash.mod.o
  CC [M]  drivers/md/dm-thin-pool.mod.o
  CC      arch/x86/boot/compressed/cpuflags.o
  CC      arch/x86/boot/string.o
  CC      arch/x86/boot/compressed/early_serial_console.o
  CC      arch/x86/boot/compressed/ident_map_64.o
  CC [M]  drivers/cpufreq/acpi-cpufreq.mod.o
  CC      arch/x86/boot/compressed/idt_64.o
  CC      arch/x86/boot/tty.o
  CC [M]  drivers/cpufreq/powernow-k8.mod.o
  CC [M]  drivers/cpufreq/pcc-cpufreq.mod.o
  AS      arch/x86/boot/compressed/idt_handlers_64.o
  CC      arch/x86/boot/video.o
  CC      arch/x86/boot/compressed/pgtable_64.o
  CC      arch/x86/boot/video-mode.o
  CC [M]  drivers/cpufreq/amd_freq_sensitivity.mod.o
  CC [M]  drivers/ufs/core/ufshcd-core.mod.o
  CC      arch/x86/boot/version.o
  CC [M]  drivers/ufs/host/tc-dwc-g210-pci.mod.o
  CC      arch/x86/boot/compressed/acpi.o
  CC      arch/x86/boot/video-vga.o
  CC      arch/x86/boot/video-vesa.o
  CC [M]  drivers/ufs/host/ufshcd-dwc.mod.o
  CC      arch/x86/boot/compressed/efi.o
  CC      arch/x86/boot/video-bios.o
  CC      arch/x86/boot/compressed/misc.o
  CPUSTR  arch/x86/boot/cpustr.h
  CC [M]  drivers/ufs/host/tc-dwc-g210.mod.o
  CC [M]  drivers/ufs/host/cdns-pltfrm.mod.o
  CC      arch/x86/boot/cpu.o
  CC [M]  drivers/ufs/host/ufshcd-pci.mod.o
  LZMA    arch/x86/boot/compressed/vmlinux.bin.lzma
  CC [M]  drivers/ufs/host/ufshcd-pltfrm.mod.o
  CC [M]  drivers/firmware/qcom/qcom-scm.mod.o
  CC [M]  drivers/firmware/qcom/qcom_tzmem.mod.o
  CC [M]  drivers/crypto/ccp/ccp.mod.o
  CC [M]  drivers/crypto/intel/qat/qat_common/intel_qat.mod.o
  CC [M]  drivers/crypto/intel/qat/qat_dh895xcc/qat_dh895xcc.mod.o
  CC [M]  drivers/crypto/intel/qat/qat_c3xxx/qat_c3xxx.mod.o
  CC [M]  drivers/crypto/intel/qat/qat_c62x/qat_c62x.mod.o
  CC [M]  drivers/crypto/intel/qat/qat_dh895xccvf/qat_dh895xccvf.mod.o
  CC [M]  drivers/crypto/intel/qat/qat_c3xxxvf/qat_c3xxxvf.mod.o
  CC [M]  drivers/crypto/intel/qat/qat_c62xvf/qat_c62xvf.mod.o
  CC [M]  drivers/crypto/chelsio/chcr.mod.o
  CC [M]  drivers/crypto/padlock-aes.mod.o
  CC [M]  drivers/crypto/padlock-sha.mod.o
  CC [M]  drivers/crypto/virtio/virtio_crypto.mod.o
  CC [M]  drivers/hid/uhid.mod.o
  CC [M]  drivers/hid/hid-apple.mod.o
  CC [M]  drivers/hid/amd-sfh-hid/amd_sfh.mod.o
  CC [M]  drivers/platform/x86/intel/wmi/intel-wmi-thunderbolt.mod.o
  CC [M]  drivers/platform/x86/wmi-bmof.mod.o
  CC [M]  drivers/platform/x86/mxm-wmi.mod.o
  CC [M]  drivers/platform/x86/gigabyte-wmi.mod.o
  CC [M]  drivers/platform/wmi/wmi.mod.o
  CC [M]  drivers/powercap/intel_rapl_common.mod.o
  CC [M]  drivers/powercap/intel_rapl_msr.mod.o
  CC [M]  drivers/accel/amdxdna/amdxdna.mod.o
  CC [M]  drivers/accel/habanalabs/habanalabs.mod.o
  CC [M]  drivers/accel/ivpu/intel_vpu.mod.o
  CC [M]  drivers/accel/qaic/qaic.mod.o
  CC [M]  drivers/vfio/vfio.mod.o
  CC [M]  drivers/vfio/vfio_iommu_type1.mod.o
  CC [M]  drivers/vfio/pci/vfio-pci-core.mod.o
  CC [M]  drivers/vfio/pci/vfio-pci.mod.o
  CC [M]  drivers/vfio/mdev/mdev.mod.o
  CC [M]  drivers/bluetooth/hci_vhci.mod.o
  CC [M]  drivers/bluetooth/hci_uart.mod.o
  CC [M]  drivers/bluetooth/bcm203x.mod.o
  CC [M]  drivers/bluetooth/bpa10x.mod.o
  CC [M]  drivers/bluetooth/btusb.mod.o
  CC [M]  drivers/bluetooth/btintel.mod.o
  CC [M]  drivers/bluetooth/ath3k.mod.o
  CC [M]  drivers/bluetooth/btmrvl.mod.o
  CC [M]  drivers/bluetooth/btbcm.mod.o
  CC [M]  drivers/bluetooth/btrtl.mod.o
  CC [M]  drivers/edac/edac_core.mod.o
  CC [M]  drivers/edac/edac_mce_amd.mod.o
  CC [M]  drivers/edac/i5100_edac.mod.o
  CC [M]  drivers/edac/i5400_edac.mod.o
  CC [M]  drivers/edac/i7300_edac.mod.o
  CC [M]  drivers/edac/i7core_edac.mod.o
  CC [M]  drivers/edac/sb_edac.mod.o
  CC [M]  drivers/edac/pnd2_edac.mod.o
  CC [M]  drivers/edac/igen6_edac.mod.o
  CC [M]  drivers/edac/e752x_edac.mod.o
  CC [M]  drivers/edac/i82975x_edac.mod.o
  CC [M]  drivers/edac/i3000_edac.mod.o
  CC [M]  drivers/edac/i3200_edac.mod.o
  CC [M]  drivers/edac/ie31200_edac.mod.o
  CC [M]  drivers/edac/x38_edac.mod.o
  CC [M]  drivers/edac/amd64_edac.mod.o
  CC [M]  drivers/edac/skx_edac.mod.o
  CC [M]  drivers/edac/skx_edac_common.mod.o
  CC [M]  drivers/edac/i10nm_edac.mod.o
  CC [M]  drivers/bcma/bcma.mod.o
  CC [M]  drivers/vhost/vhost_net.mod.o
  CC [M]  drivers/vhost/vhost.mod.o
  CC [M]  drivers/vhost/vhost_iotlb.mod.o
  CC [M]  drivers/thunderbolt/thunderbolt.mod.o
  CC [M]  sound/soundcore.mod.o
  CC [M]  sound/core/oss/snd-pcm-oss.mod.o
  CC [M]  sound/core/snd.mod.o
  CC [M]  sound/core/snd-timer.mod.o
  CC [M]  sound/core/snd-hrtimer.mod.o
  CC [M]  sound/core/snd-pcm.mod.o
  CC [M]  net/core/failover.mod.o
  CC [M]  net/802/psnap.mod.o
  CC [M]  net/802/stp.mod.o
  CC [M]  net/802/garp.mod.o
  CC [M]  net/802/mrp.mod.o
  CC [M]  net/sched/act_police.mod.o
  CC [M]  net/sched/act_gact.mod.o
  CC [M]  net/sched/act_bpf.mod.o
  CC [M]  net/sched/sch_ingress.mod.o
  CC [M]  net/sched/sch_sfq.mod.o
  CC [M]  net/sched/sch_fq_codel.mod.o
  CC [M]  net/sched/cls_cgroup.mod.o
  CC [M]  net/sched/cls_bpf.mod.o
  CC [M]  net/sched/em_ipset.mod.o
  CC [M]  net/netlink/netlink_diag.mod.o
  CC [M]  net/netfilter/nfnetlink.mod.o
  CC [M]  net/netfilter/nfnetlink_acct.mod.o
  CC [M]  net/netfilter/nfnetlink_queue.mod.o
  CC [M]  net/netfilter/nfnetlink_log.mod.o
  CC [M]  net/netfilter/nfnetlink_osf.mod.o
  CC [M]  net/netfilter/nfnetlink_hook.mod.o
  CC [M]  net/netfilter/nf_conntrack.mod.o
  CC [M]  net/netfilter/nf_conntrack_netlink.mod.o
  CC [M]  net/netfilter/nfnetlink_cttimeout.mod.o
  CC [M]  net/netfilter/nfnetlink_cthelper.mod.o
  CC [M]  net/netfilter/nf_conntrack_amanda.mod.o
  CC [M]  net/netfilter/nf_conntrack_ftp.mod.o
  CC [M]  net/netfilter/nf_conntrack_h323.mod.o
  CC [M]  net/netfilter/nf_conntrack_irc.mod.o
  CC [M]  net/netfilter/nf_conntrack_broadcast.mod.o
  CC [M]  net/netfilter/nf_conntrack_netbios_ns.mod.o
  CC [M]  net/netfilter/nf_conntrack_snmp.mod.o
  CC [M]  net/netfilter/nf_conntrack_pptp.mod.o
  CC [M]  net/netfilter/nf_conntrack_sane.mod.o
  CC [M]  net/netfilter/nf_conntrack_sip.mod.o
  CC [M]  net/netfilter/nf_conntrack_tftp.mod.o
  CC [M]  net/netfilter/nf_log_syslog.mod.o
  CC [M]  net/netfilter/nf_nat.mod.o
  CC [M]  net/netfilter/nf_nat_amanda.mod.o
  CC [M]  net/netfilter/nf_nat_ftp.mod.o
  CC [M]  net/netfilter/nf_nat_irc.mod.o
  CC [M]  net/netfilter/nf_nat_sip.mod.o
  CC [M]  net/netfilter/nf_nat_tftp.mod.o
  CC [M]  net/netfilter/nf_synproxy_core.mod.o
  CC [M]  net/netfilter/nf_conncount.mod.o
  CC [M]  net/netfilter/nf_dup_netdev.mod.o
  CC [M]  net/netfilter/nf_tables.mod.o
  CC [M]  net/netfilter/nft_compat.mod.o
  CC [M]  net/netfilter/nft_connlimit.mod.o
  CC [M]  net/netfilter/nft_numgen.mod.o
  CC [M]  net/netfilter/nft_ct.mod.o
  CC [M]  net/netfilter/nft_flow_offload.mod.o
  CC [M]  net/netfilter/nft_limit.mod.o
  CC [M]  net/netfilter/nft_nat.mod.o
  CC [M]  net/netfilter/nft_queue.mod.o
  CC [M]  net/netfilter/nft_quota.mod.o
  CC [M]  net/netfilter/nft_reject.mod.o
  CC [M]  net/netfilter/nft_reject_inet.mod.o
  CC [M]  net/netfilter/nft_tunnel.mod.o
  CC [M]  net/netfilter/nft_log.mod.o
  CC [M]  net/netfilter/nft_masq.mod.o
  CC [M]  net/netfilter/nft_redir.mod.o
  CC [M]  net/netfilter/nft_hash.mod.o
  CC [M]  net/netfilter/nft_fib.mod.o
  CC [M]  net/netfilter/nft_fib_inet.mod.o
  CC [M]  net/netfilter/nft_fib_netdev.mod.o
  CC [M]  net/netfilter/nft_socket.mod.o
  CC [M]  net/netfilter/nft_osf.mod.o
  CC [M]  net/netfilter/nft_tproxy.mod.o
  CC [M]  net/netfilter/nft_xfrm.mod.o
  CC [M]  net/netfilter/nft_synproxy.mod.o
  CC [M]  net/netfilter/nft_chain_nat.mod.o
  CC [M]  net/netfilter/nft_dup_netdev.mod.o
  CC [M]  net/netfilter/nft_fwd_netdev.mod.o
  CC [M]  net/netfilter/nf_flow_table.mod.o
  CC [M]  net/netfilter/nf_flow_table_inet.mod.o
  CC [M]  net/netfilter/x_tables.mod.o
  CC [M]  net/netfilter/xt_tcpudp.mod.o
  CC [M]  net/netfilter/xt_mark.mod.o
  CC [M]  net/netfilter/xt_connmark.mod.o
  CC [M]  net/netfilter/xt_set.mod.o
  CC [M]  net/netfilter/xt_nat.mod.o
  CC [M]  net/netfilter/xt_CHECKSUM.mod.o
  CC [M]  net/netfilter/xt_CLASSIFY.mod.o
  CC [M]  net/netfilter/xt_CT.mod.o
  CC [M]  net/netfilter/xt_DSCP.mod.o
  CC [M]  net/netfilter/xt_HL.mod.o
  CC [M]  net/netfilter/xt_HMARK.mod.o
  CC [M]  net/netfilter/xt_LOG.mod.o
  CC [M]  net/netfilter/xt_NETMAP.mod.o
  CC [M]  net/netfilter/xt_NFLOG.mod.o
  CC [M]  net/netfilter/xt_NFQUEUE.mod.o
  CC [M]  net/netfilter/xt_RATEEST.mod.o
  CC [M]  net/netfilter/xt_REDIRECT.mod.o
  CC [M]  net/netfilter/xt_MASQUERADE.mod.o
  CC [M]  net/netfilter/xt_TPROXY.mod.o
  CC [M]  net/netfilter/xt_TCPMSS.mod.o
  CC [M]  net/netfilter/xt_TCPOPTSTRIP.mod.o
  CC [M]  net/netfilter/xt_TEE.mod.o
  CC [M]  net/netfilter/xt_IDLETIMER.mod.o
  CC [M]  net/netfilter/xt_addrtype.mod.o
  CC [M]  net/netfilter/xt_bpf.mod.o
  CC [M]  net/netfilter/xt_cluster.mod.o
  CC [M]  net/netfilter/xt_comment.mod.o
  CC [M]  net/netfilter/xt_connbytes.mod.o
  CC [M]  net/netfilter/xt_connlabel.mod.o
  CC [M]  net/netfilter/xt_connlimit.mod.o
  CC [M]  net/netfilter/xt_conntrack.mod.o
  CC [M]  net/netfilter/xt_cpu.mod.o
  CC [M]  net/netfilter/xt_dccp.mod.o
  CC [M]  net/netfilter/xt_devgroup.mod.o
  CC [M]  net/netfilter/xt_dscp.mod.o
  CC [M]  net/netfilter/xt_ecn.mod.o
  CC [M]  net/netfilter/xt_esp.mod.o
  CC [M]  net/netfilter/xt_hashlimit.mod.o
  CC [M]  net/netfilter/xt_helper.mod.o
  CC [M]  net/netfilter/xt_hl.mod.o
  CC [M]  net/netfilter/xt_ipcomp.mod.o
  CC [M]  net/netfilter/xt_iprange.mod.o
  CC [M]  net/netfilter/xt_ipvs.mod.o
  CC [M]  net/netfilter/xt_l2tp.mod.o
  CC [M]  net/netfilter/xt_length.mod.o
  CC [M]  net/netfilter/xt_limit.mod.o
  CC [M]  net/netfilter/xt_mac.mod.o
  CC [M]  net/netfilter/xt_multiport.mod.o
  CC [M]  net/netfilter/xt_nfacct.mod.o
  CC [M]  net/netfilter/xt_osf.mod.o
  CC [M]  net/netfilter/xt_owner.mod.o
  CC [M]  net/netfilter/xt_cgroup.mod.o
  CC [M]  net/netfilter/xt_physdev.mod.o
  CC [M]  net/netfilter/xt_pkttype.mod.o
  CC [M]  net/netfilter/xt_policy.mod.o
  CC [M]  net/netfilter/xt_quota.mod.o
  CC [M]  net/netfilter/xt_rateest.mod.o
  CC [M]  net/netfilter/xt_realm.mod.o
  CC [M]  net/netfilter/xt_recent.mod.o
  CC [M]  net/netfilter/xt_sctp.mod.o
  CC [M]  net/netfilter/xt_socket.mod.o
  CC [M]  net/netfilter/xt_state.mod.o
  CC [M]  net/netfilter/xt_statistic.mod.o
  CC [M]  net/netfilter/xt_string.mod.o
  CC [M]  net/netfilter/xt_tcpmss.mod.o
  CC [M]  net/netfilter/xt_time.mod.o
  CC [M]  net/netfilter/xt_u32.mod.o
  CC [M]  net/netfilter/ipset/ip_set.mod.o
  CC [M]  net/netfilter/ipset/ip_set_bitmap_ip.mod.o
  CC [M]  net/netfilter/ipset/ip_set_bitmap_ipmac.mod.o
  CC [M]  net/netfilter/ipset/ip_set_bitmap_port.mod.o
  CC [M]  net/netfilter/ipset/ip_set_hash_ip.mod.o
  CC [M]  net/netfilter/ipset/ip_set_hash_ipmac.mod.o
  CC [M]  net/netfilter/ipset/ip_set_hash_ipmark.mod.o
  CC [M]  net/netfilter/ipset/ip_set_hash_ipport.mod.o
  CC [M]  net/netfilter/ipset/ip_set_hash_ipportip.mod.o
  CC [M]  net/netfilter/ipset/ip_set_hash_ipportnet.mod.o
  CC [M]  net/netfilter/ipset/ip_set_hash_mac.mod.o
  CC [M]  net/netfilter/ipset/ip_set_hash_net.mod.o
  CC [M]  net/netfilter/ipset/ip_set_hash_netport.mod.o
  CC [M]  net/netfilter/ipset/ip_set_hash_netiface.mod.o
  CC [M]  net/netfilter/ipset/ip_set_hash_netnet.mod.o
  CC [M]  net/netfilter/ipset/ip_set_hash_netportnet.mod.o
  CC [M]  net/netfilter/ipset/ip_set_list_set.mod.o
  CC [M]  net/netfilter/ipvs/ip_vs.mod.o
  CC [M]  net/netfilter/ipvs/ip_vs_rr.mod.o
  CC [M]  net/netfilter/ipvs/ip_vs_wrr.mod.o
  CC [M]  net/netfilter/ipvs/ip_vs_lc.mod.o
  CC [M]  net/netfilter/ipvs/ip_vs_wlc.mod.o
  CC [M]  net/netfilter/ipvs/ip_vs_fo.mod.o
  CC [M]  net/netfilter/ipvs/ip_vs_ovf.mod.o
  CC [M]  net/netfilter/ipvs/ip_vs_lblc.mod.o
  CC [M]  net/netfilter/ipvs/ip_vs_lblcr.mod.o
  CC [M]  net/netfilter/ipvs/ip_vs_dh.mod.o
  CC [M]  net/netfilter/ipvs/ip_vs_sh.mod.o
  CC [M]  net/netfilter/ipvs/ip_vs_mh.mod.o
  CC [M]  net/netfilter/ipvs/ip_vs_sed.mod.o
  CC [M]  net/netfilter/ipvs/ip_vs_nq.mod.o
  CC [M]  net/netfilter/ipvs/ip_vs_ftp.mod.o
  CC [M]  net/netfilter/ipvs/ip_vs_pe_sip.mod.o
  CC [M]  net/ipv4/netfilter/nf_defrag_ipv4.mod.o
  CC [M]  net/ipv4/netfilter/nf_socket_ipv4.mod.o
  CC [M]  net/ipv4/netfilter/nf_tproxy_ipv4.mod.o
  CC [M]  net/ipv4/netfilter/nf_reject_ipv4.mod.o
  CC [M]  net/ipv4/netfilter/nf_nat_h323.mod.o
  CC [M]  net/ipv4/netfilter/nf_nat_pptp.mod.o
  CC [M]  net/ipv4/netfilter/nf_nat_snmp_basic.mod.o
  CC [M]  net/ipv4/netfilter/nft_reject_ipv4.mod.o
  CC [M]  net/ipv4/netfilter/nft_fib_ipv4.mod.o
  CC [M]  net/ipv4/netfilter/nft_dup_ipv4.mod.o
  CC [M]  net/ipv4/netfilter/ip_tables.mod.o
  CC [M]  net/ipv4/netfilter/iptable_filter.mod.o
  CC [M]  net/ipv4/netfilter/iptable_mangle.mod.o
  CC [M]  net/ipv4/netfilter/iptable_nat.mod.o
  CC [M]  net/ipv4/netfilter/iptable_raw.mod.o
  CC [M]  net/ipv4/netfilter/ipt_ah.mod.o
  CC [M]  net/ipv4/netfilter/ipt_rpfilter.mod.o
  CC [M]  net/ipv4/netfilter/ipt_ECN.mod.o
  CC [M]  net/ipv4/netfilter/ipt_REJECT.mod.o
  CC [M]  net/ipv4/netfilter/ipt_SYNPROXY.mod.o
  CC [M]  net/ipv4/netfilter/arpt_mangle.mod.o
  CC [M]  net/ipv4/netfilter/nf_dup_ipv4.mod.o
  CC [M]  net/ipv4/gre.mod.o
  CC [M]  net/ipv4/ip_gre.mod.o
  CC [M]  net/ipv4/udp_tunnel.mod.o
  CC [M]  net/ipv4/ip_vti.mod.o
  CC [M]  net/ipv4/ah4.mod.o
  CC [M]  net/ipv4/esp4.mod.o
  CC [M]  net/ipv4/ipcomp.mod.o
  CC [M]  net/ipv4/xfrm4_tunnel.mod.o
  CC [M]  net/ipv4/inet_diag.mod.o
  CC [M]  net/ipv4/tcp_diag.mod.o
  CC [M]  net/ipv4/udp_diag.mod.o
  CC [M]  net/ipv4/raw_diag.mod.o
  CC [M]  net/ipv4/tcp_bic.mod.o
  CC [M]  net/ipv4/tcp_cubic.mod.o
  CC [M]  net/ipv4/tcp_westwood.mod.o
  CC [M]  net/ipv4/tcp_highspeed.mod.o
  CC [M]  net/ipv4/tcp_hybla.mod.o
  CC [M]  net/ipv4/tcp_htcp.mod.o
  CC [M]  net/ipv4/tcp_vegas.mod.o
  CC [M]  net/ipv4/tcp_veno.mod.o
  CC [M]  net/ipv4/tcp_scalable.mod.o
  CC [M]  net/ipv4/tcp_lp.mod.o
  CC [M]  net/ipv4/tcp_yeah.mod.o
  CC [M]  net/ipv4/tcp_illinois.mod.o
  CC [M]  net/xfrm/xfrm_algo.mod.o
  CC [M]  net/xfrm/xfrm_user.mod.o
  CC [M]  net/xfrm/xfrm_ipcomp.mod.o
  CC [M]  net/unix/unix_diag.mod.o
  CC [M]  net/ipv6/netfilter/ip6_tables.mod.o
  CC [M]  net/ipv6/netfilter/ip6table_filter.mod.o
  CC [M]  net/ipv6/netfilter/ip6table_mangle.mod.o
  CC [M]  net/ipv6/netfilter/ip6table_raw.mod.o
  CC [M]  net/ipv6/netfilter/ip6table_nat.mod.o
  CC [M]  net/ipv6/netfilter/nf_defrag_ipv6.mod.o
  CC [M]  net/ipv6/netfilter/nf_socket_ipv6.mod.o
  CC [M]  net/ipv6/netfilter/nf_tproxy_ipv6.mod.o
  CC [M]  net/ipv6/netfilter/nf_reject_ipv6.mod.o
  CC [M]  net/ipv6/netfilter/nf_dup_ipv6.mod.o
  CC [M]  net/ipv6/netfilter/nft_reject_ipv6.mod.o
  CC [M]  net/ipv6/netfilter/nft_dup_ipv6.mod.o
  CC [M]  net/ipv6/netfilter/nft_fib_ipv6.mod.o
  CC [M]  net/ipv6/netfilter/ip6t_ah.mod.o
  CC [M]  net/ipv6/netfilter/ip6t_eui64.mod.o
  CC [M]  net/ipv6/netfilter/ip6t_frag.mod.o
  CC [M]  net/ipv6/netfilter/ip6t_ipv6header.mod.o
  CC [M]  net/ipv6/netfilter/ip6t_mh.mod.o
  CC [M]  net/ipv6/netfilter/ip6t_hbh.mod.o
  CC [M]  net/ipv6/netfilter/ip6t_rpfilter.mod.o
  CC [M]  net/ipv6/netfilter/ip6t_rt.mod.o
  CC [M]  net/ipv6/netfilter/ip6t_srh.mod.o
  CC [M]  net/ipv6/netfilter/ip6t_NPT.mod.o
  CC [M]  net/ipv6/netfilter/ip6t_REJECT.mod.o
  CC [M]  net/ipv6/netfilter/ip6t_SYNPROXY.mod.o
  CC [M]  net/ipv6/ah6.mod.o
  CC [M]  net/ipv6/esp6.mod.o
  CC [M]  net/ipv6/esp6_offload.mod.o
  CC [M]  net/ipv6/ipcomp6.mod.o
  CC [M]  net/ipv6/xfrm6_tunnel.mod.o
  CC [M]  net/ipv6/tunnel6.mod.o
  CC [M]  net/ipv6/mip6.mod.o
  CC [M]  net/ipv6/ila/ila.mod.o
  CC [M]  net/ipv6/ip6_vti.mod.o
  CC [M]  net/ipv6/sit.mod.o
  CC [M]  net/ipv6/ip6_tunnel.mod.o
  CC [M]  net/ipv6/ip6_gre.mod.o
  CC [M]  net/ipv6/ip6_udp_tunnel.mod.o
  CC [M]  net/8021q/8021q.mod.o
  CC [M]  net/wireless/cfg80211.mod.o
  CC [M]  net/9p/9pnet_virtio.mod.o
  CC [M]  net/mpls/mpls_gso.mod.o
  CC [M]  net/llc/llc.mod.o
  CC [M]  net/tls/tls.mod.o
  CC [M]  net/packet/af_packet.mod.o
  CC [M]  net/packet/af_packet_diag.mod.o
  CC [M]  net/key/af_key.mod.o
  CC [M]  net/bridge/netfilter/nft_meta_bridge.mod.o
  CC [M]  net/bridge/netfilter/nft_reject_bridge.mod.o
  CC [M]  net/bridge/netfilter/nf_conntrack_bridge.mod.o
  CC [M]  net/bridge/netfilter/ebt_802_3.mod.o
  CC [M]  net/bridge/netfilter/ebt_among.mod.o
  CC [M]  net/bridge/netfilter/ebt_arp.mod.o
  CC [M]  net/bridge/netfilter/ebt_ip.mod.o
  CC [M]  net/bridge/netfilter/ebt_ip6.mod.o
  CC [M]  net/bridge/netfilter/ebt_limit.mod.o
  CC [M]  net/bridge/netfilter/ebt_mark_m.mod.o
  CC [M]  net/bridge/netfilter/ebt_pkttype.mod.o
  CC [M]  net/bridge/netfilter/ebt_stp.mod.o
  CC [M]  net/bridge/netfilter/ebt_vlan.mod.o
  CC [M]  net/bridge/netfilter/ebt_arpreply.mod.o
  CC [M]  net/bridge/netfilter/ebt_mark.mod.o
  CC [M]  net/bridge/netfilter/ebt_dnat.mod.o
  CC [M]  net/bridge/netfilter/ebt_redirect.mod.o
  CC [M]  net/bridge/netfilter/ebt_snat.mod.o
  CC [M]  net/bridge/netfilter/ebt_log.mod.o
  CC [M]  net/bridge/netfilter/ebt_nflog.mod.o
  CC [M]  net/bridge/bridge.mod.o
  CC [M]  net/bridge/br_netfilter.mod.o
  CC [M]  net/can/can.mod.o
  CC [M]  net/can/can-raw.mod.o
  CC [M]  net/can/can-bcm.mod.o
  CC [M]  net/can/can-gw.mod.o
  CC [M]  net/can/j1939/can-j1939.mod.o
  CC [M]  net/can/can-isotp.mod.o
  CC [M]  net/bluetooth/bluetooth.mod.o
  CC [M]  net/bluetooth/rfcomm/rfcomm.mod.o
  CC [M]  net/bluetooth/bnep/bnep.mod.o
  CC [M]  net/bluetooth/hidp/hidp.mod.o
  CC [M]  net/sunrpc/sunrpc.mod.o
  CC [M]  net/sunrpc/auth_gss/auth_rpcgss.mod.o
  CC [M]  net/sunrpc/auth_gss/rpcsec_gss_krb5.mod.o
  CC [M]  net/mac80211/mac80211.mod.o
  CC [M]  net/rfkill/rfkill.mod.o
  CC [M]  net/rfkill/rfkill-gpio.mod.o
  CC [M]  net/dns_resolver/dns_resolver.mod.o
  CC [M]  net/openvswitch/openvswitch.mod.o
  CC [M]  net/openvswitch/vport-vxlan.mod.o
  CC [M]  net/openvswitch/vport-gre.mod.o
  CC [M]  net/vmw_vsock/vsock.mod.o
  CC [M]  net/vmw_vsock/vsock_diag.mod.o
  CC [M]  net/vmw_vsock/vmw_vsock_virtio_transport.mod.o
  CC [M]  net/vmw_vsock/vmw_vsock_virtio_transport_common.mod.o
  CC [M]  net/vmw_vsock/vsock_loopback.mod.o
  CC [M]  net/nsh/nsh.mod.o
  CC [M]  net/qrtr/qrtr.mod.o
  CC [M]  net/qrtr/qrtr-mhi.mod.o
  CC [M]  virt/lib/irqbypass.mod.o
  LD [M]  arch/x86/events/amd/power.ko
  LD [M]  arch/x86/events/intel/intel-uncore.ko
  LD [M]  arch/x86/events/intel/intel-cstate.ko
  LD [M]  arch/x86/events/rapl.ko
  LD [M]  arch/x86/crypto/twofish-x86_64.ko
  LD [M]  arch/x86/crypto/twofish-x86_64-3way.ko
  LD [M]  arch/x86/crypto/twofish-avx-x86_64.ko
  LD [M]  arch/x86/crypto/serpent-sse2-x86_64.ko
  LD [M]  arch/x86/crypto/serpent-avx-x86_64.ko
  LD [M]  arch/x86/crypto/serpent-avx2.ko
  LD [M]  arch/x86/crypto/camellia-x86_64.ko
  LD [M]  arch/x86/crypto/camellia-aesni-avx-x86_64.ko
  LD [M]  arch/x86/crypto/camellia-aesni-avx2.ko
  LD [M]  arch/x86/crypto/blowfish-x86_64.ko
  LD [M]  arch/x86/crypto/cast5-avx-x86_64.ko
  LD [M]  arch/x86/crypto/cast6-avx-x86_64.ko
  LD [M]  arch/x86/crypto/aesni-intel.ko
  LD [M]  arch/x86/kvm/kvm.ko
  LD [M]  arch/x86/kvm/kvm-intel.ko
  LD [M]  arch/x86/kvm/kvm-amd.ko
  LD [M]  kernel/kheaders.ko
  LD [M]  fs/quota/quota_v2.ko
  LD [M]  fs/nfs_common/grace.ko
  LD [M]  fs/quota/quota_tree.ko
  LD [M]  fs/nls/nls_ucs2_utils.ko
  LD [M]  fs/fuse/virtiofs.ko
  LD [M]  fs/binfmt_misc.ko
  LD [M]  fs/mbcache.ko
  LD [M]  fs/ext4/ext4.ko
  LD [M]  fs/jbd2/jbd2.ko
  LD [M]  fs/exfat/exfat.ko
  LD [M]  fs/hfsplus/hfsplus.ko
  LD [M]  fs/nfs/nfs.ko
  LD [M]  fs/nfs/nfsv2.ko
  LD [M]  fs/nfs/nfsv3.ko
  LD [M]  fs/nfs/nfsv4.ko
  LD [M]  fs/nfs/filelayout/nfs_layout_nfsv41_files.ko
  LD [M]  fs/nfs/blocklayout/blocklayoutdriver.ko
  LD [M]  fs/nfs/flexfilelayout/nfs_layout_flexfiles.ko
  LD [M]  fs/nfsd/nfsd.ko
  LD [M]  fs/lockd/lockd.ko
  LD [M]  fs/smb/common/cifs_md4.ko
  LD [M]  fs/smb/client/cifs.ko
  LD [M]  fs/ntfs3/ntfs3.ko
  LD [M]  fs/9p/9p.ko
  LD [M]  fs/f2fs/f2fs.ko
  LD [M]  crypto/crypto_engine.ko
  LD [M]  crypto/kpp.ko
  LD [M]  crypto/dh_generic.ko
  LD [M]  crypto/crypto_user.ko
  LD [M]  crypto/cmac.ko
  LD [M]  crypto/xcbc.ko
  LD [M]  crypto/md4.ko
  LD [M]  crypto/rmd160.ko
  LD [M]  crypto/wp512.ko
  LD [M]  crypto/pcbc.ko
  LD [M]  crypto/cts.ko
  LD [M]  crypto/lrw.ko
  LD [M]  crypto/xts.ko
  LD [M]  crypto/xctr.ko
  LD [M]  crypto/hctr2.ko
  LD [M]  crypto/ccm.ko
  LD [M]  crypto/chacha20poly1305.ko
  LD [M]  crypto/pcrypt.ko
  LD [M]  crypto/cryptd.ko
  LD [M]  crypto/fcrypt.ko
  LD [M]  crypto/blowfish_generic.ko
  LD [M]  crypto/blowfish_common.ko
  LD [M]  crypto/twofish_generic.ko
  LD [M]  crypto/twofish_common.ko
  LD [M]  crypto/camellia_generic.ko
  LD [M]  crypto/serpent_generic.ko
  LD [M]  crypto/cast_common.ko
  LD [M]  crypto/cast5_generic.ko
  LD [M]  crypto/cast6_generic.ko
  LD [M]  crypto/arc4.ko
  LD [M]  crypto/tea.ko
  LD [M]  crypto/khazad.ko
  LD [M]  crypto/anubis.ko
  LD [M]  crypto/seed.ko
  LD [M]  crypto/chacha.ko
  LD [M]  crypto/crc32-cryptoapi.ko
  LD [M]  crypto/lzo.ko
  LD [M]  crypto/lzo-rle.ko
  LD [M]  crypto/lz4.ko
  LD [M]  crypto/lz4hc.ko
  LD [M]  crypto/842.ko
  LD [M]  crypto/af_alg.ko
  LD [M]  crypto/algif_hash.ko
  LD [M]  crypto/algif_skcipher.ko
  LD [M]  crypto/algif_rng.ko
  LD [M]  crypto/algif_aead.ko
  LD [M]  crypto/zstd.ko
  LD [M]  crypto/ecc.ko
  LD [M]  crypto/essiv.ko
  LD [M]  crypto/ecdh_generic.ko
  LD [M]  lib/math/cordic.ko
  LD [M]  lib/crc/crc8.ko
  LD [M]  lib/crc/crc16.ko
  LD [M]  lib/crc/crc-ccitt.ko
  LD [M]  lib/crypto/libaescfb.ko
  LD [M]  lib/crypto/libarc4.ko
  LD [M]  lib/crypto/gf128mul.ko
  LD [M]  lib/crypto/libchacha.ko
  LD [M]  lib/crypto/libchacha20poly1305.ko
  LD [M]  lib/crypto/libcurve25519.ko
  LD [M]  lib/crypto/libpoly1305.ko
  LD [M]  lib/ts_kmp.ko
  LD [M]  lib/ts_bm.ko
  LD [M]  lib/ts_fsm.ko
  LD [M]  lib/parman.ko
  LD [M]  lib/objagg.ko
  LD [M]  drivers/bus/mhi/host/mhi.ko
  LD [M]  drivers/leds/trigger/ledtrig-oneshot.ko
  LD [M]  drivers/leds/trigger/ledtrig-netdev.ko
  LD [M]  drivers/leds/led-class.ko
  LD [M]  drivers/video/backlight/lcd.ko
  LD [M]  drivers/video/backlight/backlight.ko
  LD [M]  drivers/char/ipmi/ipmi_devintf.ko
  LD [M]  drivers/char/ipmi/ipmi_si.ko
  LD [M]  drivers/char/ipmi/ipmi_ssif.ko
  LD [M]  drivers/char/ipmi/ipmi_watchdog.ko
  LD [M]  drivers/char/ipmi/ipmi_poweroff.ko
  LD [M]  drivers/acpi/dptf/dptf_power.ko
  LD [M]  drivers/acpi/dptf/dptf_pch_fivr.ko
  LD [M]  drivers/acpi/acpi_ipmi.ko
  LD [M]  drivers/acpi/ac.ko
  LD [M]  drivers/acpi/button.ko
  LD [M]  drivers/acpi/fan.ko
  LD [M]  drivers/acpi/video.ko
  LD [M]  drivers/acpi/acpi_tad.ko
  LD [M]  drivers/acpi/thermal.ko
  LD [M]  drivers/acpi/battery.ko
  LD [M]  drivers/acpi/acpi_pad.ko
  LD [M]  drivers/acpi/acpi_configfs.ko
  LD [M]  drivers/soc/qcom/mdt_loader.ko
  LD [M]  drivers/soc/qcom/qmi_helpers.ko
  LD [M]  drivers/virtio/virtio_dma_buf.ko
  LD [M]  drivers/char/hw_random/virtio-rng.ko
  LD [M]  drivers/char/agp/agpgart.ko
  LD [M]  drivers/char/agp/amd64-agp.ko
  LD [M]  drivers/char/agp/intel-agp.ko
  LD [M]  drivers/char/agp/intel-gtt.ko
  LD [M]  drivers/char/virtio_console.ko
  LD [M]  drivers/char/tpm/tpm.ko
  LD [M]  drivers/char/tpm/tpm_tis_core.ko
  LD [M]  drivers/char/tpm/tpm_tis.ko
  LD [M]  drivers/char/tpm/tpm_tis_i2c_cr50.ko
  LD [M]  drivers/char/tpm/tpm_i2c_atmel.ko
  LD [M]  drivers/char/tpm/tpm_i2c_infineon.ko
  LD [M]  drivers/char/tpm/tpm_i2c_nuvoton.ko
  LD [M]  drivers/char/tpm/tpm_nsc.ko
  LD [M]  drivers/char/tpm/tpm_atmel.ko
  LD [M]  drivers/char/tpm/tpm_infineon.ko
  LD [M]  drivers/char/tpm/st33zp24/tpm_st33zp24.ko
  LD [M]  drivers/char/tpm/st33zp24/tpm_st33zp24_i2c.ko
  LD [M]  drivers/char/tpm/tpm_crb.ko
  LD [M]  drivers/char/tpm/tpm_vtpm_proxy.ko
  LD [M]  drivers/iommu/virtio-iommu.ko
  LD [M]  drivers/gpu/drm/clients/drm_client_lib.ko
  LD [M]  drivers/gpu/drm/display/drm_display_helper.ko
  LD [M]  drivers/gpu/drm/drm.ko
  LD [M]  drivers/gpu/drm/drm_panel_backlight_quirks.ko
  LD [M]  drivers/gpu/drm/drm_exec.ko
  LD [M]  drivers/gpu/drm/drm_gpuvm.ko
  LD [M]  drivers/gpu/drm/drm_gpusvm_helper.ko
  LD [M]  drivers/gpu/drm/drm_buddy.ko
  LD [M]  drivers/gpu/drm/drm_shmem_helper.ko
  LD [M]  drivers/gpu/drm/drm_suballoc_helper.ko
  LD [M]  drivers/gpu/drm/drm_ttm_helper.ko
  LD [M]  drivers/gpu/drm/drm_kms_helper.ko
  LD [M]  drivers/gpu/drm/ttm/ttm.ko
  LD [M]  drivers/gpu/drm/scheduler/gpu-sched.ko
  LD [M]  drivers/gpu/drm/radeon/radeon.ko
  LD [M]  drivers/gpu/drm/amd/amdgpu/amdgpu.ko
  LD [M]  drivers/gpu/drm/amd/amdxcp/amdxcp.ko
  LD [M]  drivers/gpu/drm/i915/i915.ko
  LD [M]  drivers/gpu/drm/i915/kvmgt.ko
  LD [M]  drivers/gpu/drm/xe/xe.ko
  LD [M]  drivers/gpu/drm/mgag200/mgag200.ko
  LD [M]  drivers/gpu/drm/nouveau/ch7006.ko
  LD [M]  drivers/gpu/drm/nouveau/sil164.ko
  LD [M]  drivers/gpu/drm/nouveau/nouveau.ko
  LD [M]  drivers/gpu/drm/udl/udl.ko
  LD [M]  drivers/gpu/drm/ast/ast.ko
  LD [M]  drivers/gpu/drm/qxl/qxl.ko
  LD [M]  drivers/gpu/drm/virtio/virtio-gpu.ko
  LD [M]  drivers/base/regmap/regmap-i2c.ko
  LD [M]  drivers/base/regmap/regmap-mmio.ko
  LD [M]  drivers/block/nbd.ko
  LD [M]  drivers/misc/cardreader/rtsx_pci.ko
  LD [M]  drivers/misc/cardreader/rtsx_usb.ko
  LD [M]  drivers/misc/mei/mei.ko
  LD [M]  drivers/misc/enclosure.ko
  LD [M]  drivers/misc/mei/mei-me.ko
  LD [M]  drivers/misc/mei/mei-gsc.ko
  LD [M]  drivers/misc/mei/hdcp/mei_hdcp.ko
  LD [M]  drivers/misc/mei/pxp/mei_pxp.ko
  LD [M]  drivers/misc/mei/gsc_proxy/mei_gsc_proxy.ko
  LD [M]  drivers/mfd/mfd-core.ko
  LD [M]  drivers/cxl/core/cxl_core.ko
  LD [M]  drivers/cxl/cxl_port.ko
  LD [M]  drivers/cxl/cxl_acpi.ko
  LD [M]  drivers/cxl/cxl_mem.ko
  LD [M]  drivers/cxl/cxl_pci.ko
  LD [M]  drivers/scsi/scsi_transport_spi.ko
  LD [M]  drivers/scsi/scsi_transport_fc.ko
  LD [M]  drivers/scsi/scsi_transport_iscsi.ko
  LD [M]  drivers/scsi/libiscsi.ko
  LD [M]  drivers/scsi/libiscsi_tcp.ko
  LD [M]  drivers/scsi/iscsi_tcp.ko
  LD [M]  drivers/scsi/arcmsr/arcmsr.ko
  LD [M]  drivers/scsi/aic7xxx/aic79xx.ko
  LD [M]  drivers/scsi/aacraid/aacraid.ko
  LD [M]  drivers/scsi/pm8001/pm80xx.ko
  LD [M]  drivers/scsi/isci/isci.ko
  LD [M]  drivers/scsi/qla2xxx/qla2xxx.ko
  LD [M]  drivers/scsi/lpfc/lpfc.ko
  LD [M]  drivers/scsi/hpsa.ko
  LD [M]  drivers/scsi/megaraid/megaraid_sas.ko
  LD [M]  drivers/scsi/mpi3mr/mpi3mr.ko
  LD [M]  drivers/scsi/3w-xxxx.ko
  LD [M]  drivers/scsi/3w-9xxx.ko
  LD [M]  drivers/scsi/3w-sas.ko
  LD [M]  drivers/scsi/hptiop.ko
  LD [M]  drivers/scsi/stex.ko
  LD [M]  drivers/scsi/vmw_pvscsi.ko
  LD [M]  drivers/scsi/st.ko
  LD [M]  drivers/scsi/sr_mod.ko
  LD [M]  drivers/scsi/ses.ko
  LD [M]  drivers/ata/sata_sil24.ko
  LD [M]  drivers/ata/sata_inic162x.ko
  LD [M]  drivers/ata/ata_piix.ko
  LD [M]  drivers/ata/sata_mv.ko
  LD [M]  drivers/ata/sata_nv.ko
  LD [M]  drivers/ata/sata_promise.ko
  LD [M]  drivers/ata/sata_sis.ko
  LD [M]  drivers/ata/sata_sil.ko
  LD [M]  drivers/ata/sata_svw.ko
  LD [M]  drivers/ata/sata_uli.ko
  LD [M]  drivers/ata/sata_via.ko
  LD [M]  drivers/ata/pata_amd.ko
  LD [M]  drivers/ata/pata_atiixp.ko
  LD [M]  drivers/ata/pata_jmicron.ko
  LD [M]  drivers/ata/pata_marvell.ko
  LD [M]  drivers/ata/pata_oldpiix.ko
  LD [M]  drivers/ata/pata_pdc2027x.ko
  LD [M]  drivers/ata/pata_pdc202xx_old.ko
  LD [M]  drivers/ata/pata_sil680.ko
  LD [M]  drivers/ata/pata_sis.ko
  LD [M]  drivers/ata/pata_via.ko
  LD [M]  drivers/target/target_core_iblock.ko
  LD [M]  drivers/target/target_core_file.ko
  LD [M]  drivers/target/target_core_pscsi.ko
  LD [M]  drivers/target/target_core_user.ko
  LD [M]  drivers/target/loopback/tcm_loop.ko
  LD [M]  drivers/target/iscsi/iscsi_target_mod.ko
  LD [M]  drivers/target/iscsi/cxgbit/cxgbit.ko
  LD [M]  drivers/net/phy/phylink.ko
  LD [M]  drivers/net/phy/phy_package.ko
  LD [M]  drivers/net/phy/aquantia/aquantia.ko
  LD [M]  drivers/net/phy/ax88796b.ko
  LD [M]  drivers/net/phy/bcm-phy-lib.ko
  LD [M]  drivers/net/phy/broadcom.ko
  LD [M]  drivers/net/phy/marvell10g.ko
  LD [M]  drivers/net/phy/marvell.ko
  LD [M]  drivers/net/phy/realtek/realtek.ko
  LD [M]  drivers/net/ethernet/amd/xgbe/amd-xgbe.ko
  LD [M]  drivers/net/ethernet/aquantia/atlantic/atlantic.ko
  LD [M]  drivers/net/ethernet/atheros/atlx/atl1.ko
  LD [M]  drivers/net/ethernet/atheros/atl1e/atl1e.ko
  LD [M]  drivers/net/ethernet/atheros/atl1c/atl1c.ko
  LD [M]  drivers/net/ethernet/atheros/alx/alx.ko
  LD [M]  drivers/net/ethernet/broadcom/b44.ko
  LD [M]  drivers/net/ethernet/broadcom/bnx2.ko
  LD [M]  drivers/net/ethernet/broadcom/cnic.ko
  LD [M]  drivers/net/ethernet/broadcom/bnx2x/bnx2x.ko
  LD [M]  drivers/net/ethernet/broadcom/tg3.ko
  LD [M]  drivers/net/ethernet/broadcom/bnxt/bnxt_en.ko
  LD [M]  drivers/net/ethernet/brocade/bna/bna.ko
  LD [M]  drivers/net/ethernet/cavium/liquidio/liquidio-core.ko
  LD [M]  drivers/net/ethernet/cavium/liquidio/liquidio.ko
  LD [M]  drivers/net/ethernet/cavium/liquidio/liquidio_vf.ko
  LD [M]  drivers/net/ethernet/chelsio/cxgb/cxgb.ko
  LD [M]  drivers/net/ethernet/chelsio/cxgb3/cxgb3.ko
  LD [M]  drivers/net/ethernet/chelsio/cxgb4/cxgb4.ko
  LD [M]  drivers/net/ethernet/chelsio/cxgb4vf/cxgb4vf.ko
  LD [M]  drivers/net/ethernet/chelsio/libcxgb/libcxgb.ko
  LD [M]  drivers/net/ethernet/cisco/enic/enic.ko
  LD [M]  drivers/net/ethernet/dlink/dl2k.ko
  LD [M]  drivers/net/ethernet/emulex/benet/be2net.ko
  LD [M]  drivers/net/ethernet/intel/libie/libie.ko
  LD [M]  drivers/net/ethernet/intel/libie/libie_adminq.ko
  LD [M]  drivers/net/ethernet/intel/libie/libie_fwlog.ko
  LD [M]  drivers/net/ethernet/intel/libeth/libeth.ko
  LD [M]  drivers/net/ethernet/intel/libeth/libeth_xdp.ko
  LD [M]  drivers/net/ethernet/intel/e100.ko
  LD [M]  drivers/net/ethernet/intel/e1000/e1000.ko
  LD [M]  drivers/net/ethernet/intel/e1000e/e1000e.ko
  LD [M]  drivers/net/ethernet/intel/igb/igb.ko
  LD [M]  drivers/net/ethernet/intel/igc/igc.ko
  LD [M]  drivers/net/ethernet/intel/igbvf/igbvf.ko
  LD [M]  drivers/net/ethernet/intel/ixgbe/ixgbe.ko
  LD [M]  drivers/net/ethernet/intel/ixgbevf/ixgbevf.ko
  LD [M]  drivers/net/ethernet/intel/i40e/i40e.ko
  LD [M]  drivers/net/ethernet/intel/iavf/iavf.ko
  LD [M]  drivers/net/ethernet/intel/fm10k/fm10k.ko
  LD [M]  drivers/net/ethernet/intel/ice/ice.ko
  LD [M]  drivers/net/ethernet/marvell/skge.ko
  LD [M]  drivers/net/ethernet/marvell/sky2.ko
  LD [M]  drivers/net/ethernet/mellanox/mlx4/mlx4_core.ko
  LD [M]  drivers/net/ethernet/mellanox/mlx4/mlx4_en.ko
  LD [M]  drivers/net/ethernet/mellanox/mlx5/core/mlx5_core.ko
  LD [M]  drivers/net/ethernet/mellanox/mlxsw/mlxsw_core.ko
  LD [M]  drivers/net/ethernet/mellanox/mlxsw/mlxsw_pci.ko
  LD [M]  drivers/net/ethernet/mellanox/mlxsw/mlxsw_i2c.ko
  LD [M]  drivers/net/ethernet/mellanox/mlxsw/mlxsw_spectrum.ko
  LD [M]  drivers/net/ethernet/mellanox/mlxsw/mlxsw_minimal.ko
  LD [M]  drivers/net/ethernet/mellanox/mlxfw/mlxfw.ko
  LD [M]  drivers/net/ethernet/myricom/myri10ge/myri10ge.ko
  LD [M]  drivers/net/ethernet/nvidia/forcedeth.ko
  LD [M]  drivers/net/ethernet/qlogic/qla3xxx.ko
  LD [M]  drivers/net/ethernet/qlogic/qlcnic/qlcnic.ko
  LD [M]  drivers/net/ethernet/qlogic/netxen/netxen_nic.ko
  LD [M]  drivers/net/ethernet/qlogic/qed/qed.ko
  LD [M]  drivers/net/ethernet/qlogic/qede/qede.ko
  LD [M]  drivers/net/ethernet/realtek/8139too.ko
  LD [M]  drivers/net/ethernet/realtek/r8169.ko
  LD [M]  drivers/net/ethernet/sis/sis190.ko
  LD [M]  drivers/net/ethernet/sis/sis900.ko
  LD [M]  drivers/net/ethernet/sfc/sfc.ko
  LD [M]  drivers/net/ethernet/sfc/siena/sfc-siena.ko
  LD [M]  drivers/net/ethernet/sfc/falcon/sfc-falcon.ko
  LD [M]  drivers/net/ethernet/sun/niu.ko
  LD [M]  drivers/net/ethernet/tehuti/tehuti.ko
  LD [M]  drivers/net/ethernet/tehuti/tn40xx.ko
  LD [M]  drivers/net/ethernet/via/via-rhine.ko
  LD [M]  drivers/net/ethernet/via/via-velocity.ko
  LD [M]  drivers/net/ethernet/jme.ko
  LD [M]  drivers/net/wireless/ath/ath5k/ath5k.ko
  LD [M]  drivers/net/wireless/ath/ath9k/ath9k.ko
  LD [M]  drivers/net/wireless/ath/ath9k/ath9k_hw.ko
  LD [M]  drivers/net/wireless/ath/ath9k/ath9k_common.ko
  LD [M]  drivers/net/wireless/ath/ath9k/ath9k_htc.ko
  LD [M]  drivers/net/wireless/ath/ath9k/ath9k_pci_owl_loader.ko
  LD [M]  drivers/net/wireless/ath/carl9170/carl9170.ko
  LD [M]  drivers/net/wireless/ath/ath6kl/ath6kl_core.ko
  LD [M]  drivers/net/wireless/ath/ath6kl/ath6kl_usb.ko
  LD [M]  drivers/net/wireless/ath/ar5523/ar5523.ko
  LD [M]  drivers/net/wireless/ath/ath10k/ath10k_core.ko
  LD [M]  drivers/net/wireless/ath/ath10k/ath10k_pci.ko
  LD [M]  drivers/net/wireless/ath/ath10k/ath10k_sdio.ko
  LD [M]  drivers/net/wireless/ath/ath10k/ath10k_usb.ko
  LD [M]  drivers/net/wireless/ath/wcn36xx/wcn36xx.ko
  LD [M]  drivers/net/wireless/ath/ath11k/ath11k.ko
  LD [M]  drivers/net/wireless/ath/ath11k/ath11k_ahb.ko
  LD [M]  drivers/net/wireless/ath/ath11k/ath11k_pci.ko
  LD [M]  drivers/net/wireless/ath/ath12k/ath12k.ko
  LD [M]  drivers/net/wireless/ath/ath12k/wifi7/ath12k_wifi7.ko
  LD [M]  drivers/net/wireless/ath/ath.ko
  LD [M]  drivers/net/wireless/broadcom/b43/b43.ko
  LD [M]  drivers/net/wireless/broadcom/b43legacy/b43legacy.ko
  LD [M]  drivers/net/wireless/broadcom/brcm80211/brcmutil/brcmutil.ko
  LD [M]  drivers/net/wireless/broadcom/brcm80211/brcmfmac/brcmfmac.ko
  LD [M]  drivers/net/wireless/broadcom/brcm80211/brcmfmac/wcc/brcmfmac-wcc.ko
  LD [M]  drivers/net/wireless/broadcom/brcm80211/brcmfmac/cyw/brcmfmac-cyw.ko
  LD [M]  drivers/net/wireless/broadcom/brcm80211/brcmfmac/bca/brcmfmac-bca.ko
  LD [M]  drivers/net/wireless/broadcom/brcm80211/brcmsmac/brcmsmac.ko
  LD [M]  drivers/net/wireless/intel/ipw2x00/ipw2100.ko
  LD [M]  drivers/net/wireless/intel/ipw2x00/ipw2200.ko
  LD [M]  drivers/net/wireless/intel/ipw2x00/libipw.ko
  LD [M]  drivers/net/wireless/intel/iwlegacy/iwlegacy.ko
  LD [M]  drivers/net/wireless/intel/iwlegacy/iwl4965.ko
  LD [M]  drivers/net/wireless/intel/iwlegacy/iwl3945.ko
  LD [M]  drivers/net/wireless/intel/iwlwifi/iwlwifi.ko
  LD [M]  drivers/net/wireless/intel/iwlwifi/dvm/iwldvm.ko
  LD [M]  drivers/net/wireless/intel/iwlwifi/mvm/iwlmvm.ko
  LD [M]  drivers/net/wireless/intel/iwlwifi/mld/iwlmld.ko
  LD [M]  drivers/net/wireless/marvell/libertas/libertas.ko
  LD [M]  drivers/net/wireless/marvell/libertas/usb8xxx.ko
  LD [M]  drivers/net/wireless/marvell/libertas/libertas_sdio.ko
  LD [M]  drivers/net/wireless/marvell/libertas_tf/libertas_tf.ko
  LD [M]  drivers/net/wireless/marvell/libertas_tf/libertas_tf_usb.ko
  LD [M]  drivers/net/wireless/marvell/mwifiex/mwifiex.ko
  LD [M]  drivers/net/wireless/marvell/mwifiex/mwifiex_sdio.ko
  LD [M]  drivers/net/wireless/marvell/mwifiex/mwifiex_pcie.ko
  LD [M]  drivers/net/wireless/marvell/mwifiex/mwifiex_usb.ko
  LD [M]  drivers/net/wireless/marvell/mwl8k.ko
  LD [M]  drivers/net/wireless/mediatek/mt7601u/mt7601u.ko
  LD [M]  drivers/net/wireless/mediatek/mt76/mt76.ko
  LD [M]  drivers/net/wireless/mediatek/mt76/mt76-usb.ko
  LD [M]  drivers/net/wireless/mediatek/mt76/mt76-sdio.ko
  LD [M]  drivers/net/wireless/mediatek/mt76/mt76x02-lib.ko
  LD [M]  drivers/net/wireless/mediatek/mt76/mt76x02-usb.ko
  LD [M]  drivers/net/wireless/mediatek/mt76/mt76-connac-lib.ko
  LD [M]  drivers/net/wireless/mediatek/mt76/mt792x-lib.ko
  LD [M]  drivers/net/wireless/mediatek/mt76/mt792x-usb.ko
  LD [M]  drivers/net/wireless/mediatek/mt76/mt76x0/mt76x0u.ko
  LD [M]  drivers/net/wireless/mediatek/mt76/mt76x0/mt76x0e.ko
  LD [M]  drivers/net/wireless/mediatek/mt76/mt76x0/mt76x0-common.ko
  LD [M]  drivers/net/wireless/mediatek/mt76/mt76x2/mt76x2-common.ko
  LD [M]  drivers/net/wireless/mediatek/mt76/mt76x2/mt76x2e.ko
  LD [M]  drivers/net/wireless/mediatek/mt76/mt76x2/mt76x2u.ko
  LD [M]  drivers/net/wireless/mediatek/mt76/mt7603/mt7603e.ko
  LD [M]  drivers/net/wireless/mediatek/mt76/mt7615/mt7615-common.ko
  LD [M]  drivers/net/wireless/mediatek/mt76/mt7615/mt7615e.ko
  LD [M]  drivers/net/wireless/mediatek/mt76/mt7615/mt7663-usb-sdio-common.ko
  LD [M]  drivers/net/wireless/mediatek/mt76/mt7615/mt7663u.ko
  LD [M]  drivers/net/wireless/mediatek/mt76/mt7615/mt7663s.ko
  LD [M]  drivers/net/wireless/mediatek/mt76/mt7915/mt7915e.ko
  LD [M]  drivers/net/wireless/mediatek/mt76/mt7921/mt7921-common.ko
  LD [M]  drivers/net/wireless/mediatek/mt76/mt7921/mt7921e.ko
  LD [M]  drivers/net/wireless/mediatek/mt76/mt7921/mt7921s.ko
  LD [M]  drivers/net/wireless/mediatek/mt76/mt7921/mt7921u.ko
  LD [M]  drivers/net/wireless/mediatek/mt76/mt7996/mt7996e.ko
  LD [M]  drivers/net/wireless/mediatek/mt76/mt7925/mt7925-common.ko
  LD [M]  drivers/net/wireless/mediatek/mt76/mt7925/mt7925e.ko
  LD [M]  drivers/net/wireless/mediatek/mt76/mt7925/mt7925u.ko
  LD [M]  drivers/net/wireless/realtek/rtl818x/rtl8180/rtl818x_pci.ko
  LD [M]  drivers/net/wireless/realtek/rtl818x/rtl8187/rtl8187.ko
  LD [M]  drivers/net/wireless/realtek/rtlwifi/rtlwifi.ko
  LD [M]  drivers/net/wireless/realtek/rtlwifi/rtl_pci.ko
  LD [M]  drivers/net/wireless/realtek/rtlwifi/rtl_usb.ko
  LD [M]  drivers/net/wireless/realtek/rtlwifi/rtl8192c/rtl8192c-common.ko
  LD [M]  drivers/net/wireless/realtek/rtlwifi/rtl8192ce/rtl8192ce.ko
  LD [M]  drivers/net/wireless/realtek/rtlwifi/rtl8192cu/rtl8192cu.ko
  LD [M]  drivers/net/wireless/realtek/rtlwifi/rtl8192se/rtl8192se.ko
  LD [M]  drivers/net/wireless/realtek/rtlwifi/rtl8192d/rtl8192d-common.ko
  LD [M]  drivers/net/wireless/realtek/rtlwifi/rtl8192de/rtl8192de.ko
  LD [M]  drivers/net/wireless/realtek/rtlwifi/rtl8192du/rtl8192du.ko
  LD [M]  drivers/net/wireless/realtek/rtlwifi/rtl8723ae/rtl8723ae.ko
  LD [M]  drivers/net/wireless/realtek/rtlwifi/rtl8723be/rtl8723be.ko
  LD [M]  drivers/net/wireless/realtek/rtlwifi/rtl8188ee/rtl8188ee.ko
  LD [M]  drivers/net/wireless/realtek/rtlwifi/btcoexist/btcoexist.ko
  LD [M]  drivers/net/wireless/realtek/rtlwifi/rtl8723com/rtl8723-common.ko
  LD [M]  drivers/net/wireless/realtek/rtlwifi/rtl8821ae/rtl8821ae.ko
  LD [M]  drivers/net/wireless/realtek/rtlwifi/rtl8192ee/rtl8192ee.ko
  LD [M]  drivers/net/wireless/realtek/rtl8xxxu/rtl8xxxu.ko
  LD [M]  drivers/net/wireless/realtek/rtw88/rtw88_core.ko
  LD [M]  drivers/net/wireless/realtek/rtw88/rtw88_8822b.ko
  LD [M]  drivers/net/wireless/realtek/rtw88/rtw88_8822be.ko
  LD [M]  drivers/net/wireless/realtek/rtw88/rtw88_8822bu.ko
  LD [M]  drivers/net/wireless/realtek/rtw88/rtw88_8822c.ko
  LD [M]  drivers/net/wireless/realtek/rtw88/rtw88_8822ce.ko
  LD [M]  drivers/net/wireless/realtek/rtw88/rtw88_8822cu.ko
  LD [M]  drivers/net/wireless/realtek/rtw88/rtw88_8723x.ko
  LD [M]  drivers/net/wireless/realtek/rtw88/rtw88_8723d.ko
  LD [M]  drivers/net/wireless/realtek/rtw88/rtw88_8723de.ko
  LD [M]  drivers/net/wireless/realtek/rtw88/rtw88_8723du.ko
  LD [M]  drivers/net/wireless/realtek/rtw88/rtw88_8821c.ko
  LD [M]  drivers/net/wireless/realtek/rtw88/rtw88_8821ce.ko
  LD [M]  drivers/net/wireless/realtek/rtw88/rtw88_8821cu.ko
  LD [M]  drivers/net/wireless/realtek/rtw88/rtw88_pci.ko
  LD [M]  drivers/net/wireless/realtek/rtw88/rtw88_usb.ko
  LD [M]  drivers/net/wireless/realtek/rtw89/rtw89_core.ko
  LD [M]  drivers/net/wireless/realtek/rtw89/rtw89_8851b.ko
  LD [M]  drivers/net/wireless/realtek/rtw89/rtw89_8851be.ko
  LD [M]  drivers/net/wireless/realtek/rtw89/rtw89_8852a.ko
  LD [M]  drivers/net/wireless/realtek/rtw89/rtw89_8852ae.ko
  LD [M]  drivers/net/wireless/realtek/rtw89/rtw89_8852b_common.ko
  LD [M]  drivers/net/wireless/realtek/rtw89/rtw89_8852b.ko
  LD [M]  drivers/net/wireless/realtek/rtw89/rtw89_8852be.ko
  LD [M]  drivers/net/wireless/realtek/rtw89/rtw89_8852bt.ko
  LD [M]  drivers/net/wireless/realtek/rtw89/rtw89_8852bte.ko
  LD [M]  drivers/net/wireless/realtek/rtw89/rtw89_8852c.ko
  LD [M]  drivers/net/wireless/realtek/rtw89/rtw89_8852ce.ko
  LD [M]  drivers/net/wireless/realtek/rtw89/rtw89_8922a.ko
  LD [M]  drivers/net/wireless/realtek/rtw89/rtw89_8922ae.ko
  LD [M]  drivers/net/wireless/realtek/rtw89/rtw89_pci.ko
  LD [M]  drivers/net/bonding/bonding.ko
  LD [M]  drivers/net/ipvlan/ipvlan.ko
  LD [M]  drivers/net/ipvlan/ipvtap.ko
  LD [M]  drivers/net/dummy.ko
  LD [M]  drivers/net/wireguard/wireguard.ko
  LD [M]  drivers/net/macvlan.ko
  LD [M]  drivers/net/macvtap.ko
  LD [M]  drivers/net/mii.ko
  LD [M]  drivers/net/mdio.ko
  LD [M]  drivers/net/tun.ko
  LD [M]  drivers/net/tap.ko
  LD [M]  drivers/net/veth.ko
  LD [M]  drivers/net/virtio_net.ko
  LD [M]  drivers/net/vxlan/vxlan.ko
  LD [M]  drivers/net/can/dev/can-dev.ko
  LD [M]  drivers/net/can/usb/gs_usb.ko
  LD [M]  drivers/net/ppp/ppp_generic.ko
  LD [M]  drivers/net/ppp/ppp_async.ko
  LD [M]  drivers/net/ppp/bsd_comp.ko
  LD [M]  drivers/net/ppp/ppp_deflate.ko
  LD [M]  drivers/net/ppp/ppp_mppe.ko
  LD [M]  drivers/net/ppp/ppp_synctty.ko
  LD [M]  drivers/net/ppp/pppox.ko
  LD [M]  drivers/net/ppp/pppoe.ko
  LD [M]  drivers/net/ppp/pptp.ko
  LD [M]  drivers/net/slip/slhc.ko
  LD [M]  drivers/net/wwan/wwan.ko
  LD [M]  drivers/net/vmxnet3/vmxnet3.ko
  LD [M]  drivers/net/usb/r8152.ko
  LD [M]  drivers/net/usb/asix.ko
  LD [M]  drivers/net/usb/ax88179_178a.ko
  LD [M]  drivers/net/usb/cdc_ether.ko
  LD [M]  drivers/net/usb/cdc_eem.ko
  LD [M]  drivers/net/usb/usbnet.ko
  LD [M]  drivers/net/usb/cdc_ncm.ko
  LD [M]  drivers/net/usb/aqc111.ko
  LD [M]  drivers/net/usb/r8153_ecm.ko
  LD [M]  drivers/net/thunderbolt/thunderbolt_net.ko
  LD [M]  drivers/net/net_failover.ko
  LD [M]  drivers/message/fusion/mptbase.ko
  LD [M]  drivers/message/fusion/mptscsih.ko
  LD [M]  drivers/message/fusion/mptspi.ko
  LD [M]  drivers/message/fusion/mptfc.ko
  LD [M]  drivers/message/fusion/mptsas.ko
  LD [M]  drivers/message/fusion/mptctl.ko
  LD [M]  drivers/firewire/firewire-core.ko
  LD [M]  drivers/firewire/firewire-ohci.ko
  LD [M]  drivers/firewire/firewire-sbp2.ko
  LD [M]  drivers/firewire/firewire-net.ko
  LD [M]  drivers/cdrom/cdrom.ko
  LD [M]  drivers/usb/class/cdc-acm.ko
  LD [M]  drivers/usb/class/usblp.ko
  LD [M]  drivers/usb/serial/usbserial.ko
  LD [M]  drivers/usb/serial/ch341.ko
  LD [M]  drivers/usb/serial/cp210x.ko
  LD [M]  drivers/usb/serial/ftdi_sio.ko
  LD [M]  drivers/usb/serial/option.ko
  LD [M]  drivers/usb/serial/pl2303.ko
  LD [M]  drivers/usb/serial/usb-serial-simple.ko
  LD [M]  drivers/usb/serial/usb_wwan.ko
  LD [M]  drivers/usb/serial/xr_serial.ko
  LD [M]  drivers/usb/usbip/usbip-core.ko
  LD [M]  drivers/usb/usbip/vhci-hcd.ko
  LD [M]  drivers/usb/usbip/usbip-host.ko
  LD [M]  drivers/input/joystick/xpad.ko
  LD [M]  drivers/input/misc/uinput.ko
  LD [M]  drivers/input/input-leds.ko
  LD [M]  drivers/input/joydev.ko
  LD [M]  drivers/i2c/algos/i2c-algo-bit.ko
  LD [M]  drivers/i2c/busses/i2c-i801.ko
  LD [M]  drivers/i2c/busses/i2c-piix4.ko
  LD [M]  drivers/i2c/i2c-core.ko
  LD [M]  drivers/i2c/i2c-smbus.ko
  LD [M]  drivers/i2c/i2c-dev.ko
  LD [M]  drivers/i2c/i2c-mux.ko
  LD [M]  drivers/media/i2c/ir-kbd-i2c.ko
  LD [M]  drivers/media/tuners/mc44s803.ko
  LD [M]  drivers/media/tuners/mt20xx.ko
  LD [M]  drivers/media/tuners/tuner-simple.ko
  LD [M]  drivers/media/tuners/tuner-types.ko
  LD [M]  drivers/media/tuners/tda18271.ko
  LD [M]  drivers/media/tuners/tda827x.ko
  LD [M]  drivers/media/tuners/tda8290.ko
  LD [M]  drivers/media/tuners/tda9887.ko
  LD [M]  drivers/media/tuners/xc2028.ko
  LD [M]  drivers/media/tuners/xc4000.ko
  LD [M]  drivers/media/tuners/xc5000.ko
  LD [M]  drivers/media/rc/rc-core.ko
  LD [M]  drivers/media/common/videobuf2/videobuf2-common.ko
  LD [M]  drivers/media/common/videobuf2/videobuf2-dma-contig.ko
  LD [M]  drivers/media/common/videobuf2/videobuf2-memops.ko
  LD [M]  drivers/media/common/videobuf2/videobuf2-v4l2.ko
  LD [M]  drivers/media/pci/tw5864/tw5864.ko
  LD [M]  drivers/media/mc/mc.ko
  LD [M]  drivers/media/v4l2-core/v4l2-async.ko
  LD [M]  drivers/media/v4l2-core/v4l2-fwnode.ko
  LD [M]  drivers/media/v4l2-core/v4l2-dv-timings.ko
  LD [M]  drivers/media/v4l2-core/videodev.ko
  LD [M]  drivers/media/dvb-core/dvb-core.ko
  LD [M]  drivers/media/cec/core/cec.ko
  LD [M]  drivers/ptp/ptp_kvm.ko
  LD [M]  drivers/ptp/ptp_vmclock.ko
  LD [M]  drivers/hwmon/hwmon-vid.ko
  LD [M]  drivers/hwmon/acpi_power_meter.ko
  LD [M]  drivers/hwmon/asus_atk0110.ko
  LD [M]  drivers/hwmon/asus-ec-sensors.ko
  LD [M]  drivers/hwmon/asus_wmi_sensors.ko
  LD [M]  drivers/hwmon/asb100.ko
  LD [M]  drivers/hwmon/w83627hf.ko
  LD [M]  drivers/hwmon/w83773g.ko
  LD [M]  drivers/hwmon/w83792d.ko
  LD [M]  drivers/hwmon/w83793.ko
  LD [M]  drivers/hwmon/w83795.ko
  LD [M]  drivers/hwmon/w83781d.ko
  LD [M]  drivers/hwmon/w83791d.ko
  LD [M]  drivers/hwmon/abituguru.ko
  LD [M]  drivers/hwmon/abituguru3.ko
  LD [M]  drivers/hwmon/ad7414.ko
  LD [M]  drivers/hwmon/ad7418.ko
  LD [M]  drivers/hwmon/adc128d818.ko
  LD [M]  drivers/hwmon/adm1025.ko
  LD [M]  drivers/hwmon/adm1026.ko
  LD [M]  drivers/hwmon/adm1029.ko
  LD [M]  drivers/hwmon/adm1031.ko
  LD [M]  drivers/hwmon/adm1177.ko
  LD [M]  drivers/hwmon/adm9240.ko
  LD [M]  drivers/hwmon/ads7828.ko
  LD [M]  drivers/hwmon/adt7x10.ko
  LD [M]  drivers/hwmon/adt7410.ko
  LD [M]  drivers/hwmon/adt7411.ko
  LD [M]  drivers/hwmon/adt7462.ko
  LD [M]  drivers/hwmon/adt7470.ko
  LD [M]  drivers/hwmon/adt7475.ko
  LD [M]  drivers/hwmon/aht10.ko
  LD [M]  drivers/hwmon/applesmc.ko
  LD [M]  drivers/hwmon/aquacomputer_d5next.ko
  LD [M]  drivers/hwmon/as370-hwmon.ko
  LD [M]  drivers/hwmon/asc7621.ko
  LD [M]  drivers/hwmon/atxp1.ko
  LD [M]  drivers/hwmon/axi-fan-control.ko
  LD [M]  drivers/hwmon/coretemp.ko
  LD [M]  drivers/hwmon/corsair-cpro.ko
  LD [M]  drivers/hwmon/corsair-psu.ko
  LD [M]  drivers/hwmon/dell-smm-hwmon.ko
  LD [M]  drivers/hwmon/dme1737.ko
  LD [M]  drivers/hwmon/drivetemp.ko
  LD [M]  drivers/hwmon/ds620.ko
  LD [M]  drivers/hwmon/ds1621.ko
  LD [M]  drivers/hwmon/emc1403.ko
  LD [M]  drivers/hwmon/emc2103.ko
  LD [M]  drivers/hwmon/emc6w201.ko
  LD [M]  drivers/hwmon/f71805f.ko
  LD [M]  drivers/hwmon/f71882fg.ko
  LD [M]  drivers/hwmon/f75375s.ko
  LD [M]  drivers/hwmon/fam15h_power.ko
  LD [M]  drivers/hwmon/fschmd.ko
  LD [M]  drivers/hwmon/ftsteutates.ko
  LD [M]  drivers/hwmon/g760a.ko
  LD [M]  drivers/hwmon/g762.ko
  LD [M]  drivers/hwmon/gl518sm.ko
  LD [M]  drivers/hwmon/gl520sm.ko
  LD [M]  drivers/hwmon/hih6130.ko
  LD [M]  drivers/hwmon/i5500_temp.ko
  LD [M]  drivers/hwmon/i5k_amb.ko
  LD [M]  drivers/hwmon/ibmaem.ko
  LD [M]  drivers/hwmon/ibmpex.ko
  LD [M]  drivers/hwmon/ina209.ko
  LD [M]  drivers/hwmon/ina2xx.ko
  LD [M]  drivers/hwmon/ina238.ko
  LD [M]  drivers/hwmon/ina3221.ko
  LD [M]  drivers/hwmon/it87.ko
  LD [M]  drivers/hwmon/jc42.ko
  LD [M]  drivers/hwmon/k8temp.ko
  LD [M]  drivers/hwmon/k10temp.ko
  LD [M]  drivers/hwmon/lineage-pem.ko
  LD [M]  drivers/hwmon/lm63.ko
  LD [M]  drivers/hwmon/lm73.ko
  LD [M]  drivers/hwmon/lm75.ko
  LD [M]  drivers/hwmon/lm77.ko
  LD [M]  drivers/hwmon/lm78.ko
  LD [M]  drivers/hwmon/lm80.ko
  LD [M]  drivers/hwmon/lm83.ko
  LD [M]  drivers/hwmon/lm85.ko
  LD [M]  drivers/hwmon/lm87.ko
  LD [M]  drivers/hwmon/lm90.ko
  LD [M]  drivers/hwmon/lm92.ko
  LD [M]  drivers/hwmon/lm93.ko
  LD [M]  drivers/hwmon/lm95234.ko
  LD [M]  drivers/hwmon/lm95241.ko
  LD [M]  drivers/hwmon/lm95245.ko
  LD [M]  drivers/hwmon/ltc2945.ko
  LD [M]  drivers/hwmon/ltc2947-core.ko
  LD [M]  drivers/hwmon/ltc2947-i2c.ko
  LD [M]  drivers/hwmon/ltc2990.ko
  LD [M]  drivers/hwmon/ltc2992.ko
  LD [M]  drivers/hwmon/ltc4151.ko
  LD [M]  drivers/hwmon/ltc4215.ko
  LD [M]  drivers/hwmon/ltc4222.ko
  LD [M]  drivers/hwmon/ltc4245.ko
  LD [M]  drivers/hwmon/ltc4260.ko
  LD [M]  drivers/hwmon/ltc4261.ko
  LD [M]  drivers/hwmon/max127.ko
  LD [M]  drivers/hwmon/max16065.ko
  LD [M]  drivers/hwmon/max1619.ko
  LD [M]  drivers/hwmon/max1668.ko
  LD [M]  drivers/hwmon/max197.ko
  LD [M]  drivers/hwmon/max31730.ko
  LD [M]  drivers/hwmon/max6620.ko
  LD [M]  drivers/hwmon/max6621.ko
  LD [M]  drivers/hwmon/max6639.ko
  LD [M]  drivers/hwmon/max6650.ko
  LD [M]  drivers/hwmon/max6697.ko
  LD [M]  drivers/hwmon/max31790.ko
  LD [M]  drivers/hwmon/mcp3021.ko
  LD [M]  drivers/hwmon/tc654.ko
  LD [M]  drivers/hwmon/tps23861.ko
  LD [M]  drivers/hwmon/mr75203.ko
  LD [M]  drivers/hwmon/nct6683.ko
  LD [M]  drivers/hwmon/nct6775-core.ko
  LD [M]  drivers/hwmon/nct6775.ko
  LD [M]  drivers/hwmon/nct7802.ko
  LD [M]  drivers/hwmon/nct7904.ko
  LD [M]  drivers/hwmon/npcm750-pwm-fan.ko
  LD [M]  drivers/hwmon/nzxt-kraken2.ko
  LD [M]  drivers/hwmon/nzxt-smart2.ko
  LD [M]  drivers/hwmon/pc87360.ko
  LD [M]  drivers/hwmon/pc87427.ko
  LD [M]  drivers/hwmon/pcf8591.ko
  LD [M]  drivers/hwmon/powr1220.ko
  LD [M]  drivers/hwmon/sbtsi_temp.ko
  LD [M]  drivers/hwmon/sch56xx-common.ko
  LD [M]  drivers/hwmon/sch5627.ko
  LD [M]  drivers/hwmon/sch5636.ko
  LD [M]  drivers/hwmon/sht15.ko
  LD [M]  drivers/hwmon/sht21.ko
  LD [M]  drivers/hwmon/sht3x.ko
  LD [M]  drivers/hwmon/sht4x.ko
  LD [M]  drivers/hwmon/shtc1.ko
  LD [M]  drivers/hwmon/sis5595.ko
  LD [M]  drivers/hwmon/smsc47b397.ko
  LD [M]  drivers/hwmon/smsc47m1.ko
  LD [M]  drivers/hwmon/smsc47m192.ko
  LD [M]  drivers/hwmon/stts751.ko
  LD [M]  drivers/hwmon/amc6821.ko
  LD [M]  drivers/hwmon/tc74.ko
  LD [M]  drivers/hwmon/thmc50.ko
  LD [M]  drivers/hwmon/tmp102.ko
  LD [M]  drivers/hwmon/tmp103.ko
  LD [M]  drivers/hwmon/tmp108.ko
  LD [M]  drivers/hwmon/tmp401.ko
  LD [M]  drivers/hwmon/tmp421.ko
  LD [M]  drivers/hwmon/tmp464.ko
  LD [M]  drivers/hwmon/tmp513.ko
  LD [M]  drivers/hwmon/via-cputemp.ko
  LD [M]  drivers/hwmon/via686a.ko
  LD [M]  drivers/hwmon/vt1211.ko
  LD [M]  drivers/hwmon/vt8231.ko
  LD [M]  drivers/hwmon/w83627ehf.ko
  LD [M]  drivers/hwmon/w83l785ts.ko
  LD [M]  drivers/hwmon/w83l786ng.ko
  LD [M]  drivers/hwmon/xgene-hwmon.ko
  LD [M]  drivers/hwmon/pmbus/pmbus_core.ko
  LD [M]  drivers/hwmon/pmbus/pmbus.ko
  LD [M]  drivers/hwmon/pmbus/adm1275.ko
  LD [M]  drivers/hwmon/pmbus/ir35221.ko
  LD [M]  drivers/hwmon/pmbus/lm25066.ko
  LD [M]  drivers/hwmon/pmbus/ltc2978.ko
  LD [M]  drivers/hwmon/pmbus/ltc3815.ko
  LD [M]  drivers/hwmon/pmbus/max16064.ko
  LD [M]  drivers/hwmon/pmbus/max20751.ko
  LD [M]  drivers/hwmon/pmbus/max31785.ko
  LD [M]  drivers/hwmon/pmbus/max34440.ko
  LD [M]  drivers/hwmon/pmbus/max8688.ko
  LD [M]  drivers/hwmon/pmbus/tps40422.ko
  LD [M]  drivers/hwmon/pmbus/tps53679.ko
  LD [M]  drivers/hwmon/pmbus/ucd9000.ko
  LD [M]  drivers/hwmon/pmbus/ucd9200.ko
  LD [M]  drivers/hwmon/pmbus/zl6100.ko
  LD [M]  drivers/thermal/intel/intel_powerclamp.ko
  LD [M]  drivers/thermal/intel/x86_pkg_temp_thermal.ko
  LD [M]  drivers/thermal/intel/intel_soc_dts_iosf.ko
  LD [M]  drivers/thermal/intel/intel_soc_dts_thermal.ko
  LD [M]  drivers/thermal/intel/int340x_thermal/int3400_thermal.ko
  LD [M]  drivers/thermal/intel/int340x_thermal/int340x_thermal_zone.ko
  LD [M]  drivers/thermal/intel/int340x_thermal/int3402_thermal.ko
  LD [M]  drivers/thermal/intel/int340x_thermal/int3403_thermal.ko
  LD [M]  drivers/thermal/intel/int340x_thermal/processor_thermal_device.ko
  LD [M]  drivers/thermal/intel/int340x_thermal/int3401_thermal.ko
  LD [M]  drivers/thermal/intel/int340x_thermal/processor_thermal_device_pci_legacy.ko
  LD [M]  drivers/thermal/intel/int340x_thermal/processor_thermal_device_pci.ko
  LD [M]  drivers/thermal/intel/int340x_thermal/processor_thermal_rapl.ko
  LD [M]  drivers/thermal/intel/int340x_thermal/processor_thermal_rfim.ko
  LD [M]  drivers/thermal/intel/int340x_thermal/platform_temperature_control.ko
  LD [M]  drivers/thermal/intel/int340x_thermal/processor_thermal_mbox.ko
  LD [M]  drivers/thermal/intel/int340x_thermal/processor_thermal_wt_req.ko
  LD [M]  drivers/thermal/intel/int340x_thermal/processor_thermal_wt_hint.ko
  LD [M]  drivers/thermal/intel/int340x_thermal/processor_thermal_power_floor.ko
  LD [M]  drivers/thermal/intel/int340x_thermal/processor_thermal_soc_slider.ko
  LD [M]  drivers/thermal/intel/int340x_thermal/int3406_thermal.ko
  LD [M]  drivers/thermal/intel/int340x_thermal/acpi_thermal_rel.ko
  LD [M]  drivers/thermal/intel/intel_pch_thermal.ko
  LD [M]  drivers/watchdog/watchdog.ko
  LD [M]  drivers/md/md-mod.ko
  LD [M]  drivers/md/dm-mod.ko
  LD [M]  drivers/md/dm-bufio.ko
  LD [M]  drivers/md/dm-bio-prison.ko
  LD [M]  drivers/md/dm-crypt.ko
  LD [M]  drivers/md/dm-snapshot.ko
  LD [M]  drivers/md/persistent-data/dm-persistent-data.ko
  LD [M]  drivers/md/dm-mirror.ko
  LD [M]  drivers/md/dm-log.ko
  LD [M]  drivers/md/dm-region-hash.ko
  LD [M]  drivers/md/dm-thin-pool.ko
  LD [M]  drivers/cpufreq/acpi-cpufreq.ko
  LD [M]  drivers/cpufreq/powernow-k8.ko
  LD [M]  drivers/cpufreq/pcc-cpufreq.ko
  LD [M]  drivers/cpufreq/amd_freq_sensitivity.ko
  LD [M]  drivers/ufs/core/ufshcd-core.ko
  LD [M]  drivers/ufs/host/tc-dwc-g210-pci.ko
  LD [M]  drivers/ufs/host/ufshcd-dwc.ko
  LD [M]  drivers/ufs/host/tc-dwc-g210.ko
  LD [M]  drivers/ufs/host/cdns-pltfrm.ko
  LD [M]  drivers/ufs/host/ufshcd-pci.ko
  LD [M]  drivers/ufs/host/ufshcd-pltfrm.ko
  LD [M]  drivers/firmware/qcom/qcom-scm.ko
  LD [M]  drivers/firmware/qcom/qcom_tzmem.ko
  LD [M]  drivers/crypto/ccp/ccp.ko
  LD [M]  drivers/crypto/intel/qat/qat_common/intel_qat.ko
  LD [M]  drivers/crypto/intel/qat/qat_dh895xcc/qat_dh895xcc.ko
  LD [M]  drivers/crypto/intel/qat/qat_c3xxx/qat_c3xxx.ko
  LD [M]  drivers/crypto/intel/qat/qat_c62x/qat_c62x.ko
  LD [M]  drivers/crypto/intel/qat/qat_dh895xccvf/qat_dh895xccvf.ko
  LD [M]  drivers/crypto/intel/qat/qat_c3xxxvf/qat_c3xxxvf.ko
  LD [M]  drivers/crypto/intel/qat/qat_c62xvf/qat_c62xvf.ko
  LD [M]  drivers/crypto/chelsio/chcr.ko
  LD [M]  drivers/crypto/padlock-aes.ko
  LD [M]  drivers/crypto/padlock-sha.ko
  LD [M]  drivers/crypto/virtio/virtio_crypto.ko
  LD [M]  drivers/hid/uhid.ko
  LD [M]  drivers/hid/hid-apple.ko
  LD [M]  drivers/hid/amd-sfh-hid/amd_sfh.ko
  LD [M]  drivers/platform/x86/intel/wmi/intel-wmi-thunderbolt.ko
  LD [M]  drivers/platform/x86/wmi-bmof.ko
  LD [M]  drivers/platform/x86/mxm-wmi.ko
  LD [M]  drivers/platform/x86/gigabyte-wmi.ko
  LD [M]  drivers/platform/wmi/wmi.ko
  LD [M]  drivers/powercap/intel_rapl_common.ko
  LD [M]  drivers/powercap/intel_rapl_msr.ko
  LD [M]  drivers/accel/amdxdna/amdxdna.ko
  LD [M]  drivers/accel/habanalabs/habanalabs.ko
  LD [M]  drivers/accel/ivpu/intel_vpu.ko
  LD [M]  drivers/accel/qaic/qaic.ko
  LD [M]  drivers/vfio/vfio.ko
  LD [M]  drivers/vfio/vfio_iommu_type1.ko
  LD [M]  drivers/vfio/pci/vfio-pci-core.ko
  LD [M]  drivers/vfio/pci/vfio-pci.ko
  LD [M]  drivers/vfio/mdev/mdev.ko
  LD [M]  drivers/bluetooth/hci_vhci.ko
  LD [M]  drivers/bluetooth/hci_uart.ko
  LD [M]  drivers/bluetooth/bcm203x.ko
  LD [M]  drivers/bluetooth/bpa10x.ko
  LD [M]  drivers/bluetooth/btusb.ko
  LD [M]  drivers/bluetooth/btintel.ko
  LD [M]  drivers/bluetooth/ath3k.ko
  LD [M]  drivers/bluetooth/btmrvl.ko
  LD [M]  drivers/bluetooth/btbcm.ko
  LD [M]  drivers/bluetooth/btrtl.ko
  LD [M]  drivers/edac/edac_core.ko
  LD [M]  drivers/edac/edac_mce_amd.ko
  LD [M]  drivers/edac/i5100_edac.ko
  LD [M]  drivers/edac/i5400_edac.ko
  LD [M]  drivers/edac/i7300_edac.ko
  LD [M]  drivers/edac/i7core_edac.ko
  LD [M]  drivers/edac/sb_edac.ko
  LD [M]  drivers/edac/pnd2_edac.ko
  LD [M]  drivers/edac/igen6_edac.ko
  LD [M]  drivers/edac/e752x_edac.ko
  LD [M]  drivers/edac/i82975x_edac.ko
  LD [M]  drivers/edac/i3000_edac.ko
  LD [M]  drivers/edac/i3200_edac.ko
  LD [M]  drivers/edac/ie31200_edac.ko
  LD [M]  drivers/edac/x38_edac.ko
  LD [M]  drivers/edac/amd64_edac.ko
  LD [M]  drivers/edac/skx_edac.ko
  LD [M]  drivers/edac/skx_edac_common.ko
  LD [M]  drivers/edac/i10nm_edac.ko
  LD [M]  drivers/bcma/bcma.ko
  LD [M]  drivers/vhost/vhost_net.ko
  LD [M]  drivers/vhost/vhost.ko
  LD [M]  drivers/vhost/vhost_iotlb.ko
  LD [M]  drivers/thunderbolt/thunderbolt.ko
  LD [M]  sound/soundcore.ko
  LD [M]  sound/core/oss/snd-pcm-oss.ko
  LD [M]  sound/core/snd.ko
  LD [M]  sound/core/snd-timer.ko
  LD [M]  sound/core/snd-hrtimer.ko
  LD [M]  sound/core/snd-pcm.ko
  LD [M]  net/core/failover.ko
  LD [M]  net/802/psnap.ko
  LD [M]  net/802/stp.ko
  LD [M]  net/802/garp.ko
  LD [M]  net/802/mrp.ko
  LD [M]  net/sched/act_police.ko
  LD [M]  net/sched/act_gact.ko
  LD [M]  net/sched/act_bpf.ko
  LD [M]  net/sched/sch_ingress.ko
  LD [M]  net/sched/sch_sfq.ko
  LD [M]  net/sched/sch_fq_codel.ko
  LD [M]  net/sched/cls_cgroup.ko
  LD [M]  net/sched/cls_bpf.ko
  LD [M]  net/sched/em_ipset.ko
  LD [M]  net/netlink/netlink_diag.ko
  LD [M]  net/netfilter/nfnetlink.ko
  LD [M]  net/netfilter/nfnetlink_acct.ko
  LD [M]  net/netfilter/nfnetlink_queue.ko
  LD [M]  net/netfilter/nfnetlink_log.ko
  LD [M]  net/netfilter/nfnetlink_osf.ko
  LD [M]  net/netfilter/nfnetlink_hook.ko
  LD [M]  net/netfilter/nf_conntrack.ko
  LD [M]  net/netfilter/nf_conntrack_netlink.ko
  LD [M]  net/netfilter/nfnetlink_cttimeout.ko
  LD [M]  net/netfilter/nfnetlink_cthelper.ko
  LD [M]  net/netfilter/nf_conntrack_amanda.ko
  LD [M]  net/netfilter/nf_conntrack_ftp.ko
  LD [M]  net/netfilter/nf_conntrack_h323.ko
  LD [M]  net/netfilter/nf_conntrack_irc.ko
  LD [M]  net/netfilter/nf_conntrack_broadcast.ko
  LD [M]  net/netfilter/nf_conntrack_netbios_ns.ko
  LD [M]  net/netfilter/nf_conntrack_snmp.ko
  LD [M]  net/netfilter/nf_conntrack_pptp.ko
  LD [M]  net/netfilter/nf_conntrack_sane.ko
  LD [M]  net/netfilter/nf_conntrack_sip.ko
  LD [M]  net/netfilter/nf_conntrack_tftp.ko
  LD [M]  net/netfilter/nf_log_syslog.ko
  LD [M]  net/netfilter/nf_nat.ko
  LD [M]  net/netfilter/nf_nat_amanda.ko
  LD [M]  net/netfilter/nf_nat_ftp.ko
  LD [M]  net/netfilter/nf_nat_irc.ko
  LD [M]  net/netfilter/nf_nat_sip.ko
  LD [M]  net/netfilter/nf_nat_tftp.ko
  LD [M]  net/netfilter/nf_synproxy_core.ko
  LD [M]  net/netfilter/nf_conncount.ko
  LD [M]  net/netfilter/nf_dup_netdev.ko
  LD [M]  net/netfilter/nf_tables.ko
  LD [M]  net/netfilter/nft_compat.ko
  LD [M]  net/netfilter/nft_connlimit.ko
  LD [M]  net/netfilter/nft_numgen.ko
  LD [M]  net/netfilter/nft_ct.ko
  LD [M]  net/netfilter/nft_flow_offload.ko
  LD [M]  net/netfilter/nft_limit.ko
  LD [M]  net/netfilter/nft_nat.ko
  LD [M]  net/netfilter/nft_queue.ko
  LD [M]  net/netfilter/nft_quota.ko
  LD [M]  net/netfilter/nft_reject.ko
  LD [M]  net/netfilter/nft_reject_inet.ko
  LD [M]  net/netfilter/nft_tunnel.ko
  LD [M]  net/netfilter/nft_log.ko
  LD [M]  net/netfilter/nft_masq.ko
  LD [M]  net/netfilter/nft_redir.ko
  LD [M]  net/netfilter/nft_hash.ko
  LD [M]  net/netfilter/nft_fib.ko
  LD [M]  net/netfilter/nft_fib_inet.ko
  LD [M]  net/netfilter/nft_fib_netdev.ko
  LD [M]  net/netfilter/nft_socket.ko
  LD [M]  net/netfilter/nft_osf.ko
  LD [M]  net/netfilter/nft_tproxy.ko
  LD [M]  net/netfilter/nft_xfrm.ko
  LD [M]  net/netfilter/nft_synproxy.ko
  LD [M]  net/netfilter/nft_chain_nat.ko
  LD [M]  net/netfilter/nft_dup_netdev.ko
  LD [M]  net/netfilter/nft_fwd_netdev.ko
  LD [M]  net/netfilter/nf_flow_table.ko
  LD [M]  net/netfilter/nf_flow_table_inet.ko
  LD [M]  net/netfilter/x_tables.ko
  LD [M]  net/netfilter/xt_tcpudp.ko
  LD [M]  net/netfilter/xt_mark.ko
  LD [M]  net/netfilter/xt_connmark.ko
  LD [M]  net/netfilter/xt_set.ko
  LD [M]  net/netfilter/xt_nat.ko
  LD [M]  net/netfilter/xt_CHECKSUM.ko
  LD [M]  net/netfilter/xt_CLASSIFY.ko
  LD [M]  net/netfilter/xt_CT.ko
  LD [M]  net/netfilter/xt_DSCP.ko
  LD [M]  net/netfilter/xt_HL.ko
  LD [M]  net/netfilter/xt_HMARK.ko
  LD [M]  net/netfilter/xt_LOG.ko
  LD [M]  net/netfilter/xt_NETMAP.ko
  LD [M]  net/netfilter/xt_NFLOG.ko
  LD [M]  net/netfilter/xt_NFQUEUE.ko
  LD [M]  net/netfilter/xt_RATEEST.ko
  LD [M]  net/netfilter/xt_REDIRECT.ko
  LD [M]  net/netfilter/xt_MASQUERADE.ko
  LD [M]  net/netfilter/xt_TPROXY.ko
  LD [M]  net/netfilter/xt_TCPMSS.ko
  LD [M]  net/netfilter/xt_TCPOPTSTRIP.ko
  LD [M]  net/netfilter/xt_TEE.ko
  LD [M]  net/netfilter/xt_IDLETIMER.ko
  LD [M]  net/netfilter/xt_addrtype.ko
  LD [M]  net/netfilter/xt_bpf.ko
  LD [M]  net/netfilter/xt_cluster.ko
  LD [M]  net/netfilter/xt_comment.ko
  LD [M]  net/netfilter/xt_connbytes.ko
  LD [M]  net/netfilter/xt_connlabel.ko
  LD [M]  net/netfilter/xt_connlimit.ko
  LD [M]  net/netfilter/xt_conntrack.ko
  LD [M]  net/netfilter/xt_cpu.ko
  LD [M]  net/netfilter/xt_dccp.ko
  LD [M]  net/netfilter/xt_devgroup.ko
  LD [M]  net/netfilter/xt_dscp.ko
  LD [M]  net/netfilter/xt_ecn.ko
  LD [M]  net/netfilter/xt_esp.ko
  LD [M]  net/netfilter/xt_hashlimit.ko
  LD [M]  net/netfilter/xt_helper.ko
  LD [M]  net/netfilter/xt_hl.ko
  LD [M]  net/netfilter/xt_ipcomp.ko
  LD [M]  net/netfilter/xt_iprange.ko
  LD [M]  net/netfilter/xt_ipvs.ko
  LD [M]  net/netfilter/xt_l2tp.ko
  LD [M]  net/netfilter/xt_length.ko
  LD [M]  net/netfilter/xt_limit.ko
  LD [M]  net/netfilter/xt_mac.ko
  LD [M]  net/netfilter/xt_multiport.ko
  LD [M]  net/netfilter/xt_nfacct.ko
  LD [M]  net/netfilter/xt_osf.ko
  LD [M]  net/netfilter/xt_owner.ko
  LD [M]  net/netfilter/xt_cgroup.ko
  LD [M]  net/netfilter/xt_physdev.ko
  LD [M]  net/netfilter/xt_pkttype.ko
  LD [M]  net/netfilter/xt_policy.ko
  LD [M]  net/netfilter/xt_quota.ko
  LD [M]  net/netfilter/xt_rateest.ko
  LD [M]  net/netfilter/xt_realm.ko
  LD [M]  net/netfilter/xt_recent.ko
  LD [M]  net/netfilter/xt_sctp.ko
  LD [M]  net/netfilter/xt_socket.ko
  LD [M]  net/netfilter/xt_state.ko
  LD [M]  net/netfilter/xt_statistic.ko
  LD [M]  net/netfilter/xt_string.ko
  LD [M]  net/netfilter/xt_tcpmss.ko
  LD [M]  net/netfilter/xt_time.ko
  LD [M]  net/netfilter/xt_u32.ko
  LD [M]  net/netfilter/ipset/ip_set.ko
  LD [M]  net/netfilter/ipset/ip_set_bitmap_ip.ko
  LD [M]  net/netfilter/ipset/ip_set_bitmap_ipmac.ko
  LD [M]  net/netfilter/ipset/ip_set_bitmap_port.ko
  LD [M]  net/netfilter/ipset/ip_set_hash_ip.ko
  LD [M]  net/netfilter/ipset/ip_set_hash_ipmac.ko
  LD [M]  net/netfilter/ipset/ip_set_hash_ipmark.ko
  LD [M]  net/netfilter/ipset/ip_set_hash_ipport.ko
  LD [M]  net/netfilter/ipset/ip_set_hash_ipportip.ko
  LD [M]  net/netfilter/ipset/ip_set_hash_ipportnet.ko
  LD [M]  net/netfilter/ipset/ip_set_hash_mac.ko
  LD [M]  net/netfilter/ipset/ip_set_hash_net.ko
  LD [M]  net/netfilter/ipset/ip_set_hash_netport.ko
  LD [M]  net/netfilter/ipset/ip_set_hash_netiface.ko
  LD [M]  net/netfilter/ipset/ip_set_hash_netnet.ko
  LD [M]  net/netfilter/ipset/ip_set_hash_netportnet.ko
  LD [M]  net/netfilter/ipset/ip_set_list_set.ko
  LD [M]  net/netfilter/ipvs/ip_vs.ko
  LD [M]  net/netfilter/ipvs/ip_vs_rr.ko
  LD [M]  net/netfilter/ipvs/ip_vs_wrr.ko
  LD [M]  net/netfilter/ipvs/ip_vs_lc.ko
  LD [M]  net/netfilter/ipvs/ip_vs_wlc.ko
  LD [M]  net/netfilter/ipvs/ip_vs_fo.ko
  LD [M]  net/netfilter/ipvs/ip_vs_ovf.ko
  LD [M]  net/netfilter/ipvs/ip_vs_lblc.ko
  LD [M]  net/netfilter/ipvs/ip_vs_lblcr.ko
  LD [M]  net/netfilter/ipvs/ip_vs_dh.ko
  LD [M]  net/netfilter/ipvs/ip_vs_sh.ko
  LD [M]  net/netfilter/ipvs/ip_vs_mh.ko
  LD [M]  net/netfilter/ipvs/ip_vs_sed.ko
  LD [M]  net/netfilter/ipvs/ip_vs_nq.ko
  LD [M]  net/netfilter/ipvs/ip_vs_ftp.ko
  LD [M]  net/netfilter/ipvs/ip_vs_pe_sip.ko
  LD [M]  net/ipv4/netfilter/nf_defrag_ipv4.ko
  LD [M]  net/ipv4/netfilter/nf_socket_ipv4.ko
  LD [M]  net/ipv4/netfilter/nf_tproxy_ipv4.ko
  LD [M]  net/ipv4/netfilter/nf_reject_ipv4.ko
  LD [M]  net/ipv4/netfilter/nf_nat_h323.ko
  LD [M]  net/ipv4/netfilter/nf_nat_pptp.ko
  LD [M]  net/ipv4/netfilter/nf_nat_snmp_basic.ko
  LD [M]  net/ipv4/netfilter/nft_reject_ipv4.ko
  LD [M]  net/ipv4/netfilter/nft_fib_ipv4.ko
  LD [M]  net/ipv4/netfilter/nft_dup_ipv4.ko
  LD [M]  net/ipv4/netfilter/ip_tables.ko
  LD [M]  net/ipv4/netfilter/iptable_filter.ko
  LD [M]  net/ipv4/netfilter/iptable_mangle.ko
  LD [M]  net/ipv4/netfilter/iptable_nat.ko
  LD [M]  net/ipv4/netfilter/iptable_raw.ko
  LD [M]  net/ipv4/netfilter/ipt_ah.ko
  LD [M]  net/ipv4/netfilter/ipt_rpfilter.ko
  LD [M]  net/ipv4/netfilter/ipt_ECN.ko
  LD [M]  net/ipv4/netfilter/ipt_REJECT.ko
  LD [M]  net/ipv4/netfilter/ipt_SYNPROXY.ko
  LD [M]  net/ipv4/netfilter/arpt_mangle.ko
  LD [M]  net/ipv4/netfilter/nf_dup_ipv4.ko
  LD [M]  net/ipv4/gre.ko
  LD [M]  net/ipv4/ip_gre.ko
  LD [M]  net/ipv4/udp_tunnel.ko
  LD [M]  net/ipv4/ip_vti.ko
  LD [M]  net/ipv4/ah4.ko
  LD [M]  net/ipv4/esp4.ko
  LD [M]  net/ipv4/ipcomp.ko
  LD [M]  net/ipv4/xfrm4_tunnel.ko
  LD [M]  net/ipv4/inet_diag.ko
  LD [M]  net/ipv4/tcp_diag.ko
  LD [M]  net/ipv4/udp_diag.ko
  LD [M]  net/ipv4/raw_diag.ko
  LD [M]  net/ipv4/tcp_bic.ko
  LD [M]  net/ipv4/tcp_cubic.ko
  LD [M]  net/ipv4/tcp_westwood.ko
  LD [M]  net/ipv4/tcp_highspeed.ko
  LD [M]  net/ipv4/tcp_hybla.ko
  LD [M]  net/ipv4/tcp_htcp.ko
  LD [M]  net/ipv4/tcp_vegas.ko
  LD [M]  net/ipv4/tcp_veno.ko
  LD [M]  net/ipv4/tcp_scalable.ko
  LD [M]  net/ipv4/tcp_lp.ko
  LD [M]  net/ipv4/tcp_yeah.ko
  LD [M]  net/ipv4/tcp_illinois.ko
  LD [M]  net/xfrm/xfrm_algo.ko
  LD [M]  net/xfrm/xfrm_user.ko
  LD [M]  net/xfrm/xfrm_ipcomp.ko
  LD [M]  net/unix/unix_diag.ko
  LD [M]  net/ipv6/netfilter/ip6_tables.ko
  LD [M]  net/ipv6/netfilter/ip6table_filter.ko
  LD [M]  net/ipv6/netfilter/ip6table_mangle.ko
  LD [M]  net/ipv6/netfilter/ip6table_raw.ko
  LD [M]  net/ipv6/netfilter/ip6table_nat.ko
  LD [M]  net/ipv6/netfilter/nf_defrag_ipv6.ko
  LD [M]  net/ipv6/netfilter/nf_socket_ipv6.ko
  LD [M]  net/ipv6/netfilter/nf_tproxy_ipv6.ko
  LD [M]  net/ipv6/netfilter/nf_reject_ipv6.ko
  LD [M]  net/ipv6/netfilter/nf_dup_ipv6.ko
  LD [M]  net/ipv6/netfilter/nft_reject_ipv6.ko
  LD [M]  net/ipv6/netfilter/nft_dup_ipv6.ko
  LD [M]  net/ipv6/netfilter/nft_fib_ipv6.ko
  LD [M]  net/ipv6/netfilter/ip6t_ah.ko
  LD [M]  net/ipv6/netfilter/ip6t_eui64.ko
  LD [M]  net/ipv6/netfilter/ip6t_frag.ko
  LD [M]  net/ipv6/netfilter/ip6t_ipv6header.ko
  LD [M]  net/ipv6/netfilter/ip6t_mh.ko
  LD [M]  net/ipv6/netfilter/ip6t_hbh.ko
  LD [M]  net/ipv6/netfilter/ip6t_rpfilter.ko
  LD [M]  net/ipv6/netfilter/ip6t_rt.ko
  LD [M]  net/ipv6/netfilter/ip6t_srh.ko
  LD [M]  net/ipv6/netfilter/ip6t_NPT.ko
  LD [M]  net/ipv6/netfilter/ip6t_REJECT.ko
  LD [M]  net/ipv6/ah6.ko
  LD [M]  net/ipv6/esp6.ko
  LD [M]  net/ipv6/esp6_offload.ko
  LD [M]  net/ipv6/ipcomp6.ko
  LD [M]  net/ipv6/xfrm6_tunnel.ko
  LD [M]  net/ipv6/tunnel6.ko
  LD [M]  net/ipv6/netfilter/ip6t_SYNPROXY.ko
  LD [M]  net/ipv6/mip6.ko
  LD [M]  net/ipv6/ila/ila.ko
  LD [M]  net/ipv6/ip6_vti.ko
  LD [M]  net/ipv6/sit.ko
  LD [M]  net/ipv6/ip6_tunnel.ko
  LD [M]  net/ipv6/ip6_gre.ko
  LD [M]  net/ipv6/ip6_udp_tunnel.ko
  LD [M]  net/8021q/8021q.ko
  LD [M]  net/wireless/cfg80211.ko
  LD [M]  net/9p/9pnet_virtio.ko
  LD [M]  net/mpls/mpls_gso.ko
  LD [M]  net/llc/llc.ko
  LD [M]  net/tls/tls.ko
  LD [M]  net/packet/af_packet.ko
  LD [M]  net/packet/af_packet_diag.ko
  LD [M]  net/key/af_key.ko
  LD [M]  net/bridge/netfilter/nft_meta_bridge.ko
  LD [M]  net/bridge/netfilter/nft_reject_bridge.ko
  LD [M]  net/bridge/netfilter/nf_conntrack_bridge.ko
  LD [M]  net/bridge/netfilter/ebt_802_3.ko
  LD [M]  net/bridge/netfilter/ebt_among.ko
  LD [M]  net/bridge/netfilter/ebt_arp.ko
  LD [M]  net/bridge/netfilter/ebt_ip.ko
  LD [M]  net/bridge/netfilter/ebt_ip6.ko
  LD [M]  net/bridge/netfilter/ebt_limit.ko
  LD [M]  net/bridge/netfilter/ebt_mark_m.ko
  LD [M]  net/bridge/netfilter/ebt_pkttype.ko
  LD [M]  net/bridge/netfilter/ebt_stp.ko
  LD [M]  net/bridge/netfilter/ebt_vlan.ko
  LD [M]  net/bridge/netfilter/ebt_arpreply.ko
  LD [M]  net/bridge/netfilter/ebt_mark.ko
  LD [M]  net/bridge/netfilter/ebt_dnat.ko
  LD [M]  net/bridge/netfilter/ebt_redirect.ko
  LD [M]  net/bridge/netfilter/ebt_snat.ko
  LD [M]  net/bridge/netfilter/ebt_log.ko
  LD [M]  net/bridge/netfilter/ebt_nflog.ko
  LD [M]  net/bridge/bridge.ko
  LD [M]  net/bridge/br_netfilter.ko
  LD [M]  net/can/can.ko
  LD [M]  net/can/can-raw.ko
  LD [M]  net/can/can-bcm.ko
  LD [M]  net/can/can-gw.ko
  LD [M]  net/can/j1939/can-j1939.ko
  LD [M]  net/can/can-isotp.ko
  LD [M]  net/bluetooth/bluetooth.ko
  LD [M]  net/bluetooth/rfcomm/rfcomm.ko
  LD [M]  net/bluetooth/bnep/bnep.ko
  LD [M]  net/bluetooth/hidp/hidp.ko
  LD [M]  net/sunrpc/sunrpc.ko
  LD [M]  net/sunrpc/auth_gss/auth_rpcgss.ko
  LD [M]  net/sunrpc/auth_gss/rpcsec_gss_krb5.ko
  LD [M]  net/mac80211/mac80211.ko
  LD [M]  net/rfkill/rfkill.ko
  LD [M]  net/rfkill/rfkill-gpio.ko
  LD [M]  net/dns_resolver/dns_resolver.ko
  LD [M]  net/openvswitch/openvswitch.ko
  LD [M]  net/openvswitch/vport-vxlan.ko
  LD [M]  net/openvswitch/vport-gre.ko
  LD [M]  net/vmw_vsock/vsock.ko
  LD [M]  net/vmw_vsock/vsock_diag.ko
  LD [M]  net/vmw_vsock/vmw_vsock_virtio_transport.ko
  LD [M]  net/vmw_vsock/vmw_vsock_virtio_transport_common.ko
  LD [M]  net/vmw_vsock/vsock_loopback.ko
  LD [M]  net/nsh/nsh.ko
  LD [M]  net/qrtr/qrtr.ko
  LD [M]  net/qrtr/qrtr-mhi.ko
  LD [M]  virt/lib/irqbypass.ko
  MKPIGGY arch/x86/boot/compressed/piggy.S
  AS      arch/x86/boot/compressed/piggy.o
  LD      arch/x86/boot/compressed/vmlinux
  ZOFFSET arch/x86/boot/zoffset.h
  OBJCOPY arch/x86/boot/vmlinux.bin
  AS      arch/x86/boot/header.o
  LD      arch/x86/boot/setup.elf
  OBJCOPY arch/x86/boot/setup.bin
  BUILD   arch/x86/boot/bzImage
Kernel: arch/x86/boot/bzImage is ready  (#1)
make: Leaving directory '/home/lain/kernel/build/linux-7.1.1'
