make: Entering directory '/home/lain/codex/i915/my-unraid-kernel/build/linux-6.18.44'
  SYMLINK /home/lain/codex/i915/my-unraid-kernel/build/modules-stage/lib/modules/6.18.44-Unraid/build
  INSTALL /home/lain/codex/i915/my-unraid-kernel/build/modules-stage/lib/modules/6.18.44-Unraid/modules.order
  INSTALL /home/lain/codex/i915/my-unraid-kernel/build/modules-stage/lib/modules/6.18.44-Unraid/modules.builtin
  INSTALL /home/lain/codex/i915/my-unraid-kernel/build/modules-stage/lib/modules/6.18.44-Unraid/modules.builtin.modinfo
  INSTALL /home/lain/codex/i915/my-unraid-kernel/build/modules-stage/lib/modules/6.18.44-Unraid/kernel/arch/x86/events/amd/power.ko
  XZ      /home/lain/codex/i915/my-unraid-kernel/build/modules-stage/lib/modules/6.18.44-Unraid/kernel/arch/x86/events/amd/power.ko.xz
  INSTALL /home/lain/codex/i915/my-unraid-kernel/build/modules-stage/lib/modules/6.18.44-Unraid/kernel/arch/x86/events/intel/intel-uncore.ko
  XZ      /home/lain/codex/i915/my-unraid-kernel/build/modules-stage/lib/modules/6.18.44-Unraid/kernel/arch/x86/events/intel/intel-uncore.ko.xz
  INSTALL /home/lain/codex/i915/my-unraid-kernel/build/modules-stage/lib/modules/6.18.44-Unraid/kernel/arch/x86/events/intel/intel-cstate.ko
  XZ      /home/lain/codex/i915/my-unraid-kernel/build/modules-stage/lib/modules/6.18.44-Unraid/kernel/arch/x86/events/intel/intel-cstate.ko.xz
  INSTALL /home/lain/codex/i915/my-unraid-kernel/build/modules-stage/lib/modules/6.18.44-Unraid/kernel/arch/x86/events/rapl.ko
  XZ      /home/lain/codex/i915/my-unraid-kernel/build/modules-stage/lib/modules/6.18.44-Unraid/kernel/arch/x86/events/rapl.ko.xz
  INSTALL /home/lain/codex/i915/my-unraid-kernel/build/modules-stage/lib/modules/6.18.44-Unraid/kernel/arch/x86/crypto/twofish-x86_64.ko
  XZ      /home/lain/codex/i915/my-unraid-kernel/build/modules-stage/lib/modules/6.18.44-Unraid/kernel/arch/x86/crypto/twofish-x86_64.ko.xz
  INSTALL /home/lain/codex/i915/my-unraid-kernel/build/modules-stage/lib/modules/6.18.44-Unraid/kernel/arch/x86/crypto/twofish-x86_64-3way.ko
  XZ      /home/lain/codex/i915/my-unraid-kernel/build/modules-stage/lib/modules/6.18.44-Unraid/kernel/arch/x86/crypto/twofish-x86_64-3way.ko.xz
  INSTALL /home/lain/codex/i915/my-unraid-kernel/build/modules-stage/lib/modules/6.18.44-Unraid/kernel/arch/x86/crypto/twofish-avx-x86_64.ko
  XZ      /home/lain/codex/i915/my-unraid-kernel/build/modules-stage/lib/modules/6.18.44-Unraid/kernel/arch/x86/crypto/twofish-avx-x86_64.ko.xz
  INSTALL /home/lain/codex/i915/my-unraid-kernel/build/modules-stage/lib/modules/6.18.44-Unraid/kernel/arch/x86/crypto/serpent-sse2-x86_64.ko
  XZ      /home/lain/codex/i915/my-unraid-kernel/build/modules-stage/lib/modules/6.18.44-Unraid/kernel/arch/x86/crypto/serpent-sse2-x86_64.ko.xz
  INSTALL /home/lain/codex/i915/my-unraid-kernel/build/modules-stage/lib/modules/6.18.44-Unraid/kernel/arch/x86/crypto/serpent-avx-x86_64.ko
  XZ      /home/lain/codex/i915/my-unraid-kernel/build/modules-stage/lib/modules/6.18.44-Unraid/kernel/arch/x86/crypto/serpent-avx-x86_64.ko.xz
  INSTALL /home/lain/codex/i915/my-unraid-kernel/build/modules-stage/lib/modules/6.18.44-Unraid/kernel/arch/x86/crypto/serpent-avx2.ko
  XZ      /home/lain/codex/i915/my-unraid-kernel/build/modules-stage/lib/modules/6.18.44-Unraid/kernel/arch/x86/crypto/serpent-avx2.ko.xz
  INSTALL /home/lain/codex/i915/my-unraid-kernel/build/modules-stage/lib/modules/6.18.44-Unraid/kernel/arch/x86/crypto/des3_ede-x86_64.ko
  XZ      /home/lain/codex/i915/my-unraid-kernel/build/modules-stage/lib/modules/6.18.44-Unraid/kernel/arch/x86/crypto/des3_ede-x86_64.ko.xz
  INSTALL /home/lain/codex/i915/my-unraid-kernel/build/modules-stage/lib/modules/6.18.44-Unraid/kernel/arch/x86/crypto/camellia-x86_64.ko
  XZ      /home/lain/codex/i915/my-unraid-kernel/build/modules-stage/lib/modules/6.18.44-Unraid/kernel/arch/x86/crypto/camellia-x86_64.ko.xz
  INSTALL /home/lain/codex/i915/my-unraid-kernel/build/modules-stage/lib/modules/6.18.44-Unraid/kernel/arch/x86/crypto/camellia-aesni-avx-x86_64.ko
  XZ      /home/lain/codex/i915/my-unraid-kernel/build/modules-stage/lib/modules/6.18.44-Unraid/kernel/arch/x86/crypto/camellia-aesni-avx-x86_64.ko.xz
  INSTALL /home/lain/codex/i915/my-unraid-kernel/build/modules-stage/lib/modules/6.18.44-Unraid/kernel/arch/x86/crypto/camellia-aesni-avx2.ko
  XZ      /home/lain/codex/i915/my-unraid-kernel/build/modules-stage/lib/modules/6.18.44-Unraid/kernel/arch/x86/crypto/camellia-aesni-avx2.ko.xz
  INSTALL /home/lain/codex/i915/my-unraid-kernel/build/modules-stage/lib/modules/6.18.44-Unraid/kernel/arch/x86/crypto/blowfish-x86_64.ko
  XZ      /home/lain/codex/i915/my-unraid-kernel/build/modules-stage/lib/modules/6.18.44-Unraid/kernel/arch/x86/crypto/blowfish-x86_64.ko.xz
  INSTALL /home/lain/codex/i915/my-unraid-kernel/build/modules-stage/lib/modules/6.18.44-Unraid/kernel/arch/x86/crypto/cast5-avx-x86_64.ko
  XZ      /home/lain/codex/i915/my-unraid-kernel/build/modules-stage/lib/modules/6.18.44-Unraid/kernel/arch/x86/crypto/cast5-avx-x86_64.ko.xz
  INSTALL /home/lain/codex/i915/my-unraid-kernel/build/modules-stage/lib/modules/6.18.44-Unraid/kernel/arch/x86/crypto/cast6-avx-x86_64.ko
  XZ      /home/lain/codex/i915/my-unraid-kernel/build/modules-stage/lib/modules/6.18.44-Unraid/kernel/arch/x86/crypto/cast6-avx-x86_64.ko.xz
  INSTALL /home/lain/codex/i915/my-unraid-kernel/build/modules-stage/lib/modules/6.18.44-Unraid/kernel/arch/x86/crypto/aesni-intel.ko
  XZ      /home/lain/codex/i915/my-unraid-kernel/build/modules-stage/lib/modules/6.18.44-Unraid/kernel/arch/x86/crypto/aesni-intel.ko.xz
  INSTALL /home/lain/codex/i915/my-unraid-kernel/build/modules-stage/lib/modules/6.18.44-Unraid/kernel/arch/x86/crypto/ghash-clmulni-intel.ko
  XZ      /home/lain/codex/i915/my-unraid-kernel/build/modules-stage/lib/modules/6.18.44-Unraid/kernel/arch/x86/crypto/ghash-clmulni-intel.ko.xz
  INSTALL /home/lain/codex/i915/my-unraid-kernel/build/modules-stage/lib/modules/6.18.44-Unraid/kernel/arch/x86/kvm/kvm.ko
  XZ      /home/lain/codex/i915/my-unraid-kernel/build/modules-stage/lib/modules/6.18.44-Unraid/kernel/arch/x86/kvm/kvm.ko.xz
  INSTALL /home/lain/codex/i915/my-unraid-kernel/build/modules-stage/lib/modules/6.18.44-Unraid/kernel/arch/x86/kvm/kvm-intel.ko
  XZ      /home/lain/codex/i915/my-unraid-kernel/build/modules-stage/lib/modules/6.18.44-Unraid/kernel/arch/x86/kvm/kvm-intel.ko.xz
  INSTALL /home/lain/codex/i915/my-unraid-kernel/build/modules-stage/lib/modules/6.18.44-Unraid/kernel/arch/x86/kvm/kvm-amd.ko
  XZ      /home/lain/codex/i915/my-unraid-kernel/build/modules-stage/lib/modules/6.18.44-Unraid/kernel/arch/x86/kvm/kvm-amd.ko.xz
  INSTALL /home/lain/codex/i915/my-unraid-kernel/build/modules-stage/lib/modules/6.18.44-Unraid/kernel/kernel/kheaders.ko
  XZ      /home/lain/codex/i915/my-unraid-kernel/build/modules-stage/lib/modules/6.18.44-Unraid/kernel/kernel/kheaders.ko.xz
  INSTALL /home/lain/codex/i915/my-unraid-kernel/build/modules-stage/lib/modules/6.18.44-Unraid/kernel/fs/nfs_common/grace.ko
  XZ      /home/lain/codex/i915/my-unraid-kernel/build/modules-stage/lib/modules/6.18.44-Unraid/kernel/fs/nfs_common/grace.ko.xz
  INSTALL /home/lain/codex/i915/my-unraid-kernel/build/modules-stage/lib/modules/6.18.44-Unraid/kernel/fs/quota/quota_v2.ko
  XZ      /home/lain/codex/i915/my-unraid-kernel/build/modules-stage/lib/modules/6.18.44-Unraid/kernel/fs/quota/quota_v2.ko.xz
  INSTALL /home/lain/codex/i915/my-unraid-kernel/build/modules-stage/lib/modules/6.18.44-Unraid/kernel/fs/quota/quota_tree.ko
  XZ      /home/lain/codex/i915/my-unraid-kernel/build/modules-stage/lib/modules/6.18.44-Unraid/kernel/fs/quota/quota_tree.ko.xz
  INSTALL /home/lain/codex/i915/my-unraid-kernel/build/modules-stage/lib/modules/6.18.44-Unraid/kernel/fs/nls/nls_ucs2_utils.ko
  XZ      /home/lain/codex/i915/my-unraid-kernel/build/modules-stage/lib/modules/6.18.44-Unraid/kernel/fs/nls/nls_ucs2_utils.ko.xz
  INSTALL /home/lain/codex/i915/my-unraid-kernel/build/modules-stage/lib/modules/6.18.44-Unraid/kernel/fs/fuse/virtiofs.ko
  XZ      /home/lain/codex/i915/my-unraid-kernel/build/modules-stage/lib/modules/6.18.44-Unraid/kernel/fs/fuse/virtiofs.ko.xz
  INSTALL /home/lain/codex/i915/my-unraid-kernel/build/modules-stage/lib/modules/6.18.44-Unraid/kernel/fs/binfmt_misc.ko
  XZ      /home/lain/codex/i915/my-unraid-kernel/build/modules-stage/lib/modules/6.18.44-Unraid/kernel/fs/binfmt_misc.ko.xz
  INSTALL /home/lain/codex/i915/my-unraid-kernel/build/modules-stage/lib/modules/6.18.44-Unraid/kernel/fs/mbcache.ko
  XZ      /home/lain/codex/i915/my-unraid-kernel/build/modules-stage/lib/modules/6.18.44-Unraid/kernel/fs/mbcache.ko.xz
  INSTALL /home/lain/codex/i915/my-unraid-kernel/build/modules-stage/lib/modules/6.18.44-Unraid/kernel/fs/ext4/ext4.ko
  XZ      /home/lain/codex/i915/my-unraid-kernel/build/modules-stage/lib/modules/6.18.44-Unraid/kernel/fs/ext4/ext4.ko.xz
  INSTALL /home/lain/codex/i915/my-unraid-kernel/build/modules-stage/lib/modules/6.18.44-Unraid/kernel/fs/jbd2/jbd2.ko
  XZ      /home/lain/codex/i915/my-unraid-kernel/build/modules-stage/lib/modules/6.18.44-Unraid/kernel/fs/jbd2/jbd2.ko.xz
  INSTALL /home/lain/codex/i915/my-unraid-kernel/build/modules-stage/lib/modules/6.18.44-Unraid/kernel/fs/exfat/exfat.ko
  XZ      /home/lain/codex/i915/my-unraid-kernel/build/modules-stage/lib/modules/6.18.44-Unraid/kernel/fs/exfat/exfat.ko.xz
  INSTALL /home/lain/codex/i915/my-unraid-kernel/build/modules-stage/lib/modules/6.18.44-Unraid/kernel/fs/hfsplus/hfsplus.ko
  XZ      /home/lain/codex/i915/my-unraid-kernel/build/modules-stage/lib/modules/6.18.44-Unraid/kernel/fs/hfsplus/hfsplus.ko.xz
  INSTALL /home/lain/codex/i915/my-unraid-kernel/build/modules-stage/lib/modules/6.18.44-Unraid/kernel/fs/nfs/nfs.ko
  XZ      /home/lain/codex/i915/my-unraid-kernel/build/modules-stage/lib/modules/6.18.44-Unraid/kernel/fs/nfs/nfs.ko.xz
  INSTALL /home/lain/codex/i915/my-unraid-kernel/build/modules-stage/lib/modules/6.18.44-Unraid/kernel/fs/nfs/nfsv2.ko
  XZ      /home/lain/codex/i915/my-unraid-kernel/build/modules-stage/lib/modules/6.18.44-Unraid/kernel/fs/nfs/nfsv2.ko.xz
  INSTALL /home/lain/codex/i915/my-unraid-kernel/build/modules-stage/lib/modules/6.18.44-Unraid/kernel/fs/nfs/nfsv3.ko
  XZ      /home/lain/codex/i915/my-unraid-kernel/build/modules-stage/lib/modules/6.18.44-Unraid/kernel/fs/nfs/nfsv3.ko.xz
  INSTALL /home/lain/codex/i915/my-unraid-kernel/build/modules-stage/lib/modules/6.18.44-Unraid/kernel/fs/nfs/nfsv4.ko
  XZ      /home/lain/codex/i915/my-unraid-kernel/build/modules-stage/lib/modules/6.18.44-Unraid/kernel/fs/nfs/nfsv4.ko.xz
  INSTALL /home/lain/codex/i915/my-unraid-kernel/build/modules-stage/lib/modules/6.18.44-Unraid/kernel/fs/nfs/filelayout/nfs_layout_nfsv41_files.ko
  XZ      /home/lain/codex/i915/my-unraid-kernel/build/modules-stage/lib/modules/6.18.44-Unraid/kernel/fs/nfs/filelayout/nfs_layout_nfsv41_files.ko.xz
  INSTALL /home/lain/codex/i915/my-unraid-kernel/build/modules-stage/lib/modules/6.18.44-Unraid/kernel/fs/nfs/blocklayout/blocklayoutdriver.ko
  XZ      /home/lain/codex/i915/my-unraid-kernel/build/modules-stage/lib/modules/6.18.44-Unraid/kernel/fs/nfs/blocklayout/blocklayoutdriver.ko.xz
  INSTALL /home/lain/codex/i915/my-unraid-kernel/build/modules-stage/lib/modules/6.18.44-Unraid/kernel/fs/nfs/flexfilelayout/nfs_layout_flexfiles.ko
  XZ      /home/lain/codex/i915/my-unraid-kernel/build/modules-stage/lib/modules/6.18.44-Unraid/kernel/fs/nfs/flexfilelayout/nfs_layout_flexfiles.ko.xz
  INSTALL /home/lain/codex/i915/my-unraid-kernel/build/modules-stage/lib/modules/6.18.44-Unraid/kernel/fs/nfsd/nfsd.ko
  XZ      /home/lain/codex/i915/my-unraid-kernel/build/modules-stage/lib/modules/6.18.44-Unraid/kernel/fs/nfsd/nfsd.ko.xz
  INSTALL /home/lain/codex/i915/my-unraid-kernel/build/modules-stage/lib/modules/6.18.44-Unraid/kernel/fs/lockd/lockd.ko
  XZ      /home/lain/codex/i915/my-unraid-kernel/build/modules-stage/lib/modules/6.18.44-Unraid/kernel/fs/lockd/lockd.ko.xz
  INSTALL /home/lain/codex/i915/my-unraid-kernel/build/modules-stage/lib/modules/6.18.44-Unraid/kernel/fs/smb/common/cifs_md4.ko
  XZ      /home/lain/codex/i915/my-unraid-kernel/build/modules-stage/lib/modules/6.18.44-Unraid/kernel/fs/smb/common/cifs_md4.ko.xz
  INSTALL /home/lain/codex/i915/my-unraid-kernel/build/modules-stage/lib/modules/6.18.44-Unraid/kernel/fs/smb/client/cifs.ko
  XZ      /home/lain/codex/i915/my-unraid-kernel/build/modules-stage/lib/modules/6.18.44-Unraid/kernel/fs/smb/client/cifs.ko.xz
  INSTALL /home/lain/codex/i915/my-unraid-kernel/build/modules-stage/lib/modules/6.18.44-Unraid/kernel/fs/ntfs3/ntfs3.ko
  XZ      /home/lain/codex/i915/my-unraid-kernel/build/modules-stage/lib/modules/6.18.44-Unraid/kernel/fs/ntfs3/ntfs3.ko.xz
  INSTALL /home/lain/codex/i915/my-unraid-kernel/build/modules-stage/lib/modules/6.18.44-Unraid/kernel/fs/9p/9p.ko
  XZ      /home/lain/codex/i915/my-unraid-kernel/build/modules-stage/lib/modules/6.18.44-Unraid/kernel/fs/9p/9p.ko.xz
  INSTALL /home/lain/codex/i915/my-unraid-kernel/build/modules-stage/lib/modules/6.18.44-Unraid/kernel/fs/f2fs/f2fs.ko
  XZ      /home/lain/codex/i915/my-unraid-kernel/build/modules-stage/lib/modules/6.18.44-Unraid/kernel/fs/f2fs/f2fs.ko.xz
  INSTALL /home/lain/codex/i915/my-unraid-kernel/build/modules-stage/lib/modules/6.18.44-Unraid/kernel/crypto/crypto_engine.ko
  XZ      /home/lain/codex/i915/my-unraid-kernel/build/modules-stage/lib/modules/6.18.44-Unraid/kernel/crypto/crypto_engine.ko.xz
  INSTALL /home/lain/codex/i915/my-unraid-kernel/build/modules-stage/lib/modules/6.18.44-Unraid/kernel/crypto/dh_generic.ko
  XZ      /home/lain/codex/i915/my-unraid-kernel/build/modules-stage/lib/modules/6.18.44-Unraid/kernel/crypto/dh_generic.ko.xz
  INSTALL /home/lain/codex/i915/my-unraid-kernel/build/modules-stage/lib/modules/6.18.44-Unraid/kernel/crypto/crypto_user.ko
  XZ      /home/lain/codex/i915/my-unraid-kernel/build/modules-stage/lib/modules/6.18.44-Unraid/kernel/crypto/crypto_user.ko.xz
  INSTALL /home/lain/codex/i915/my-unraid-kernel/build/modules-stage/lib/modules/6.18.44-Unraid/kernel/crypto/cmac.ko
  XZ      /home/lain/codex/i915/my-unraid-kernel/build/modules-stage/lib/modules/6.18.44-Unraid/kernel/crypto/cmac.ko.xz
  INSTALL /home/lain/codex/i915/my-unraid-kernel/build/modules-stage/lib/modules/6.18.44-Unraid/kernel/crypto/xcbc.ko
  XZ      /home/lain/codex/i915/my-unraid-kernel/build/modules-stage/lib/modules/6.18.44-Unraid/kernel/crypto/xcbc.ko.xz
  INSTALL /home/lain/codex/i915/my-unraid-kernel/build/modules-stage/lib/modules/6.18.44-Unraid/kernel/crypto/md4.ko
  XZ      /home/lain/codex/i915/my-unraid-kernel/build/modules-stage/lib/modules/6.18.44-Unraid/kernel/crypto/md4.ko.xz
  INSTALL /home/lain/codex/i915/my-unraid-kernel/build/modules-stage/lib/modules/6.18.44-Unraid/kernel/crypto/rmd160.ko
  XZ      /home/lain/codex/i915/my-unraid-kernel/build/modules-stage/lib/modules/6.18.44-Unraid/kernel/crypto/rmd160.ko.xz
  INSTALL /home/lain/codex/i915/my-unraid-kernel/build/modules-stage/lib/modules/6.18.44-Unraid/kernel/crypto/wp512.ko
  XZ      /home/lain/codex/i915/my-unraid-kernel/build/modules-stage/lib/modules/6.18.44-Unraid/kernel/crypto/wp512.ko.xz
  INSTALL /home/lain/codex/i915/my-unraid-kernel/build/modules-stage/lib/modules/6.18.44-Unraid/kernel/crypto/pcbc.ko
  XZ      /home/lain/codex/i915/my-unraid-kernel/build/modules-stage/lib/modules/6.18.44-Unraid/kernel/crypto/pcbc.ko.xz
  INSTALL /home/lain/codex/i915/my-unraid-kernel/build/modules-stage/lib/modules/6.18.44-Unraid/kernel/crypto/cts.ko
  XZ      /home/lain/codex/i915/my-unraid-kernel/build/modules-stage/lib/modules/6.18.44-Unraid/kernel/crypto/cts.ko.xz
  INSTALL /home/lain/codex/i915/my-unraid-kernel/build/modules-stage/lib/modules/6.18.44-Unraid/kernel/crypto/lrw.ko
  XZ      /home/lain/codex/i915/my-unraid-kernel/build/modules-stage/lib/modules/6.18.44-Unraid/kernel/crypto/lrw.ko.xz
  INSTALL /home/lain/codex/i915/my-unraid-kernel/build/modules-stage/lib/modules/6.18.44-Unraid/kernel/crypto/xts.ko
  XZ      /home/lain/codex/i915/my-unraid-kernel/build/modules-stage/lib/modules/6.18.44-Unraid/kernel/crypto/xts.ko.xz
  INSTALL /home/lain/codex/i915/my-unraid-kernel/build/modules-stage/lib/modules/6.18.44-Unraid/kernel/crypto/xctr.ko
  XZ      /home/lain/codex/i915/my-unraid-kernel/build/modules-stage/lib/modules/6.18.44-Unraid/kernel/crypto/xctr.ko.xz
  INSTALL /home/lain/codex/i915/my-unraid-kernel/build/modules-stage/lib/modules/6.18.44-Unraid/kernel/crypto/hctr2.ko
  XZ      /home/lain/codex/i915/my-unraid-kernel/build/modules-stage/lib/modules/6.18.44-Unraid/kernel/crypto/hctr2.ko.xz
  INSTALL /home/lain/codex/i915/my-unraid-kernel/build/modules-stage/lib/modules/6.18.44-Unraid/kernel/crypto/ccm.ko
  XZ      /home/lain/codex/i915/my-unraid-kernel/build/modules-stage/lib/modules/6.18.44-Unraid/kernel/crypto/ccm.ko.xz
  INSTALL /home/lain/codex/i915/my-unraid-kernel/build/modules-stage/lib/modules/6.18.44-Unraid/kernel/crypto/chacha20poly1305.ko
  XZ      /home/lain/codex/i915/my-unraid-kernel/build/modules-stage/lib/modules/6.18.44-Unraid/kernel/crypto/chacha20poly1305.ko.xz
  INSTALL /home/lain/codex/i915/my-unraid-kernel/build/modules-stage/lib/modules/6.18.44-Unraid/kernel/crypto/pcrypt.ko
  XZ      /home/lain/codex/i915/my-unraid-kernel/build/modules-stage/lib/modules/6.18.44-Unraid/kernel/crypto/pcrypt.ko.xz
  INSTALL /home/lain/codex/i915/my-unraid-kernel/build/modules-stage/lib/modules/6.18.44-Unraid/kernel/crypto/cryptd.ko
  XZ      /home/lain/codex/i915/my-unraid-kernel/build/modules-stage/lib/modules/6.18.44-Unraid/kernel/crypto/cryptd.ko.xz
  INSTALL /home/lain/codex/i915/my-unraid-kernel/build/modules-stage/lib/modules/6.18.44-Unraid/kernel/crypto/fcrypt.ko
  XZ      /home/lain/codex/i915/my-unraid-kernel/build/modules-stage/lib/modules/6.18.44-Unraid/kernel/crypto/fcrypt.ko.xz
  INSTALL /home/lain/codex/i915/my-unraid-kernel/build/modules-stage/lib/modules/6.18.44-Unraid/kernel/crypto/blowfish_generic.ko
  XZ      /home/lain/codex/i915/my-unraid-kernel/build/modules-stage/lib/modules/6.18.44-Unraid/kernel/crypto/blowfish_generic.ko.xz
  INSTALL /home/lain/codex/i915/my-unraid-kernel/build/modules-stage/lib/modules/6.18.44-Unraid/kernel/crypto/blowfish_common.ko
  XZ      /home/lain/codex/i915/my-unraid-kernel/build/modules-stage/lib/modules/6.18.44-Unraid/kernel/crypto/blowfish_common.ko.xz
  INSTALL /home/lain/codex/i915/my-unraid-kernel/build/modules-stage/lib/modules/6.18.44-Unraid/kernel/crypto/twofish_generic.ko
  XZ      /home/lain/codex/i915/my-unraid-kernel/build/modules-stage/lib/modules/6.18.44-Unraid/kernel/crypto/twofish_generic.ko.xz
  INSTALL /home/lain/codex/i915/my-unraid-kernel/build/modules-stage/lib/modules/6.18.44-Unraid/kernel/crypto/twofish_common.ko
  XZ      /home/lain/codex/i915/my-unraid-kernel/build/modules-stage/lib/modules/6.18.44-Unraid/kernel/crypto/twofish_common.ko.xz
  INSTALL /home/lain/codex/i915/my-unraid-kernel/build/modules-stage/lib/modules/6.18.44-Unraid/kernel/crypto/serpent_generic.ko
  XZ      /home/lain/codex/i915/my-unraid-kernel/build/modules-stage/lib/modules/6.18.44-Unraid/kernel/crypto/serpent_generic.ko.xz
  INSTALL /home/lain/codex/i915/my-unraid-kernel/build/modules-stage/lib/modules/6.18.44-Unraid/kernel/crypto/aes_ti.ko
  XZ      /home/lain/codex/i915/my-unraid-kernel/build/modules-stage/lib/modules/6.18.44-Unraid/kernel/crypto/aes_ti.ko.xz
  INSTALL /home/lain/codex/i915/my-unraid-kernel/build/modules-stage/lib/modules/6.18.44-Unraid/kernel/crypto/camellia_generic.ko
  XZ      /home/lain/codex/i915/my-unraid-kernel/build/modules-stage/lib/modules/6.18.44-Unraid/kernel/crypto/camellia_generic.ko.xz
  INSTALL /home/lain/codex/i915/my-unraid-kernel/build/modules-stage/lib/modules/6.18.44-Unraid/kernel/crypto/cast_common.ko
  XZ      /home/lain/codex/i915/my-unraid-kernel/build/modules-stage/lib/modules/6.18.44-Unraid/kernel/crypto/cast_common.ko.xz
  INSTALL /home/lain/codex/i915/my-unraid-kernel/build/modules-stage/lib/modules/6.18.44-Unraid/kernel/crypto/cast5_generic.ko
  XZ      /home/lain/codex/i915/my-unraid-kernel/build/modules-stage/lib/modules/6.18.44-Unraid/kernel/crypto/cast5_generic.ko.xz
  INSTALL /home/lain/codex/i915/my-unraid-kernel/build/modules-stage/lib/modules/6.18.44-Unraid/kernel/crypto/cast6_generic.ko
  XZ      /home/lain/codex/i915/my-unraid-kernel/build/modules-stage/lib/modules/6.18.44-Unraid/kernel/crypto/cast6_generic.ko.xz
  INSTALL /home/lain/codex/i915/my-unraid-kernel/build/modules-stage/lib/modules/6.18.44-Unraid/kernel/crypto/arc4.ko
  XZ      /home/lain/codex/i915/my-unraid-kernel/build/modules-stage/lib/modules/6.18.44-Unraid/kernel/crypto/arc4.ko.xz
  INSTALL /home/lain/codex/i915/my-unraid-kernel/build/modules-stage/lib/modules/6.18.44-Unraid/kernel/crypto/tea.ko
  XZ      /home/lain/codex/i915/my-unraid-kernel/build/modules-stage/lib/modules/6.18.44-Unraid/kernel/crypto/tea.ko.xz
  INSTALL /home/lain/codex/i915/my-unraid-kernel/build/modules-stage/lib/modules/6.18.44-Unraid/kernel/crypto/khazad.ko
  XZ      /home/lain/codex/i915/my-unraid-kernel/build/modules-stage/lib/modules/6.18.44-Unraid/kernel/crypto/khazad.ko.xz
  INSTALL /home/lain/codex/i915/my-unraid-kernel/build/modules-stage/lib/modules/6.18.44-Unraid/kernel/crypto/anubis.ko
  XZ      /home/lain/codex/i915/my-unraid-kernel/build/modules-stage/lib/modules/6.18.44-Unraid/kernel/crypto/anubis.ko.xz
  INSTALL /home/lain/codex/i915/my-unraid-kernel/build/modules-stage/lib/modules/6.18.44-Unraid/kernel/crypto/seed.ko
  XZ      /home/lain/codex/i915/my-unraid-kernel/build/modules-stage/lib/modules/6.18.44-Unraid/kernel/crypto/seed.ko.xz
  INSTALL /home/lain/codex/i915/my-unraid-kernel/build/modules-stage/lib/modules/6.18.44-Unraid/kernel/crypto/chacha.ko
  XZ      /home/lain/codex/i915/my-unraid-kernel/build/modules-stage/lib/modules/6.18.44-Unraid/kernel/crypto/chacha.ko.xz
  INSTALL /home/lain/codex/i915/my-unraid-kernel/build/modules-stage/lib/modules/6.18.44-Unraid/kernel/crypto/michael_mic.ko
  XZ      /home/lain/codex/i915/my-unraid-kernel/build/modules-stage/lib/modules/6.18.44-Unraid/kernel/crypto/michael_mic.ko.xz
  INSTALL /home/lain/codex/i915/my-unraid-kernel/build/modules-stage/lib/modules/6.18.44-Unraid/kernel/crypto/crc32-cryptoapi.ko
  XZ      /home/lain/codex/i915/my-unraid-kernel/build/modules-stage/lib/modules/6.18.44-Unraid/kernel/crypto/crc32-cryptoapi.ko.xz
  INSTALL /home/lain/codex/i915/my-unraid-kernel/build/modules-stage/lib/modules/6.18.44-Unraid/kernel/crypto/lzo.ko
  XZ      /home/lain/codex/i915/my-unraid-kernel/build/modules-stage/lib/modules/6.18.44-Unraid/kernel/crypto/lzo.ko.xz
  INSTALL /home/lain/codex/i915/my-unraid-kernel/build/modules-stage/lib/modules/6.18.44-Unraid/kernel/crypto/lzo-rle.ko
  XZ      /home/lain/codex/i915/my-unraid-kernel/build/modules-stage/lib/modules/6.18.44-Unraid/kernel/crypto/lzo-rle.ko.xz
  INSTALL /home/lain/codex/i915/my-unraid-kernel/build/modules-stage/lib/modules/6.18.44-Unraid/kernel/crypto/lz4.ko
  XZ      /home/lain/codex/i915/my-unraid-kernel/build/modules-stage/lib/modules/6.18.44-Unraid/kernel/crypto/lz4.ko.xz
  INSTALL /home/lain/codex/i915/my-unraid-kernel/build/modules-stage/lib/modules/6.18.44-Unraid/kernel/crypto/lz4hc.ko
  XZ      /home/lain/codex/i915/my-unraid-kernel/build/modules-stage/lib/modules/6.18.44-Unraid/kernel/crypto/lz4hc.ko.xz
  INSTALL /home/lain/codex/i915/my-unraid-kernel/build/modules-stage/lib/modules/6.18.44-Unraid/kernel/crypto/842.ko
  XZ      /home/lain/codex/i915/my-unraid-kernel/build/modules-stage/lib/modules/6.18.44-Unraid/kernel/crypto/842.ko.xz
  INSTALL /home/lain/codex/i915/my-unraid-kernel/build/modules-stage/lib/modules/6.18.44-Unraid/kernel/crypto/ansi_cprng.ko
  XZ      /home/lain/codex/i915/my-unraid-kernel/build/modules-stage/lib/modules/6.18.44-Unraid/kernel/crypto/ansi_cprng.ko.xz
  INSTALL /home/lain/codex/i915/my-unraid-kernel/build/modules-stage/lib/modules/6.18.44-Unraid/kernel/crypto/polyval-generic.ko
  XZ      /home/lain/codex/i915/my-unraid-kernel/build/modules-stage/lib/modules/6.18.44-Unraid/kernel/crypto/polyval-generic.ko.xz
  INSTALL /home/lain/codex/i915/my-unraid-kernel/build/modules-stage/lib/modules/6.18.44-Unraid/kernel/crypto/af_alg.ko
  XZ      /home/lain/codex/i915/my-unraid-kernel/build/modules-stage/lib/modules/6.18.44-Unraid/kernel/crypto/af_alg.ko.xz
  INSTALL /home/lain/codex/i915/my-unraid-kernel/build/modules-stage/lib/modules/6.18.44-Unraid/kernel/crypto/algif_hash.ko
  XZ      /home/lain/codex/i915/my-unraid-kernel/build/modules-stage/lib/modules/6.18.44-Unraid/kernel/crypto/algif_hash.ko.xz
  INSTALL /home/lain/codex/i915/my-unraid-kernel/build/modules-stage/lib/modules/6.18.44-Unraid/kernel/crypto/algif_skcipher.ko
  XZ      /home/lain/codex/i915/my-unraid-kernel/build/modules-stage/lib/modules/6.18.44-Unraid/kernel/crypto/algif_skcipher.ko.xz
  INSTALL /home/lain/codex/i915/my-unraid-kernel/build/modules-stage/lib/modules/6.18.44-Unraid/kernel/crypto/algif_rng.ko
  XZ      /home/lain/codex/i915/my-unraid-kernel/build/modules-stage/lib/modules/6.18.44-Unraid/kernel/crypto/algif_rng.ko.xz
  INSTALL /home/lain/codex/i915/my-unraid-kernel/build/modules-stage/lib/modules/6.18.44-Unraid/kernel/crypto/algif_aead.ko
  XZ      /home/lain/codex/i915/my-unraid-kernel/build/modules-stage/lib/modules/6.18.44-Unraid/kernel/crypto/algif_aead.ko.xz
  INSTALL /home/lain/codex/i915/my-unraid-kernel/build/modules-stage/lib/modules/6.18.44-Unraid/kernel/crypto/zstd.ko
  XZ      /home/lain/codex/i915/my-unraid-kernel/build/modules-stage/lib/modules/6.18.44-Unraid/kernel/crypto/zstd.ko.xz
  INSTALL /home/lain/codex/i915/my-unraid-kernel/build/modules-stage/lib/modules/6.18.44-Unraid/kernel/crypto/ecc.ko
  XZ      /home/lain/codex/i915/my-unraid-kernel/build/modules-stage/lib/modules/6.18.44-Unraid/kernel/crypto/ecc.ko.xz
  INSTALL /home/lain/codex/i915/my-unraid-kernel/build/modules-stage/lib/modules/6.18.44-Unraid/kernel/crypto/essiv.ko
  XZ      /home/lain/codex/i915/my-unraid-kernel/build/modules-stage/lib/modules/6.18.44-Unraid/kernel/crypto/essiv.ko.xz
  INSTALL /home/lain/codex/i915/my-unraid-kernel/build/modules-stage/lib/modules/6.18.44-Unraid/kernel/crypto/ecdh_generic.ko
  XZ      /home/lain/codex/i915/my-unraid-kernel/build/modules-stage/lib/modules/6.18.44-Unraid/kernel/crypto/ecdh_generic.ko.xz
  INSTALL /home/lain/codex/i915/my-unraid-kernel/build/modules-stage/lib/modules/6.18.44-Unraid/kernel/lib/math/cordic.ko
  XZ      /home/lain/codex/i915/my-unraid-kernel/build/modules-stage/lib/modules/6.18.44-Unraid/kernel/lib/math/cordic.ko.xz
  INSTALL /home/lain/codex/i915/my-unraid-kernel/build/modules-stage/lib/modules/6.18.44-Unraid/kernel/lib/crc/crc8.ko
  XZ      /home/lain/codex/i915/my-unraid-kernel/build/modules-stage/lib/modules/6.18.44-Unraid/kernel/lib/crc/crc8.ko.xz
  INSTALL /home/lain/codex/i915/my-unraid-kernel/build/modules-stage/lib/modules/6.18.44-Unraid/kernel/lib/crc/crc16.ko
  XZ      /home/lain/codex/i915/my-unraid-kernel/build/modules-stage/lib/modules/6.18.44-Unraid/kernel/lib/crc/crc16.ko.xz
  INSTALL /home/lain/codex/i915/my-unraid-kernel/build/modules-stage/lib/modules/6.18.44-Unraid/kernel/lib/crc/crc-ccitt.ko
  XZ      /home/lain/codex/i915/my-unraid-kernel/build/modules-stage/lib/modules/6.18.44-Unraid/kernel/lib/crc/crc-ccitt.ko.xz
  INSTALL /home/lain/codex/i915/my-unraid-kernel/build/modules-stage/lib/modules/6.18.44-Unraid/kernel/lib/crypto/libaescfb.ko
  XZ      /home/lain/codex/i915/my-unraid-kernel/build/modules-stage/lib/modules/6.18.44-Unraid/kernel/lib/crypto/libaescfb.ko.xz
  INSTALL /home/lain/codex/i915/my-unraid-kernel/build/modules-stage/lib/modules/6.18.44-Unraid/kernel/lib/crypto/libarc4.ko
  XZ      /home/lain/codex/i915/my-unraid-kernel/build/modules-stage/lib/modules/6.18.44-Unraid/kernel/lib/crypto/libarc4.ko.xz
  INSTALL /home/lain/codex/i915/my-unraid-kernel/build/modules-stage/lib/modules/6.18.44-Unraid/kernel/lib/crypto/libchacha.ko
  XZ      /home/lain/codex/i915/my-unraid-kernel/build/modules-stage/lib/modules/6.18.44-Unraid/kernel/lib/crypto/libchacha.ko.xz
  INSTALL /home/lain/codex/i915/my-unraid-kernel/build/modules-stage/lib/modules/6.18.44-Unraid/kernel/lib/crypto/libchacha20poly1305.ko
  XZ      /home/lain/codex/i915/my-unraid-kernel/build/modules-stage/lib/modules/6.18.44-Unraid/kernel/lib/crypto/libchacha20poly1305.ko.xz
  INSTALL /home/lain/codex/i915/my-unraid-kernel/build/modules-stage/lib/modules/6.18.44-Unraid/kernel/lib/crypto/libcurve25519.ko
  XZ      /home/lain/codex/i915/my-unraid-kernel/build/modules-stage/lib/modules/6.18.44-Unraid/kernel/lib/crypto/libcurve25519.ko.xz
  INSTALL /home/lain/codex/i915/my-unraid-kernel/build/modules-stage/lib/modules/6.18.44-Unraid/kernel/lib/crypto/libpoly1305.ko
  XZ      /home/lain/codex/i915/my-unraid-kernel/build/modules-stage/lib/modules/6.18.44-Unraid/kernel/lib/crypto/libpoly1305.ko.xz
  INSTALL /home/lain/codex/i915/my-unraid-kernel/build/modules-stage/lib/modules/6.18.44-Unraid/kernel/lib/ts_kmp.ko
  XZ      /home/lain/codex/i915/my-unraid-kernel/build/modules-stage/lib/modules/6.18.44-Unraid/kernel/lib/ts_kmp.ko.xz
  INSTALL /home/lain/codex/i915/my-unraid-kernel/build/modules-stage/lib/modules/6.18.44-Unraid/kernel/lib/ts_bm.ko
  XZ      /home/lain/codex/i915/my-unraid-kernel/build/modules-stage/lib/modules/6.18.44-Unraid/kernel/lib/ts_bm.ko.xz
  INSTALL /home/lain/codex/i915/my-unraid-kernel/build/modules-stage/lib/modules/6.18.44-Unraid/kernel/lib/ts_fsm.ko
  XZ      /home/lain/codex/i915/my-unraid-kernel/build/modules-stage/lib/modules/6.18.44-Unraid/kernel/lib/ts_fsm.ko.xz
  INSTALL /home/lain/codex/i915/my-unraid-kernel/build/modules-stage/lib/modules/6.18.44-Unraid/kernel/lib/parman.ko
  XZ      /home/lain/codex/i915/my-unraid-kernel/build/modules-stage/lib/modules/6.18.44-Unraid/kernel/lib/parman.ko.xz
  INSTALL /home/lain/codex/i915/my-unraid-kernel/build/modules-stage/lib/modules/6.18.44-Unraid/kernel/lib/objagg.ko
  XZ      /home/lain/codex/i915/my-unraid-kernel/build/modules-stage/lib/modules/6.18.44-Unraid/kernel/lib/objagg.ko.xz
  INSTALL /home/lain/codex/i915/my-unraid-kernel/build/modules-stage/lib/modules/6.18.44-Unraid/kernel/drivers/bus/mhi/host/mhi.ko
  XZ      /home/lain/codex/i915/my-unraid-kernel/build/modules-stage/lib/modules/6.18.44-Unraid/kernel/drivers/bus/mhi/host/mhi.ko.xz
  INSTALL /home/lain/codex/i915/my-unraid-kernel/build/modules-stage/lib/modules/6.18.44-Unraid/kernel/drivers/leds/trigger/ledtrig-oneshot.ko
  XZ      /home/lain/codex/i915/my-unraid-kernel/build/modules-stage/lib/modules/6.18.44-Unraid/kernel/drivers/leds/trigger/ledtrig-oneshot.ko.xz
  INSTALL /home/lain/codex/i915/my-unraid-kernel/build/modules-stage/lib/modules/6.18.44-Unraid/kernel/drivers/leds/trigger/ledtrig-netdev.ko
  XZ      /home/lain/codex/i915/my-unraid-kernel/build/modules-stage/lib/modules/6.18.44-Unraid/kernel/drivers/leds/trigger/ledtrig-netdev.ko.xz
  INSTALL /home/lain/codex/i915/my-unraid-kernel/build/modules-stage/lib/modules/6.18.44-Unraid/kernel/drivers/leds/led-class.ko
  XZ      /home/lain/codex/i915/my-unraid-kernel/build/modules-stage/lib/modules/6.18.44-Unraid/kernel/drivers/leds/led-class.ko.xz
  INSTALL /home/lain/codex/i915/my-unraid-kernel/build/modules-stage/lib/modules/6.18.44-Unraid/kernel/drivers/video/backlight/lcd.ko
  XZ      /home/lain/codex/i915/my-unraid-kernel/build/modules-stage/lib/modules/6.18.44-Unraid/kernel/drivers/video/backlight/lcd.ko.xz
  INSTALL /home/lain/codex/i915/my-unraid-kernel/build/modules-stage/lib/modules/6.18.44-Unraid/kernel/drivers/video/backlight/backlight.ko
  XZ      /home/lain/codex/i915/my-unraid-kernel/build/modules-stage/lib/modules/6.18.44-Unraid/kernel/drivers/video/backlight/backlight.ko.xz
  INSTALL /home/lain/codex/i915/my-unraid-kernel/build/modules-stage/lib/modules/6.18.44-Unraid/kernel/drivers/char/ipmi/ipmi_devintf.ko
  XZ      /home/lain/codex/i915/my-unraid-kernel/build/modules-stage/lib/modules/6.18.44-Unraid/kernel/drivers/char/ipmi/ipmi_devintf.ko.xz
  INSTALL /home/lain/codex/i915/my-unraid-kernel/build/modules-stage/lib/modules/6.18.44-Unraid/kernel/drivers/char/ipmi/ipmi_si.ko
  XZ      /home/lain/codex/i915/my-unraid-kernel/build/modules-stage/lib/modules/6.18.44-Unraid/kernel/drivers/char/ipmi/ipmi_si.ko.xz
  INSTALL /home/lain/codex/i915/my-unraid-kernel/build/modules-stage/lib/modules/6.18.44-Unraid/kernel/drivers/char/ipmi/ipmi_ssif.ko
  XZ      /home/lain/codex/i915/my-unraid-kernel/build/modules-stage/lib/modules/6.18.44-Unraid/kernel/drivers/char/ipmi/ipmi_ssif.ko.xz
  INSTALL /home/lain/codex/i915/my-unraid-kernel/build/modules-stage/lib/modules/6.18.44-Unraid/kernel/drivers/char/ipmi/ipmi_watchdog.ko
  XZ      /home/lain/codex/i915/my-unraid-kernel/build/modules-stage/lib/modules/6.18.44-Unraid/kernel/drivers/char/ipmi/ipmi_watchdog.ko.xz
  INSTALL /home/lain/codex/i915/my-unraid-kernel/build/modules-stage/lib/modules/6.18.44-Unraid/kernel/drivers/char/ipmi/ipmi_poweroff.ko
  XZ      /home/lain/codex/i915/my-unraid-kernel/build/modules-stage/lib/modules/6.18.44-Unraid/kernel/drivers/char/ipmi/ipmi_poweroff.ko.xz
  INSTALL /home/lain/codex/i915/my-unraid-kernel/build/modules-stage/lib/modules/6.18.44-Unraid/kernel/drivers/acpi/dptf/dptf_power.ko
  XZ      /home/lain/codex/i915/my-unraid-kernel/build/modules-stage/lib/modules/6.18.44-Unraid/kernel/drivers/acpi/dptf/dptf_power.ko.xz
  INSTALL /home/lain/codex/i915/my-unraid-kernel/build/modules-stage/lib/modules/6.18.44-Unraid/kernel/drivers/acpi/dptf/dptf_pch_fivr.ko
  XZ      /home/lain/codex/i915/my-unraid-kernel/build/modules-stage/lib/modules/6.18.44-Unraid/kernel/drivers/acpi/dptf/dptf_pch_fivr.ko.xz
  INSTALL /home/lain/codex/i915/my-unraid-kernel/build/modules-stage/lib/modules/6.18.44-Unraid/kernel/drivers/acpi/acpi_ipmi.ko
  XZ      /home/lain/codex/i915/my-unraid-kernel/build/modules-stage/lib/modules/6.18.44-Unraid/kernel/drivers/acpi/acpi_ipmi.ko.xz
  INSTALL /home/lain/codex/i915/my-unraid-kernel/build/modules-stage/lib/modules/6.18.44-Unraid/kernel/drivers/acpi/ac.ko
  XZ      /home/lain/codex/i915/my-unraid-kernel/build/modules-stage/lib/modules/6.18.44-Unraid/kernel/drivers/acpi/ac.ko.xz
  INSTALL /home/lain/codex/i915/my-unraid-kernel/build/modules-stage/lib/modules/6.18.44-Unraid/kernel/drivers/acpi/button.ko
  XZ      /home/lain/codex/i915/my-unraid-kernel/build/modules-stage/lib/modules/6.18.44-Unraid/kernel/drivers/acpi/button.ko.xz
  INSTALL /home/lain/codex/i915/my-unraid-kernel/build/modules-stage/lib/modules/6.18.44-Unraid/kernel/drivers/acpi/fan.ko
  XZ      /home/lain/codex/i915/my-unraid-kernel/build/modules-stage/lib/modules/6.18.44-Unraid/kernel/drivers/acpi/fan.ko.xz
  INSTALL /home/lain/codex/i915/my-unraid-kernel/build/modules-stage/lib/modules/6.18.44-Unraid/kernel/drivers/acpi/video.ko
  XZ      /home/lain/codex/i915/my-unraid-kernel/build/modules-stage/lib/modules/6.18.44-Unraid/kernel/drivers/acpi/video.ko.xz
  INSTALL /home/lain/codex/i915/my-unraid-kernel/build/modules-stage/lib/modules/6.18.44-Unraid/kernel/drivers/acpi/acpi_tad.ko
  XZ      /home/lain/codex/i915/my-unraid-kernel/build/modules-stage/lib/modules/6.18.44-Unraid/kernel/drivers/acpi/acpi_tad.ko.xz
  INSTALL /home/lain/codex/i915/my-unraid-kernel/build/modules-stage/lib/modules/6.18.44-Unraid/kernel/drivers/acpi/thermal.ko
  XZ      /home/lain/codex/i915/my-unraid-kernel/build/modules-stage/lib/modules/6.18.44-Unraid/kernel/drivers/acpi/thermal.ko.xz
  INSTALL /home/lain/codex/i915/my-unraid-kernel/build/modules-stage/lib/modules/6.18.44-Unraid/kernel/drivers/acpi/platform_profile.ko
  XZ      /home/lain/codex/i915/my-unraid-kernel/build/modules-stage/lib/modules/6.18.44-Unraid/kernel/drivers/acpi/platform_profile.ko.xz
  INSTALL /home/lain/codex/i915/my-unraid-kernel/build/modules-stage/lib/modules/6.18.44-Unraid/kernel/drivers/acpi/battery.ko
  XZ      /home/lain/codex/i915/my-unraid-kernel/build/modules-stage/lib/modules/6.18.44-Unraid/kernel/drivers/acpi/battery.ko.xz
  INSTALL /home/lain/codex/i915/my-unraid-kernel/build/modules-stage/lib/modules/6.18.44-Unraid/kernel/drivers/acpi/acpi_pad.ko
  XZ      /home/lain/codex/i915/my-unraid-kernel/build/modules-stage/lib/modules/6.18.44-Unraid/kernel/drivers/acpi/acpi_pad.ko.xz
  INSTALL /home/lain/codex/i915/my-unraid-kernel/build/modules-stage/lib/modules/6.18.44-Unraid/kernel/drivers/acpi/acpi_configfs.ko
  XZ      /home/lain/codex/i915/my-unraid-kernel/build/modules-stage/lib/modules/6.18.44-Unraid/kernel/drivers/acpi/acpi_configfs.ko.xz
  INSTALL /home/lain/codex/i915/my-unraid-kernel/build/modules-stage/lib/modules/6.18.44-Unraid/kernel/drivers/soc/qcom/mdt_loader.ko
  XZ      /home/lain/codex/i915/my-unraid-kernel/build/modules-stage/lib/modules/6.18.44-Unraid/kernel/drivers/soc/qcom/mdt_loader.ko.xz
  INSTALL /home/lain/codex/i915/my-unraid-kernel/build/modules-stage/lib/modules/6.18.44-Unraid/kernel/drivers/soc/qcom/qmi_helpers.ko
  XZ      /home/lain/codex/i915/my-unraid-kernel/build/modules-stage/lib/modules/6.18.44-Unraid/kernel/drivers/soc/qcom/qmi_helpers.ko.xz
  INSTALL /home/lain/codex/i915/my-unraid-kernel/build/modules-stage/lib/modules/6.18.44-Unraid/kernel/drivers/virtio/virtio_dma_buf.ko
  XZ      /home/lain/codex/i915/my-unraid-kernel/build/modules-stage/lib/modules/6.18.44-Unraid/kernel/drivers/virtio/virtio_dma_buf.ko.xz
  INSTALL /home/lain/codex/i915/my-unraid-kernel/build/modules-stage/lib/modules/6.18.44-Unraid/kernel/drivers/char/hw_random/virtio-rng.ko
  XZ      /home/lain/codex/i915/my-unraid-kernel/build/modules-stage/lib/modules/6.18.44-Unraid/kernel/drivers/char/hw_random/virtio-rng.ko.xz
  INSTALL /home/lain/codex/i915/my-unraid-kernel/build/modules-stage/lib/modules/6.18.44-Unraid/kernel/drivers/char/agp/agpgart.ko
  XZ      /home/lain/codex/i915/my-unraid-kernel/build/modules-stage/lib/modules/6.18.44-Unraid/kernel/drivers/char/agp/agpgart.ko.xz
  INSTALL /home/lain/codex/i915/my-unraid-kernel/build/modules-stage/lib/modules/6.18.44-Unraid/kernel/drivers/char/agp/amd64-agp.ko
  XZ      /home/lain/codex/i915/my-unraid-kernel/build/modules-stage/lib/modules/6.18.44-Unraid/kernel/drivers/char/agp/amd64-agp.ko.xz
  INSTALL /home/lain/codex/i915/my-unraid-kernel/build/modules-stage/lib/modules/6.18.44-Unraid/kernel/drivers/char/agp/intel-agp.ko
  XZ      /home/lain/codex/i915/my-unraid-kernel/build/modules-stage/lib/modules/6.18.44-Unraid/kernel/drivers/char/agp/intel-agp.ko.xz
  INSTALL /home/lain/codex/i915/my-unraid-kernel/build/modules-stage/lib/modules/6.18.44-Unraid/kernel/drivers/char/agp/intel-gtt.ko
  XZ      /home/lain/codex/i915/my-unraid-kernel/build/modules-stage/lib/modules/6.18.44-Unraid/kernel/drivers/char/agp/intel-gtt.ko.xz
  INSTALL /home/lain/codex/i915/my-unraid-kernel/build/modules-stage/lib/modules/6.18.44-Unraid/kernel/drivers/char/virtio_console.ko
  XZ      /home/lain/codex/i915/my-unraid-kernel/build/modules-stage/lib/modules/6.18.44-Unraid/kernel/drivers/char/virtio_console.ko.xz
  INSTALL /home/lain/codex/i915/my-unraid-kernel/build/modules-stage/lib/modules/6.18.44-Unraid/kernel/drivers/char/tpm/tpm.ko
  XZ      /home/lain/codex/i915/my-unraid-kernel/build/modules-stage/lib/modules/6.18.44-Unraid/kernel/drivers/char/tpm/tpm.ko.xz
  INSTALL /home/lain/codex/i915/my-unraid-kernel/build/modules-stage/lib/modules/6.18.44-Unraid/kernel/drivers/char/tpm/tpm_tis_core.ko
  XZ      /home/lain/codex/i915/my-unraid-kernel/build/modules-stage/lib/modules/6.18.44-Unraid/kernel/drivers/char/tpm/tpm_tis_core.ko.xz
  INSTALL /home/lain/codex/i915/my-unraid-kernel/build/modules-stage/lib/modules/6.18.44-Unraid/kernel/drivers/char/tpm/tpm_tis.ko
  XZ      /home/lain/codex/i915/my-unraid-kernel/build/modules-stage/lib/modules/6.18.44-Unraid/kernel/drivers/char/tpm/tpm_tis.ko.xz
  INSTALL /home/lain/codex/i915/my-unraid-kernel/build/modules-stage/lib/modules/6.18.44-Unraid/kernel/drivers/char/tpm/tpm_tis_i2c_cr50.ko
  XZ      /home/lain/codex/i915/my-unraid-kernel/build/modules-stage/lib/modules/6.18.44-Unraid/kernel/drivers/char/tpm/tpm_tis_i2c_cr50.ko.xz
  INSTALL /home/lain/codex/i915/my-unraid-kernel/build/modules-stage/lib/modules/6.18.44-Unraid/kernel/drivers/char/tpm/tpm_i2c_atmel.ko
  XZ      /home/lain/codex/i915/my-unraid-kernel/build/modules-stage/lib/modules/6.18.44-Unraid/kernel/drivers/char/tpm/tpm_i2c_atmel.ko.xz
  INSTALL /home/lain/codex/i915/my-unraid-kernel/build/modules-stage/lib/modules/6.18.44-Unraid/kernel/drivers/char/tpm/tpm_i2c_infineon.ko
  XZ      /home/lain/codex/i915/my-unraid-kernel/build/modules-stage/lib/modules/6.18.44-Unraid/kernel/drivers/char/tpm/tpm_i2c_infineon.ko.xz
  INSTALL /home/lain/codex/i915/my-unraid-kernel/build/modules-stage/lib/modules/6.18.44-Unraid/kernel/drivers/char/tpm/tpm_i2c_nuvoton.ko
  XZ      /home/lain/codex/i915/my-unraid-kernel/build/modules-stage/lib/modules/6.18.44-Unraid/kernel/drivers/char/tpm/tpm_i2c_nuvoton.ko.xz
  INSTALL /home/lain/codex/i915/my-unraid-kernel/build/modules-stage/lib/modules/6.18.44-Unraid/kernel/drivers/char/tpm/tpm_nsc.ko
  XZ      /home/lain/codex/i915/my-unraid-kernel/build/modules-stage/lib/modules/6.18.44-Unraid/kernel/drivers/char/tpm/tpm_nsc.ko.xz
  INSTALL /home/lain/codex/i915/my-unraid-kernel/build/modules-stage/lib/modules/6.18.44-Unraid/kernel/drivers/char/tpm/tpm_atmel.ko
  XZ      /home/lain/codex/i915/my-unraid-kernel/build/modules-stage/lib/modules/6.18.44-Unraid/kernel/drivers/char/tpm/tpm_atmel.ko.xz
  INSTALL /home/lain/codex/i915/my-unraid-kernel/build/modules-stage/lib/modules/6.18.44-Unraid/kernel/drivers/char/tpm/tpm_infineon.ko
  XZ      /home/lain/codex/i915/my-unraid-kernel/build/modules-stage/lib/modules/6.18.44-Unraid/kernel/drivers/char/tpm/tpm_infineon.ko.xz
  INSTALL /home/lain/codex/i915/my-unraid-kernel/build/modules-stage/lib/modules/6.18.44-Unraid/kernel/drivers/char/tpm/st33zp24/tpm_st33zp24.ko
  XZ      /home/lain/codex/i915/my-unraid-kernel/build/modules-stage/lib/modules/6.18.44-Unraid/kernel/drivers/char/tpm/st33zp24/tpm_st33zp24.ko.xz
  INSTALL /home/lain/codex/i915/my-unraid-kernel/build/modules-stage/lib/modules/6.18.44-Unraid/kernel/drivers/char/tpm/st33zp24/tpm_st33zp24_i2c.ko
  XZ      /home/lain/codex/i915/my-unraid-kernel/build/modules-stage/lib/modules/6.18.44-Unraid/kernel/drivers/char/tpm/st33zp24/tpm_st33zp24_i2c.ko.xz
  INSTALL /home/lain/codex/i915/my-unraid-kernel/build/modules-stage/lib/modules/6.18.44-Unraid/kernel/drivers/char/tpm/tpm_crb.ko
  XZ      /home/lain/codex/i915/my-unraid-kernel/build/modules-stage/lib/modules/6.18.44-Unraid/kernel/drivers/char/tpm/tpm_crb.ko.xz
  INSTALL /home/lain/codex/i915/my-unraid-kernel/build/modules-stage/lib/modules/6.18.44-Unraid/kernel/drivers/char/tpm/tpm_vtpm_proxy.ko
  XZ      /home/lain/codex/i915/my-unraid-kernel/build/modules-stage/lib/modules/6.18.44-Unraid/kernel/drivers/char/tpm/tpm_vtpm_proxy.ko.xz
  INSTALL /home/lain/codex/i915/my-unraid-kernel/build/modules-stage/lib/modules/6.18.44-Unraid/kernel/drivers/iommu/virtio-iommu.ko
  XZ      /home/lain/codex/i915/my-unraid-kernel/build/modules-stage/lib/modules/6.18.44-Unraid/kernel/drivers/iommu/virtio-iommu.ko.xz
  INSTALL /home/lain/codex/i915/my-unraid-kernel/build/modules-stage/lib/modules/6.18.44-Unraid/kernel/drivers/gpu/drm/clients/drm_client_lib.ko
  XZ      /home/lain/codex/i915/my-unraid-kernel/build/modules-stage/lib/modules/6.18.44-Unraid/kernel/drivers/gpu/drm/clients/drm_client_lib.ko.xz
  INSTALL /home/lain/codex/i915/my-unraid-kernel/build/modules-stage/lib/modules/6.18.44-Unraid/kernel/drivers/gpu/drm/display/drm_display_helper.ko
  XZ      /home/lain/codex/i915/my-unraid-kernel/build/modules-stage/lib/modules/6.18.44-Unraid/kernel/drivers/gpu/drm/display/drm_display_helper.ko.xz
  INSTALL /home/lain/codex/i915/my-unraid-kernel/build/modules-stage/lib/modules/6.18.44-Unraid/kernel/drivers/gpu/drm/drm.ko
  XZ      /home/lain/codex/i915/my-unraid-kernel/build/modules-stage/lib/modules/6.18.44-Unraid/kernel/drivers/gpu/drm/drm.ko.xz
  INSTALL /home/lain/codex/i915/my-unraid-kernel/build/modules-stage/lib/modules/6.18.44-Unraid/kernel/drivers/gpu/drm/drm_panel_backlight_quirks.ko
  XZ      /home/lain/codex/i915/my-unraid-kernel/build/modules-stage/lib/modules/6.18.44-Unraid/kernel/drivers/gpu/drm/drm_panel_backlight_quirks.ko.xz
  INSTALL /home/lain/codex/i915/my-unraid-kernel/build/modules-stage/lib/modules/6.18.44-Unraid/kernel/drivers/gpu/drm/drm_exec.ko
  XZ      /home/lain/codex/i915/my-unraid-kernel/build/modules-stage/lib/modules/6.18.44-Unraid/kernel/drivers/gpu/drm/drm_exec.ko.xz
  INSTALL /home/lain/codex/i915/my-unraid-kernel/build/modules-stage/lib/modules/6.18.44-Unraid/kernel/drivers/gpu/drm/drm_gpuvm.ko
  XZ      /home/lain/codex/i915/my-unraid-kernel/build/modules-stage/lib/modules/6.18.44-Unraid/kernel/drivers/gpu/drm/drm_gpuvm.ko.xz
  INSTALL /home/lain/codex/i915/my-unraid-kernel/build/modules-stage/lib/modules/6.18.44-Unraid/kernel/drivers/gpu/drm/drm_gpusvm_helper.ko
  XZ      /home/lain/codex/i915/my-unraid-kernel/build/modules-stage/lib/modules/6.18.44-Unraid/kernel/drivers/gpu/drm/drm_gpusvm_helper.ko.xz
  INSTALL /home/lain/codex/i915/my-unraid-kernel/build/modules-stage/lib/modules/6.18.44-Unraid/kernel/drivers/gpu/drm/drm_buddy.ko
  XZ      /home/lain/codex/i915/my-unraid-kernel/build/modules-stage/lib/modules/6.18.44-Unraid/kernel/drivers/gpu/drm/drm_buddy.ko.xz
  INSTALL /home/lain/codex/i915/my-unraid-kernel/build/modules-stage/lib/modules/6.18.44-Unraid/kernel/drivers/gpu/drm/drm_shmem_helper.ko
  XZ      /home/lain/codex/i915/my-unraid-kernel/build/modules-stage/lib/modules/6.18.44-Unraid/kernel/drivers/gpu/drm/drm_shmem_helper.ko.xz
  INSTALL /home/lain/codex/i915/my-unraid-kernel/build/modules-stage/lib/modules/6.18.44-Unraid/kernel/drivers/gpu/drm/drm_suballoc_helper.ko
  XZ      /home/lain/codex/i915/my-unraid-kernel/build/modules-stage/lib/modules/6.18.44-Unraid/kernel/drivers/gpu/drm/drm_suballoc_helper.ko.xz
  INSTALL /home/lain/codex/i915/my-unraid-kernel/build/modules-stage/lib/modules/6.18.44-Unraid/kernel/drivers/gpu/drm/drm_ttm_helper.ko
  XZ      /home/lain/codex/i915/my-unraid-kernel/build/modules-stage/lib/modules/6.18.44-Unraid/kernel/drivers/gpu/drm/drm_ttm_helper.ko.xz
  INSTALL /home/lain/codex/i915/my-unraid-kernel/build/modules-stage/lib/modules/6.18.44-Unraid/kernel/drivers/gpu/drm/drm_kms_helper.ko
  XZ      /home/lain/codex/i915/my-unraid-kernel/build/modules-stage/lib/modules/6.18.44-Unraid/kernel/drivers/gpu/drm/drm_kms_helper.ko.xz
  INSTALL /home/lain/codex/i915/my-unraid-kernel/build/modules-stage/lib/modules/6.18.44-Unraid/kernel/drivers/gpu/drm/ttm/ttm.ko
  XZ      /home/lain/codex/i915/my-unraid-kernel/build/modules-stage/lib/modules/6.18.44-Unraid/kernel/drivers/gpu/drm/ttm/ttm.ko.xz
  INSTALL /home/lain/codex/i915/my-unraid-kernel/build/modules-stage/lib/modules/6.18.44-Unraid/kernel/drivers/gpu/drm/scheduler/gpu-sched.ko
  XZ      /home/lain/codex/i915/my-unraid-kernel/build/modules-stage/lib/modules/6.18.44-Unraid/kernel/drivers/gpu/drm/scheduler/gpu-sched.ko.xz
  INSTALL /home/lain/codex/i915/my-unraid-kernel/build/modules-stage/lib/modules/6.18.44-Unraid/kernel/drivers/gpu/drm/radeon/radeon.ko
  XZ      /home/lain/codex/i915/my-unraid-kernel/build/modules-stage/lib/modules/6.18.44-Unraid/kernel/drivers/gpu/drm/radeon/radeon.ko.xz
  INSTALL /home/lain/codex/i915/my-unraid-kernel/build/modules-stage/lib/modules/6.18.44-Unraid/kernel/drivers/gpu/drm/amd/amdgpu/amdgpu.ko
  XZ      /home/lain/codex/i915/my-unraid-kernel/build/modules-stage/lib/modules/6.18.44-Unraid/kernel/drivers/gpu/drm/amd/amdgpu/amdgpu.ko.xz
  INSTALL /home/lain/codex/i915/my-unraid-kernel/build/modules-stage/lib/modules/6.18.44-Unraid/kernel/drivers/gpu/drm/amd/amdxcp/amdxcp.ko
  XZ      /home/lain/codex/i915/my-unraid-kernel/build/modules-stage/lib/modules/6.18.44-Unraid/kernel/drivers/gpu/drm/amd/amdxcp/amdxcp.ko.xz
  INSTALL /home/lain/codex/i915/my-unraid-kernel/build/modules-stage/lib/modules/6.18.44-Unraid/kernel/drivers/gpu/drm/i915/i915.ko
  XZ      /home/lain/codex/i915/my-unraid-kernel/build/modules-stage/lib/modules/6.18.44-Unraid/kernel/drivers/gpu/drm/i915/i915.ko.xz
  INSTALL /home/lain/codex/i915/my-unraid-kernel/build/modules-stage/lib/modules/6.18.44-Unraid/kernel/drivers/gpu/drm/i915/kvmgt.ko
  XZ      /home/lain/codex/i915/my-unraid-kernel/build/modules-stage/lib/modules/6.18.44-Unraid/kernel/drivers/gpu/drm/i915/kvmgt.ko.xz
  INSTALL /home/lain/codex/i915/my-unraid-kernel/build/modules-stage/lib/modules/6.18.44-Unraid/kernel/drivers/gpu/drm/xe/xe.ko
  XZ      /home/lain/codex/i915/my-unraid-kernel/build/modules-stage/lib/modules/6.18.44-Unraid/kernel/drivers/gpu/drm/xe/xe.ko.xz
  INSTALL /home/lain/codex/i915/my-unraid-kernel/build/modules-stage/lib/modules/6.18.44-Unraid/kernel/drivers/gpu/drm/mgag200/mgag200.ko
  XZ      /home/lain/codex/i915/my-unraid-kernel/build/modules-stage/lib/modules/6.18.44-Unraid/kernel/drivers/gpu/drm/mgag200/mgag200.ko.xz
  INSTALL /home/lain/codex/i915/my-unraid-kernel/build/modules-stage/lib/modules/6.18.44-Unraid/kernel/drivers/gpu/drm/nouveau/ch7006.ko
  XZ      /home/lain/codex/i915/my-unraid-kernel/build/modules-stage/lib/modules/6.18.44-Unraid/kernel/drivers/gpu/drm/nouveau/ch7006.ko.xz
  INSTALL /home/lain/codex/i915/my-unraid-kernel/build/modules-stage/lib/modules/6.18.44-Unraid/kernel/drivers/gpu/drm/nouveau/sil164.ko
  XZ      /home/lain/codex/i915/my-unraid-kernel/build/modules-stage/lib/modules/6.18.44-Unraid/kernel/drivers/gpu/drm/nouveau/sil164.ko.xz
  INSTALL /home/lain/codex/i915/my-unraid-kernel/build/modules-stage/lib/modules/6.18.44-Unraid/kernel/drivers/gpu/drm/nouveau/nouveau.ko
  XZ      /home/lain/codex/i915/my-unraid-kernel/build/modules-stage/lib/modules/6.18.44-Unraid/kernel/drivers/gpu/drm/nouveau/nouveau.ko.xz
  INSTALL /home/lain/codex/i915/my-unraid-kernel/build/modules-stage/lib/modules/6.18.44-Unraid/kernel/drivers/gpu/drm/udl/udl.ko
  XZ      /home/lain/codex/i915/my-unraid-kernel/build/modules-stage/lib/modules/6.18.44-Unraid/kernel/drivers/gpu/drm/udl/udl.ko.xz
  INSTALL /home/lain/codex/i915/my-unraid-kernel/build/modules-stage/lib/modules/6.18.44-Unraid/kernel/drivers/gpu/drm/ast/ast.ko
  XZ      /home/lain/codex/i915/my-unraid-kernel/build/modules-stage/lib/modules/6.18.44-Unraid/kernel/drivers/gpu/drm/ast/ast.ko.xz
  INSTALL /home/lain/codex/i915/my-unraid-kernel/build/modules-stage/lib/modules/6.18.44-Unraid/kernel/drivers/gpu/drm/qxl/qxl.ko
  XZ      /home/lain/codex/i915/my-unraid-kernel/build/modules-stage/lib/modules/6.18.44-Unraid/kernel/drivers/gpu/drm/qxl/qxl.ko.xz
  INSTALL /home/lain/codex/i915/my-unraid-kernel/build/modules-stage/lib/modules/6.18.44-Unraid/kernel/drivers/gpu/drm/virtio/virtio-gpu.ko
  XZ      /home/lain/codex/i915/my-unraid-kernel/build/modules-stage/lib/modules/6.18.44-Unraid/kernel/drivers/gpu/drm/virtio/virtio-gpu.ko.xz
  INSTALL /home/lain/codex/i915/my-unraid-kernel/build/modules-stage/lib/modules/6.18.44-Unraid/kernel/drivers/base/regmap/regmap-i2c.ko
  XZ      /home/lain/codex/i915/my-unraid-kernel/build/modules-stage/lib/modules/6.18.44-Unraid/kernel/drivers/base/regmap/regmap-i2c.ko.xz
  INSTALL /home/lain/codex/i915/my-unraid-kernel/build/modules-stage/lib/modules/6.18.44-Unraid/kernel/drivers/base/regmap/regmap-mmio.ko
  XZ      /home/lain/codex/i915/my-unraid-kernel/build/modules-stage/lib/modules/6.18.44-Unraid/kernel/drivers/base/regmap/regmap-mmio.ko.xz
  INSTALL /home/lain/codex/i915/my-unraid-kernel/build/modules-stage/lib/modules/6.18.44-Unraid/kernel/drivers/block/nbd.ko
  XZ      /home/lain/codex/i915/my-unraid-kernel/build/modules-stage/lib/modules/6.18.44-Unraid/kernel/drivers/block/nbd.ko.xz
  INSTALL /home/lain/codex/i915/my-unraid-kernel/build/modules-stage/lib/modules/6.18.44-Unraid/kernel/drivers/misc/cardreader/rtsx_pci.ko
  XZ      /home/lain/codex/i915/my-unraid-kernel/build/modules-stage/lib/modules/6.18.44-Unraid/kernel/drivers/misc/cardreader/rtsx_pci.ko.xz
  INSTALL /home/lain/codex/i915/my-unraid-kernel/build/modules-stage/lib/modules/6.18.44-Unraid/kernel/drivers/misc/cardreader/rtsx_usb.ko
  XZ      /home/lain/codex/i915/my-unraid-kernel/build/modules-stage/lib/modules/6.18.44-Unraid/kernel/drivers/misc/cardreader/rtsx_usb.ko.xz
  INSTALL /home/lain/codex/i915/my-unraid-kernel/build/modules-stage/lib/modules/6.18.44-Unraid/kernel/drivers/misc/enclosure.ko
  XZ      /home/lain/codex/i915/my-unraid-kernel/build/modules-stage/lib/modules/6.18.44-Unraid/kernel/drivers/misc/enclosure.ko.xz
  INSTALL /home/lain/codex/i915/my-unraid-kernel/build/modules-stage/lib/modules/6.18.44-Unraid/kernel/drivers/misc/mei/mei.ko
  XZ      /home/lain/codex/i915/my-unraid-kernel/build/modules-stage/lib/modules/6.18.44-Unraid/kernel/drivers/misc/mei/mei.ko.xz
  INSTALL /home/lain/codex/i915/my-unraid-kernel/build/modules-stage/lib/modules/6.18.44-Unraid/kernel/drivers/misc/mei/mei-me.ko
  XZ      /home/lain/codex/i915/my-unraid-kernel/build/modules-stage/lib/modules/6.18.44-Unraid/kernel/drivers/misc/mei/mei-me.ko.xz
  INSTALL /home/lain/codex/i915/my-unraid-kernel/build/modules-stage/lib/modules/6.18.44-Unraid/kernel/drivers/misc/mei/mei-gsc.ko
  XZ      /home/lain/codex/i915/my-unraid-kernel/build/modules-stage/lib/modules/6.18.44-Unraid/kernel/drivers/misc/mei/mei-gsc.ko.xz
  INSTALL /home/lain/codex/i915/my-unraid-kernel/build/modules-stage/lib/modules/6.18.44-Unraid/kernel/drivers/misc/mei/hdcp/mei_hdcp.ko
  XZ      /home/lain/codex/i915/my-unraid-kernel/build/modules-stage/lib/modules/6.18.44-Unraid/kernel/drivers/misc/mei/hdcp/mei_hdcp.ko.xz
  INSTALL /home/lain/codex/i915/my-unraid-kernel/build/modules-stage/lib/modules/6.18.44-Unraid/kernel/drivers/misc/mei/pxp/mei_pxp.ko
  XZ      /home/lain/codex/i915/my-unraid-kernel/build/modules-stage/lib/modules/6.18.44-Unraid/kernel/drivers/misc/mei/pxp/mei_pxp.ko.xz
  INSTALL /home/lain/codex/i915/my-unraid-kernel/build/modules-stage/lib/modules/6.18.44-Unraid/kernel/drivers/mfd/mfd-core.ko
  XZ      /home/lain/codex/i915/my-unraid-kernel/build/modules-stage/lib/modules/6.18.44-Unraid/kernel/drivers/mfd/mfd-core.ko.xz
  INSTALL /home/lain/codex/i915/my-unraid-kernel/build/modules-stage/lib/modules/6.18.44-Unraid/kernel/drivers/cxl/core/cxl_core.ko
  XZ      /home/lain/codex/i915/my-unraid-kernel/build/modules-stage/lib/modules/6.18.44-Unraid/kernel/drivers/cxl/core/cxl_core.ko.xz
  INSTALL /home/lain/codex/i915/my-unraid-kernel/build/modules-stage/lib/modules/6.18.44-Unraid/kernel/drivers/cxl/cxl_port.ko
  XZ      /home/lain/codex/i915/my-unraid-kernel/build/modules-stage/lib/modules/6.18.44-Unraid/kernel/drivers/cxl/cxl_port.ko.xz
  INSTALL /home/lain/codex/i915/my-unraid-kernel/build/modules-stage/lib/modules/6.18.44-Unraid/kernel/drivers/cxl/cxl_acpi.ko
  XZ      /home/lain/codex/i915/my-unraid-kernel/build/modules-stage/lib/modules/6.18.44-Unraid/kernel/drivers/cxl/cxl_acpi.ko.xz
  INSTALL /home/lain/codex/i915/my-unraid-kernel/build/modules-stage/lib/modules/6.18.44-Unraid/kernel/drivers/cxl/cxl_mem.ko
  XZ      /home/lain/codex/i915/my-unraid-kernel/build/modules-stage/lib/modules/6.18.44-Unraid/kernel/drivers/cxl/cxl_mem.ko.xz
  INSTALL /home/lain/codex/i915/my-unraid-kernel/build/modules-stage/lib/modules/6.18.44-Unraid/kernel/drivers/cxl/cxl_pci.ko
  XZ      /home/lain/codex/i915/my-unraid-kernel/build/modules-stage/lib/modules/6.18.44-Unraid/kernel/drivers/cxl/cxl_pci.ko.xz
  INSTALL /home/lain/codex/i915/my-unraid-kernel/build/modules-stage/lib/modules/6.18.44-Unraid/kernel/drivers/scsi/scsi_transport_spi.ko
  XZ      /home/lain/codex/i915/my-unraid-kernel/build/modules-stage/lib/modules/6.18.44-Unraid/kernel/drivers/scsi/scsi_transport_spi.ko.xz
  INSTALL /home/lain/codex/i915/my-unraid-kernel/build/modules-stage/lib/modules/6.18.44-Unraid/kernel/drivers/scsi/scsi_transport_fc.ko
  XZ      /home/lain/codex/i915/my-unraid-kernel/build/modules-stage/lib/modules/6.18.44-Unraid/kernel/drivers/scsi/scsi_transport_fc.ko.xz
  INSTALL /home/lain/codex/i915/my-unraid-kernel/build/modules-stage/lib/modules/6.18.44-Unraid/kernel/drivers/scsi/scsi_transport_iscsi.ko
  XZ      /home/lain/codex/i915/my-unraid-kernel/build/modules-stage/lib/modules/6.18.44-Unraid/kernel/drivers/scsi/scsi_transport_iscsi.ko.xz
  INSTALL /home/lain/codex/i915/my-unraid-kernel/build/modules-stage/lib/modules/6.18.44-Unraid/kernel/drivers/scsi/libiscsi.ko
  XZ      /home/lain/codex/i915/my-unraid-kernel/build/modules-stage/lib/modules/6.18.44-Unraid/kernel/drivers/scsi/libiscsi.ko.xz
  INSTALL /home/lain/codex/i915/my-unraid-kernel/build/modules-stage/lib/modules/6.18.44-Unraid/kernel/drivers/scsi/libiscsi_tcp.ko
  XZ      /home/lain/codex/i915/my-unraid-kernel/build/modules-stage/lib/modules/6.18.44-Unraid/kernel/drivers/scsi/libiscsi_tcp.ko.xz
  INSTALL /home/lain/codex/i915/my-unraid-kernel/build/modules-stage/lib/modules/6.18.44-Unraid/kernel/drivers/scsi/iscsi_tcp.ko
  XZ      /home/lain/codex/i915/my-unraid-kernel/build/modules-stage/lib/modules/6.18.44-Unraid/kernel/drivers/scsi/iscsi_tcp.ko.xz
  INSTALL /home/lain/codex/i915/my-unraid-kernel/build/modules-stage/lib/modules/6.18.44-Unraid/kernel/drivers/scsi/arcmsr/arcmsr.ko
  XZ      /home/lain/codex/i915/my-unraid-kernel/build/modules-stage/lib/modules/6.18.44-Unraid/kernel/drivers/scsi/arcmsr/arcmsr.ko.xz
  INSTALL /home/lain/codex/i915/my-unraid-kernel/build/modules-stage/lib/modules/6.18.44-Unraid/kernel/drivers/scsi/aic7xxx/aic79xx.ko
  XZ      /home/lain/codex/i915/my-unraid-kernel/build/modules-stage/lib/modules/6.18.44-Unraid/kernel/drivers/scsi/aic7xxx/aic79xx.ko.xz
  INSTALL /home/lain/codex/i915/my-unraid-kernel/build/modules-stage/lib/modules/6.18.44-Unraid/kernel/drivers/scsi/aacraid/aacraid.ko
  XZ      /home/lain/codex/i915/my-unraid-kernel/build/modules-stage/lib/modules/6.18.44-Unraid/kernel/drivers/scsi/aacraid/aacraid.ko.xz
  INSTALL /home/lain/codex/i915/my-unraid-kernel/build/modules-stage/lib/modules/6.18.44-Unraid/kernel/drivers/scsi/pm8001/pm80xx.ko
  XZ      /home/lain/codex/i915/my-unraid-kernel/build/modules-stage/lib/modules/6.18.44-Unraid/kernel/drivers/scsi/pm8001/pm80xx.ko.xz
  INSTALL /home/lain/codex/i915/my-unraid-kernel/build/modules-stage/lib/modules/6.18.44-Unraid/kernel/drivers/scsi/isci/isci.ko
  XZ      /home/lain/codex/i915/my-unraid-kernel/build/modules-stage/lib/modules/6.18.44-Unraid/kernel/drivers/scsi/isci/isci.ko.xz
  INSTALL /home/lain/codex/i915/my-unraid-kernel/build/modules-stage/lib/modules/6.18.44-Unraid/kernel/drivers/scsi/qla2xxx/qla2xxx.ko
  XZ      /home/lain/codex/i915/my-unraid-kernel/build/modules-stage/lib/modules/6.18.44-Unraid/kernel/drivers/scsi/qla2xxx/qla2xxx.ko.xz
  INSTALL /home/lain/codex/i915/my-unraid-kernel/build/modules-stage/lib/modules/6.18.44-Unraid/kernel/drivers/scsi/lpfc/lpfc.ko
  XZ      /home/lain/codex/i915/my-unraid-kernel/build/modules-stage/lib/modules/6.18.44-Unraid/kernel/drivers/scsi/lpfc/lpfc.ko.xz
  INSTALL /home/lain/codex/i915/my-unraid-kernel/build/modules-stage/lib/modules/6.18.44-Unraid/kernel/drivers/scsi/hpsa.ko
  XZ      /home/lain/codex/i915/my-unraid-kernel/build/modules-stage/lib/modules/6.18.44-Unraid/kernel/drivers/scsi/hpsa.ko.xz
  INSTALL /home/lain/codex/i915/my-unraid-kernel/build/modules-stage/lib/modules/6.18.44-Unraid/kernel/drivers/scsi/megaraid/megaraid_sas.ko
  XZ      /home/lain/codex/i915/my-unraid-kernel/build/modules-stage/lib/modules/6.18.44-Unraid/kernel/drivers/scsi/megaraid/megaraid_sas.ko.xz
  INSTALL /home/lain/codex/i915/my-unraid-kernel/build/modules-stage/lib/modules/6.18.44-Unraid/kernel/drivers/scsi/mpi3mr/mpi3mr.ko
  XZ      /home/lain/codex/i915/my-unraid-kernel/build/modules-stage/lib/modules/6.18.44-Unraid/kernel/drivers/scsi/mpi3mr/mpi3mr.ko.xz
  INSTALL /home/lain/codex/i915/my-unraid-kernel/build/modules-stage/lib/modules/6.18.44-Unraid/kernel/drivers/scsi/3w-xxxx.ko
  XZ      /home/lain/codex/i915/my-unraid-kernel/build/modules-stage/lib/modules/6.18.44-Unraid/kernel/drivers/scsi/3w-xxxx.ko.xz
  INSTALL /home/lain/codex/i915/my-unraid-kernel/build/modules-stage/lib/modules/6.18.44-Unraid/kernel/drivers/scsi/3w-9xxx.ko
  XZ      /home/lain/codex/i915/my-unraid-kernel/build/modules-stage/lib/modules/6.18.44-Unraid/kernel/drivers/scsi/3w-9xxx.ko.xz
  INSTALL /home/lain/codex/i915/my-unraid-kernel/build/modules-stage/lib/modules/6.18.44-Unraid/kernel/drivers/scsi/3w-sas.ko
  XZ      /home/lain/codex/i915/my-unraid-kernel/build/modules-stage/lib/modules/6.18.44-Unraid/kernel/drivers/scsi/3w-sas.ko.xz
  INSTALL /home/lain/codex/i915/my-unraid-kernel/build/modules-stage/lib/modules/6.18.44-Unraid/kernel/drivers/scsi/hptiop.ko
  XZ      /home/lain/codex/i915/my-unraid-kernel/build/modules-stage/lib/modules/6.18.44-Unraid/kernel/drivers/scsi/hptiop.ko.xz
  INSTALL /home/lain/codex/i915/my-unraid-kernel/build/modules-stage/lib/modules/6.18.44-Unraid/kernel/drivers/scsi/stex.ko
  XZ      /home/lain/codex/i915/my-unraid-kernel/build/modules-stage/lib/modules/6.18.44-Unraid/kernel/drivers/scsi/stex.ko.xz
  INSTALL /home/lain/codex/i915/my-unraid-kernel/build/modules-stage/lib/modules/6.18.44-Unraid/kernel/drivers/scsi/vmw_pvscsi.ko
  XZ      /home/lain/codex/i915/my-unraid-kernel/build/modules-stage/lib/modules/6.18.44-Unraid/kernel/drivers/scsi/vmw_pvscsi.ko.xz
  INSTALL /home/lain/codex/i915/my-unraid-kernel/build/modules-stage/lib/modules/6.18.44-Unraid/kernel/drivers/scsi/st.ko
  XZ      /home/lain/codex/i915/my-unraid-kernel/build/modules-stage/lib/modules/6.18.44-Unraid/kernel/drivers/scsi/st.ko.xz
  INSTALL /home/lain/codex/i915/my-unraid-kernel/build/modules-stage/lib/modules/6.18.44-Unraid/kernel/drivers/scsi/sr_mod.ko
  XZ      /home/lain/codex/i915/my-unraid-kernel/build/modules-stage/lib/modules/6.18.44-Unraid/kernel/drivers/scsi/sr_mod.ko.xz
  INSTALL /home/lain/codex/i915/my-unraid-kernel/build/modules-stage/lib/modules/6.18.44-Unraid/kernel/drivers/scsi/ses.ko
  XZ      /home/lain/codex/i915/my-unraid-kernel/build/modules-stage/lib/modules/6.18.44-Unraid/kernel/drivers/scsi/ses.ko.xz
  INSTALL /home/lain/codex/i915/my-unraid-kernel/build/modules-stage/lib/modules/6.18.44-Unraid/kernel/drivers/ata/sata_inic162x.ko
  XZ      /home/lain/codex/i915/my-unraid-kernel/build/modules-stage/lib/modules/6.18.44-Unraid/kernel/drivers/ata/sata_inic162x.ko.xz
  INSTALL /home/lain/codex/i915/my-unraid-kernel/build/modules-stage/lib/modules/6.18.44-Unraid/kernel/drivers/ata/sata_sil24.ko
  XZ      /home/lain/codex/i915/my-unraid-kernel/build/modules-stage/lib/modules/6.18.44-Unraid/kernel/drivers/ata/sata_sil24.ko.xz
  INSTALL /home/lain/codex/i915/my-unraid-kernel/build/modules-stage/lib/modules/6.18.44-Unraid/kernel/drivers/ata/ata_piix.ko
  XZ      /home/lain/codex/i915/my-unraid-kernel/build/modules-stage/lib/modules/6.18.44-Unraid/kernel/drivers/ata/ata_piix.ko.xz
  INSTALL /home/lain/codex/i915/my-unraid-kernel/build/modules-stage/lib/modules/6.18.44-Unraid/kernel/drivers/ata/sata_mv.ko
  XZ      /home/lain/codex/i915/my-unraid-kernel/build/modules-stage/lib/modules/6.18.44-Unraid/kernel/drivers/ata/sata_mv.ko.xz
  INSTALL /home/lain/codex/i915/my-unraid-kernel/build/modules-stage/lib/modules/6.18.44-Unraid/kernel/drivers/ata/sata_nv.ko
  XZ      /home/lain/codex/i915/my-unraid-kernel/build/modules-stage/lib/modules/6.18.44-Unraid/kernel/drivers/ata/sata_nv.ko.xz
  INSTALL /home/lain/codex/i915/my-unraid-kernel/build/modules-stage/lib/modules/6.18.44-Unraid/kernel/drivers/ata/sata_promise.ko
  XZ      /home/lain/codex/i915/my-unraid-kernel/build/modules-stage/lib/modules/6.18.44-Unraid/kernel/drivers/ata/sata_promise.ko.xz
  INSTALL /home/lain/codex/i915/my-unraid-kernel/build/modules-stage/lib/modules/6.18.44-Unraid/kernel/drivers/ata/sata_sil.ko
  XZ      /home/lain/codex/i915/my-unraid-kernel/build/modules-stage/lib/modules/6.18.44-Unraid/kernel/drivers/ata/sata_sil.ko.xz
  INSTALL /home/lain/codex/i915/my-unraid-kernel/build/modules-stage/lib/modules/6.18.44-Unraid/kernel/drivers/ata/sata_sis.ko
  XZ      /home/lain/codex/i915/my-unraid-kernel/build/modules-stage/lib/modules/6.18.44-Unraid/kernel/drivers/ata/sata_sis.ko.xz
  INSTALL /home/lain/codex/i915/my-unraid-kernel/build/modules-stage/lib/modules/6.18.44-Unraid/kernel/drivers/ata/sata_svw.ko
  XZ      /home/lain/codex/i915/my-unraid-kernel/build/modules-stage/lib/modules/6.18.44-Unraid/kernel/drivers/ata/sata_svw.ko.xz
  INSTALL /home/lain/codex/i915/my-unraid-kernel/build/modules-stage/lib/modules/6.18.44-Unraid/kernel/drivers/ata/sata_uli.ko
  XZ      /home/lain/codex/i915/my-unraid-kernel/build/modules-stage/lib/modules/6.18.44-Unraid/kernel/drivers/ata/sata_uli.ko.xz
  INSTALL /home/lain/codex/i915/my-unraid-kernel/build/modules-stage/lib/modules/6.18.44-Unraid/kernel/drivers/ata/sata_via.ko
  XZ      /home/lain/codex/i915/my-unraid-kernel/build/modules-stage/lib/modules/6.18.44-Unraid/kernel/drivers/ata/sata_via.ko.xz
  INSTALL /home/lain/codex/i915/my-unraid-kernel/build/modules-stage/lib/modules/6.18.44-Unraid/kernel/drivers/ata/pata_amd.ko
  XZ      /home/lain/codex/i915/my-unraid-kernel/build/modules-stage/lib/modules/6.18.44-Unraid/kernel/drivers/ata/pata_amd.ko.xz
  INSTALL /home/lain/codex/i915/my-unraid-kernel/build/modules-stage/lib/modules/6.18.44-Unraid/kernel/drivers/ata/pata_atiixp.ko
  XZ      /home/lain/codex/i915/my-unraid-kernel/build/modules-stage/lib/modules/6.18.44-Unraid/kernel/drivers/ata/pata_atiixp.ko.xz
  INSTALL /home/lain/codex/i915/my-unraid-kernel/build/modules-stage/lib/modules/6.18.44-Unraid/kernel/drivers/ata/pata_jmicron.ko
  XZ      /home/lain/codex/i915/my-unraid-kernel/build/modules-stage/lib/modules/6.18.44-Unraid/kernel/drivers/ata/pata_jmicron.ko.xz
  INSTALL /home/lain/codex/i915/my-unraid-kernel/build/modules-stage/lib/modules/6.18.44-Unraid/kernel/drivers/ata/pata_marvell.ko
  XZ      /home/lain/codex/i915/my-unraid-kernel/build/modules-stage/lib/modules/6.18.44-Unraid/kernel/drivers/ata/pata_marvell.ko.xz
  INSTALL /home/lain/codex/i915/my-unraid-kernel/build/modules-stage/lib/modules/6.18.44-Unraid/kernel/drivers/ata/pata_oldpiix.ko
  XZ      /home/lain/codex/i915/my-unraid-kernel/build/modules-stage/lib/modules/6.18.44-Unraid/kernel/drivers/ata/pata_oldpiix.ko.xz
  INSTALL /home/lain/codex/i915/my-unraid-kernel/build/modules-stage/lib/modules/6.18.44-Unraid/kernel/drivers/ata/pata_pdc2027x.ko
  XZ      /home/lain/codex/i915/my-unraid-kernel/build/modules-stage/lib/modules/6.18.44-Unraid/kernel/drivers/ata/pata_pdc2027x.ko.xz
  INSTALL /home/lain/codex/i915/my-unraid-kernel/build/modules-stage/lib/modules/6.18.44-Unraid/kernel/drivers/ata/pata_pdc202xx_old.ko
  XZ      /home/lain/codex/i915/my-unraid-kernel/build/modules-stage/lib/modules/6.18.44-Unraid/kernel/drivers/ata/pata_pdc202xx_old.ko.xz
  INSTALL /home/lain/codex/i915/my-unraid-kernel/build/modules-stage/lib/modules/6.18.44-Unraid/kernel/drivers/ata/pata_sil680.ko
  XZ      /home/lain/codex/i915/my-unraid-kernel/build/modules-stage/lib/modules/6.18.44-Unraid/kernel/drivers/ata/pata_sil680.ko.xz
  INSTALL /home/lain/codex/i915/my-unraid-kernel/build/modules-stage/lib/modules/6.18.44-Unraid/kernel/drivers/ata/pata_sis.ko
  XZ      /home/lain/codex/i915/my-unraid-kernel/build/modules-stage/lib/modules/6.18.44-Unraid/kernel/drivers/ata/pata_sis.ko.xz
  INSTALL /home/lain/codex/i915/my-unraid-kernel/build/modules-stage/lib/modules/6.18.44-Unraid/kernel/drivers/ata/pata_via.ko
  XZ      /home/lain/codex/i915/my-unraid-kernel/build/modules-stage/lib/modules/6.18.44-Unraid/kernel/drivers/ata/pata_via.ko.xz
  INSTALL /home/lain/codex/i915/my-unraid-kernel/build/modules-stage/lib/modules/6.18.44-Unraid/kernel/drivers/target/target_core_iblock.ko
  XZ      /home/lain/codex/i915/my-unraid-kernel/build/modules-stage/lib/modules/6.18.44-Unraid/kernel/drivers/target/target_core_iblock.ko.xz
  INSTALL /home/lain/codex/i915/my-unraid-kernel/build/modules-stage/lib/modules/6.18.44-Unraid/kernel/drivers/target/target_core_file.ko
  XZ      /home/lain/codex/i915/my-unraid-kernel/build/modules-stage/lib/modules/6.18.44-Unraid/kernel/drivers/target/target_core_file.ko.xz
  INSTALL /home/lain/codex/i915/my-unraid-kernel/build/modules-stage/lib/modules/6.18.44-Unraid/kernel/drivers/target/target_core_pscsi.ko
  XZ      /home/lain/codex/i915/my-unraid-kernel/build/modules-stage/lib/modules/6.18.44-Unraid/kernel/drivers/target/target_core_pscsi.ko.xz
  INSTALL /home/lain/codex/i915/my-unraid-kernel/build/modules-stage/lib/modules/6.18.44-Unraid/kernel/drivers/target/target_core_user.ko
  XZ      /home/lain/codex/i915/my-unraid-kernel/build/modules-stage/lib/modules/6.18.44-Unraid/kernel/drivers/target/target_core_user.ko.xz
  INSTALL /home/lain/codex/i915/my-unraid-kernel/build/modules-stage/lib/modules/6.18.44-Unraid/kernel/drivers/target/loopback/tcm_loop.ko
  XZ      /home/lain/codex/i915/my-unraid-kernel/build/modules-stage/lib/modules/6.18.44-Unraid/kernel/drivers/target/loopback/tcm_loop.ko.xz
  INSTALL /home/lain/codex/i915/my-unraid-kernel/build/modules-stage/lib/modules/6.18.44-Unraid/kernel/drivers/target/iscsi/iscsi_target_mod.ko
  XZ      /home/lain/codex/i915/my-unraid-kernel/build/modules-stage/lib/modules/6.18.44-Unraid/kernel/drivers/target/iscsi/iscsi_target_mod.ko.xz
  INSTALL /home/lain/codex/i915/my-unraid-kernel/build/modules-stage/lib/modules/6.18.44-Unraid/kernel/drivers/target/iscsi/cxgbit/cxgbit.ko
  XZ      /home/lain/codex/i915/my-unraid-kernel/build/modules-stage/lib/modules/6.18.44-Unraid/kernel/drivers/target/iscsi/cxgbit/cxgbit.ko.xz
  INSTALL /home/lain/codex/i915/my-unraid-kernel/build/modules-stage/lib/modules/6.18.44-Unraid/kernel/drivers/net/phy/phylink.ko
  XZ      /home/lain/codex/i915/my-unraid-kernel/build/modules-stage/lib/modules/6.18.44-Unraid/kernel/drivers/net/phy/phylink.ko.xz
  INSTALL /home/lain/codex/i915/my-unraid-kernel/build/modules-stage/lib/modules/6.18.44-Unraid/kernel/drivers/net/phy/aquantia/aquantia.ko
  XZ      /home/lain/codex/i915/my-unraid-kernel/build/modules-stage/lib/modules/6.18.44-Unraid/kernel/drivers/net/phy/aquantia/aquantia.ko.xz
  INSTALL /home/lain/codex/i915/my-unraid-kernel/build/modules-stage/lib/modules/6.18.44-Unraid/kernel/drivers/net/phy/ax88796b.ko
  XZ      /home/lain/codex/i915/my-unraid-kernel/build/modules-stage/lib/modules/6.18.44-Unraid/kernel/drivers/net/phy/ax88796b.ko.xz
  INSTALL /home/lain/codex/i915/my-unraid-kernel/build/modules-stage/lib/modules/6.18.44-Unraid/kernel/drivers/net/phy/bcm-phy-lib.ko
  XZ      /home/lain/codex/i915/my-unraid-kernel/build/modules-stage/lib/modules/6.18.44-Unraid/kernel/drivers/net/phy/bcm-phy-lib.ko.xz
  INSTALL /home/lain/codex/i915/my-unraid-kernel/build/modules-stage/lib/modules/6.18.44-Unraid/kernel/drivers/net/phy/broadcom.ko
  XZ      /home/lain/codex/i915/my-unraid-kernel/build/modules-stage/lib/modules/6.18.44-Unraid/kernel/drivers/net/phy/broadcom.ko.xz
  INSTALL /home/lain/codex/i915/my-unraid-kernel/build/modules-stage/lib/modules/6.18.44-Unraid/kernel/drivers/net/phy/marvell10g.ko
  XZ      /home/lain/codex/i915/my-unraid-kernel/build/modules-stage/lib/modules/6.18.44-Unraid/kernel/drivers/net/phy/marvell10g.ko.xz
  INSTALL /home/lain/codex/i915/my-unraid-kernel/build/modules-stage/lib/modules/6.18.44-Unraid/kernel/drivers/net/phy/marvell.ko
  XZ      /home/lain/codex/i915/my-unraid-kernel/build/modules-stage/lib/modules/6.18.44-Unraid/kernel/drivers/net/phy/marvell.ko.xz
  INSTALL /home/lain/codex/i915/my-unraid-kernel/build/modules-stage/lib/modules/6.18.44-Unraid/kernel/drivers/net/phy/realtek/realtek.ko
  XZ      /home/lain/codex/i915/my-unraid-kernel/build/modules-stage/lib/modules/6.18.44-Unraid/kernel/drivers/net/phy/realtek/realtek.ko.xz
  INSTALL /home/lain/codex/i915/my-unraid-kernel/build/modules-stage/lib/modules/6.18.44-Unraid/kernel/drivers/net/ethernet/amd/xgbe/amd-xgbe.ko
  XZ      /home/lain/codex/i915/my-unraid-kernel/build/modules-stage/lib/modules/6.18.44-Unraid/kernel/drivers/net/ethernet/amd/xgbe/amd-xgbe.ko.xz
  INSTALL /home/lain/codex/i915/my-unraid-kernel/build/modules-stage/lib/modules/6.18.44-Unraid/kernel/drivers/net/ethernet/aquantia/atlantic/atlantic.ko
  XZ      /home/lain/codex/i915/my-unraid-kernel/build/modules-stage/lib/modules/6.18.44-Unraid/kernel/drivers/net/ethernet/aquantia/atlantic/atlantic.ko.xz
  INSTALL /home/lain/codex/i915/my-unraid-kernel/build/modules-stage/lib/modules/6.18.44-Unraid/kernel/drivers/net/ethernet/atheros/atlx/atl1.ko
  XZ      /home/lain/codex/i915/my-unraid-kernel/build/modules-stage/lib/modules/6.18.44-Unraid/kernel/drivers/net/ethernet/atheros/atlx/atl1.ko.xz
  INSTALL /home/lain/codex/i915/my-unraid-kernel/build/modules-stage/lib/modules/6.18.44-Unraid/kernel/drivers/net/ethernet/atheros/atl1e/atl1e.ko
  XZ      /home/lain/codex/i915/my-unraid-kernel/build/modules-stage/lib/modules/6.18.44-Unraid/kernel/drivers/net/ethernet/atheros/atl1e/atl1e.ko.xz
  INSTALL /home/lain/codex/i915/my-unraid-kernel/build/modules-stage/lib/modules/6.18.44-Unraid/kernel/drivers/net/ethernet/atheros/atl1c/atl1c.ko
  XZ      /home/lain/codex/i915/my-unraid-kernel/build/modules-stage/lib/modules/6.18.44-Unraid/kernel/drivers/net/ethernet/atheros/atl1c/atl1c.ko.xz
  INSTALL /home/lain/codex/i915/my-unraid-kernel/build/modules-stage/lib/modules/6.18.44-Unraid/kernel/drivers/net/ethernet/atheros/alx/alx.ko
  XZ      /home/lain/codex/i915/my-unraid-kernel/build/modules-stage/lib/modules/6.18.44-Unraid/kernel/drivers/net/ethernet/atheros/alx/alx.ko.xz
  INSTALL /home/lain/codex/i915/my-unraid-kernel/build/modules-stage/lib/modules/6.18.44-Unraid/kernel/drivers/net/ethernet/broadcom/b44.ko
  XZ      /home/lain/codex/i915/my-unraid-kernel/build/modules-stage/lib/modules/6.18.44-Unraid/kernel/drivers/net/ethernet/broadcom/b44.ko.xz
  INSTALL /home/lain/codex/i915/my-unraid-kernel/build/modules-stage/lib/modules/6.18.44-Unraid/kernel/drivers/net/ethernet/broadcom/bnx2.ko
  XZ      /home/lain/codex/i915/my-unraid-kernel/build/modules-stage/lib/modules/6.18.44-Unraid/kernel/drivers/net/ethernet/broadcom/bnx2.ko.xz
  INSTALL /home/lain/codex/i915/my-unraid-kernel/build/modules-stage/lib/modules/6.18.44-Unraid/kernel/drivers/net/ethernet/broadcom/cnic.ko
  XZ      /home/lain/codex/i915/my-unraid-kernel/build/modules-stage/lib/modules/6.18.44-Unraid/kernel/drivers/net/ethernet/broadcom/cnic.ko.xz
  INSTALL /home/lain/codex/i915/my-unraid-kernel/build/modules-stage/lib/modules/6.18.44-Unraid/kernel/drivers/net/ethernet/broadcom/bnx2x/bnx2x.ko
  XZ      /home/lain/codex/i915/my-unraid-kernel/build/modules-stage/lib/modules/6.18.44-Unraid/kernel/drivers/net/ethernet/broadcom/bnx2x/bnx2x.ko.xz
  INSTALL /home/lain/codex/i915/my-unraid-kernel/build/modules-stage/lib/modules/6.18.44-Unraid/kernel/drivers/net/ethernet/broadcom/tg3.ko
  XZ      /home/lain/codex/i915/my-unraid-kernel/build/modules-stage/lib/modules/6.18.44-Unraid/kernel/drivers/net/ethernet/broadcom/tg3.ko.xz
  INSTALL /home/lain/codex/i915/my-unraid-kernel/build/modules-stage/lib/modules/6.18.44-Unraid/kernel/drivers/net/ethernet/broadcom/bnxt/bnxt_en.ko
  XZ      /home/lain/codex/i915/my-unraid-kernel/build/modules-stage/lib/modules/6.18.44-Unraid/kernel/drivers/net/ethernet/broadcom/bnxt/bnxt_en.ko.xz
  INSTALL /home/lain/codex/i915/my-unraid-kernel/build/modules-stage/lib/modules/6.18.44-Unraid/kernel/drivers/net/ethernet/brocade/bna/bna.ko
  XZ      /home/lain/codex/i915/my-unraid-kernel/build/modules-stage/lib/modules/6.18.44-Unraid/kernel/drivers/net/ethernet/brocade/bna/bna.ko.xz
  INSTALL /home/lain/codex/i915/my-unraid-kernel/build/modules-stage/lib/modules/6.18.44-Unraid/kernel/drivers/net/ethernet/cavium/liquidio/liquidio-core.ko
  XZ      /home/lain/codex/i915/my-unraid-kernel/build/modules-stage/lib/modules/6.18.44-Unraid/kernel/drivers/net/ethernet/cavium/liquidio/liquidio-core.ko.xz
  INSTALL /home/lain/codex/i915/my-unraid-kernel/build/modules-stage/lib/modules/6.18.44-Unraid/kernel/drivers/net/ethernet/cavium/liquidio/liquidio.ko
  XZ      /home/lain/codex/i915/my-unraid-kernel/build/modules-stage/lib/modules/6.18.44-Unraid/kernel/drivers/net/ethernet/cavium/liquidio/liquidio.ko.xz
  INSTALL /home/lain/codex/i915/my-unraid-kernel/build/modules-stage/lib/modules/6.18.44-Unraid/kernel/drivers/net/ethernet/cavium/liquidio/liquidio_vf.ko
  XZ      /home/lain/codex/i915/my-unraid-kernel/build/modules-stage/lib/modules/6.18.44-Unraid/kernel/drivers/net/ethernet/cavium/liquidio/liquidio_vf.ko.xz
  INSTALL /home/lain/codex/i915/my-unraid-kernel/build/modules-stage/lib/modules/6.18.44-Unraid/kernel/drivers/net/ethernet/chelsio/cxgb/cxgb.ko
  XZ      /home/lain/codex/i915/my-unraid-kernel/build/modules-stage/lib/modules/6.18.44-Unraid/kernel/drivers/net/ethernet/chelsio/cxgb/cxgb.ko.xz
  INSTALL /home/lain/codex/i915/my-unraid-kernel/build/modules-stage/lib/modules/6.18.44-Unraid/kernel/drivers/net/ethernet/chelsio/cxgb3/cxgb3.ko
  XZ      /home/lain/codex/i915/my-unraid-kernel/build/modules-stage/lib/modules/6.18.44-Unraid/kernel/drivers/net/ethernet/chelsio/cxgb3/cxgb3.ko.xz
  INSTALL /home/lain/codex/i915/my-unraid-kernel/build/modules-stage/lib/modules/6.18.44-Unraid/kernel/drivers/net/ethernet/chelsio/cxgb4/cxgb4.ko
  XZ      /home/lain/codex/i915/my-unraid-kernel/build/modules-stage/lib/modules/6.18.44-Unraid/kernel/drivers/net/ethernet/chelsio/cxgb4/cxgb4.ko.xz
  INSTALL /home/lain/codex/i915/my-unraid-kernel/build/modules-stage/lib/modules/6.18.44-Unraid/kernel/drivers/net/ethernet/chelsio/cxgb4vf/cxgb4vf.ko
  XZ      /home/lain/codex/i915/my-unraid-kernel/build/modules-stage/lib/modules/6.18.44-Unraid/kernel/drivers/net/ethernet/chelsio/cxgb4vf/cxgb4vf.ko.xz
  INSTALL /home/lain/codex/i915/my-unraid-kernel/build/modules-stage/lib/modules/6.18.44-Unraid/kernel/drivers/net/ethernet/chelsio/libcxgb/libcxgb.ko
  XZ      /home/lain/codex/i915/my-unraid-kernel/build/modules-stage/lib/modules/6.18.44-Unraid/kernel/drivers/net/ethernet/chelsio/libcxgb/libcxgb.ko.xz
  INSTALL /home/lain/codex/i915/my-unraid-kernel/build/modules-stage/lib/modules/6.18.44-Unraid/kernel/drivers/net/ethernet/cisco/enic/enic.ko
  XZ      /home/lain/codex/i915/my-unraid-kernel/build/modules-stage/lib/modules/6.18.44-Unraid/kernel/drivers/net/ethernet/cisco/enic/enic.ko.xz
  INSTALL /home/lain/codex/i915/my-unraid-kernel/build/modules-stage/lib/modules/6.18.44-Unraid/kernel/drivers/net/ethernet/dlink/dl2k.ko
  XZ      /home/lain/codex/i915/my-unraid-kernel/build/modules-stage/lib/modules/6.18.44-Unraid/kernel/drivers/net/ethernet/dlink/dl2k.ko.xz
  INSTALL /home/lain/codex/i915/my-unraid-kernel/build/modules-stage/lib/modules/6.18.44-Unraid/kernel/drivers/net/ethernet/emulex/benet/be2net.ko
  XZ      /home/lain/codex/i915/my-unraid-kernel/build/modules-stage/lib/modules/6.18.44-Unraid/kernel/drivers/net/ethernet/emulex/benet/be2net.ko.xz
  INSTALL /home/lain/codex/i915/my-unraid-kernel/build/modules-stage/lib/modules/6.18.44-Unraid/kernel/drivers/net/ethernet/intel/libie/libie.ko
  XZ      /home/lain/codex/i915/my-unraid-kernel/build/modules-stage/lib/modules/6.18.44-Unraid/kernel/drivers/net/ethernet/intel/libie/libie.ko.xz
  INSTALL /home/lain/codex/i915/my-unraid-kernel/build/modules-stage/lib/modules/6.18.44-Unraid/kernel/drivers/net/ethernet/intel/libie/libie_adminq.ko
  XZ      /home/lain/codex/i915/my-unraid-kernel/build/modules-stage/lib/modules/6.18.44-Unraid/kernel/drivers/net/ethernet/intel/libie/libie_adminq.ko.xz
  INSTALL /home/lain/codex/i915/my-unraid-kernel/build/modules-stage/lib/modules/6.18.44-Unraid/kernel/drivers/net/ethernet/intel/libie/libie_fwlog.ko
  XZ      /home/lain/codex/i915/my-unraid-kernel/build/modules-stage/lib/modules/6.18.44-Unraid/kernel/drivers/net/ethernet/intel/libie/libie_fwlog.ko.xz
  INSTALL /home/lain/codex/i915/my-unraid-kernel/build/modules-stage/lib/modules/6.18.44-Unraid/kernel/drivers/net/ethernet/intel/libeth/libeth.ko
  XZ      /home/lain/codex/i915/my-unraid-kernel/build/modules-stage/lib/modules/6.18.44-Unraid/kernel/drivers/net/ethernet/intel/libeth/libeth.ko.xz
  INSTALL /home/lain/codex/i915/my-unraid-kernel/build/modules-stage/lib/modules/6.18.44-Unraid/kernel/drivers/net/ethernet/intel/e100.ko
  XZ      /home/lain/codex/i915/my-unraid-kernel/build/modules-stage/lib/modules/6.18.44-Unraid/kernel/drivers/net/ethernet/intel/e100.ko.xz
  INSTALL /home/lain/codex/i915/my-unraid-kernel/build/modules-stage/lib/modules/6.18.44-Unraid/kernel/drivers/net/ethernet/intel/e1000/e1000.ko
  XZ      /home/lain/codex/i915/my-unraid-kernel/build/modules-stage/lib/modules/6.18.44-Unraid/kernel/drivers/net/ethernet/intel/e1000/e1000.ko.xz
  INSTALL /home/lain/codex/i915/my-unraid-kernel/build/modules-stage/lib/modules/6.18.44-Unraid/kernel/drivers/net/ethernet/intel/e1000e/e1000e.ko
  XZ      /home/lain/codex/i915/my-unraid-kernel/build/modules-stage/lib/modules/6.18.44-Unraid/kernel/drivers/net/ethernet/intel/e1000e/e1000e.ko.xz
  INSTALL /home/lain/codex/i915/my-unraid-kernel/build/modules-stage/lib/modules/6.18.44-Unraid/kernel/drivers/net/ethernet/intel/igb/igb.ko
  XZ      /home/lain/codex/i915/my-unraid-kernel/build/modules-stage/lib/modules/6.18.44-Unraid/kernel/drivers/net/ethernet/intel/igb/igb.ko.xz
  INSTALL /home/lain/codex/i915/my-unraid-kernel/build/modules-stage/lib/modules/6.18.44-Unraid/kernel/drivers/net/ethernet/intel/igc/igc.ko
  XZ      /home/lain/codex/i915/my-unraid-kernel/build/modules-stage/lib/modules/6.18.44-Unraid/kernel/drivers/net/ethernet/intel/igc/igc.ko.xz
  INSTALL /home/lain/codex/i915/my-unraid-kernel/build/modules-stage/lib/modules/6.18.44-Unraid/kernel/drivers/net/ethernet/intel/igbvf/igbvf.ko
  XZ      /home/lain/codex/i915/my-unraid-kernel/build/modules-stage/lib/modules/6.18.44-Unraid/kernel/drivers/net/ethernet/intel/igbvf/igbvf.ko.xz
  INSTALL /home/lain/codex/i915/my-unraid-kernel/build/modules-stage/lib/modules/6.18.44-Unraid/kernel/drivers/net/ethernet/intel/ixgbe/ixgbe.ko
  XZ      /home/lain/codex/i915/my-unraid-kernel/build/modules-stage/lib/modules/6.18.44-Unraid/kernel/drivers/net/ethernet/intel/ixgbe/ixgbe.ko.xz
  INSTALL /home/lain/codex/i915/my-unraid-kernel/build/modules-stage/lib/modules/6.18.44-Unraid/kernel/drivers/net/ethernet/intel/ixgbevf/ixgbevf.ko
  XZ      /home/lain/codex/i915/my-unraid-kernel/build/modules-stage/lib/modules/6.18.44-Unraid/kernel/drivers/net/ethernet/intel/ixgbevf/ixgbevf.ko.xz
  INSTALL /home/lain/codex/i915/my-unraid-kernel/build/modules-stage/lib/modules/6.18.44-Unraid/kernel/drivers/net/ethernet/intel/i40e/i40e.ko
  XZ      /home/lain/codex/i915/my-unraid-kernel/build/modules-stage/lib/modules/6.18.44-Unraid/kernel/drivers/net/ethernet/intel/i40e/i40e.ko.xz
  INSTALL /home/lain/codex/i915/my-unraid-kernel/build/modules-stage/lib/modules/6.18.44-Unraid/kernel/drivers/net/ethernet/intel/iavf/iavf.ko
  XZ      /home/lain/codex/i915/my-unraid-kernel/build/modules-stage/lib/modules/6.18.44-Unraid/kernel/drivers/net/ethernet/intel/iavf/iavf.ko.xz
  INSTALL /home/lain/codex/i915/my-unraid-kernel/build/modules-stage/lib/modules/6.18.44-Unraid/kernel/drivers/net/ethernet/intel/fm10k/fm10k.ko
  XZ      /home/lain/codex/i915/my-unraid-kernel/build/modules-stage/lib/modules/6.18.44-Unraid/kernel/drivers/net/ethernet/intel/fm10k/fm10k.ko.xz
  INSTALL /home/lain/codex/i915/my-unraid-kernel/build/modules-stage/lib/modules/6.18.44-Unraid/kernel/drivers/net/ethernet/intel/ice/ice.ko
  XZ      /home/lain/codex/i915/my-unraid-kernel/build/modules-stage/lib/modules/6.18.44-Unraid/kernel/drivers/net/ethernet/intel/ice/ice.ko.xz
  INSTALL /home/lain/codex/i915/my-unraid-kernel/build/modules-stage/lib/modules/6.18.44-Unraid/kernel/drivers/net/ethernet/marvell/skge.ko
  XZ      /home/lain/codex/i915/my-unraid-kernel/build/modules-stage/lib/modules/6.18.44-Unraid/kernel/drivers/net/ethernet/marvell/skge.ko.xz
  INSTALL /home/lain/codex/i915/my-unraid-kernel/build/modules-stage/lib/modules/6.18.44-Unraid/kernel/drivers/net/ethernet/marvell/sky2.ko
  XZ      /home/lain/codex/i915/my-unraid-kernel/build/modules-stage/lib/modules/6.18.44-Unraid/kernel/drivers/net/ethernet/marvell/sky2.ko.xz
  INSTALL /home/lain/codex/i915/my-unraid-kernel/build/modules-stage/lib/modules/6.18.44-Unraid/kernel/drivers/net/ethernet/mellanox/mlx4/mlx4_core.ko
  XZ      /home/lain/codex/i915/my-unraid-kernel/build/modules-stage/lib/modules/6.18.44-Unraid/kernel/drivers/net/ethernet/mellanox/mlx4/mlx4_core.ko.xz
  INSTALL /home/lain/codex/i915/my-unraid-kernel/build/modules-stage/lib/modules/6.18.44-Unraid/kernel/drivers/net/ethernet/mellanox/mlx4/mlx4_en.ko
  XZ      /home/lain/codex/i915/my-unraid-kernel/build/modules-stage/lib/modules/6.18.44-Unraid/kernel/drivers/net/ethernet/mellanox/mlx4/mlx4_en.ko.xz
  INSTALL /home/lain/codex/i915/my-unraid-kernel/build/modules-stage/lib/modules/6.18.44-Unraid/kernel/drivers/net/ethernet/mellanox/mlx5/core/mlx5_core.ko
  XZ      /home/lain/codex/i915/my-unraid-kernel/build/modules-stage/lib/modules/6.18.44-Unraid/kernel/drivers/net/ethernet/mellanox/mlx5/core/mlx5_core.ko.xz
  INSTALL /home/lain/codex/i915/my-unraid-kernel/build/modules-stage/lib/modules/6.18.44-Unraid/kernel/drivers/net/ethernet/mellanox/mlxsw/mlxsw_core.ko
  XZ      /home/lain/codex/i915/my-unraid-kernel/build/modules-stage/lib/modules/6.18.44-Unraid/kernel/drivers/net/ethernet/mellanox/mlxsw/mlxsw_core.ko.xz
  INSTALL /home/lain/codex/i915/my-unraid-kernel/build/modules-stage/lib/modules/6.18.44-Unraid/kernel/drivers/net/ethernet/mellanox/mlxsw/mlxsw_pci.ko
  XZ      /home/lain/codex/i915/my-unraid-kernel/build/modules-stage/lib/modules/6.18.44-Unraid/kernel/drivers/net/ethernet/mellanox/mlxsw/mlxsw_pci.ko.xz
  INSTALL /home/lain/codex/i915/my-unraid-kernel/build/modules-stage/lib/modules/6.18.44-Unraid/kernel/drivers/net/ethernet/mellanox/mlxsw/mlxsw_i2c.ko
  XZ      /home/lain/codex/i915/my-unraid-kernel/build/modules-stage/lib/modules/6.18.44-Unraid/kernel/drivers/net/ethernet/mellanox/mlxsw/mlxsw_i2c.ko.xz
  INSTALL /home/lain/codex/i915/my-unraid-kernel/build/modules-stage/lib/modules/6.18.44-Unraid/kernel/drivers/net/ethernet/mellanox/mlxsw/mlxsw_spectrum.ko
  XZ      /home/lain/codex/i915/my-unraid-kernel/build/modules-stage/lib/modules/6.18.44-Unraid/kernel/drivers/net/ethernet/mellanox/mlxsw/mlxsw_spectrum.ko.xz
  INSTALL /home/lain/codex/i915/my-unraid-kernel/build/modules-stage/lib/modules/6.18.44-Unraid/kernel/drivers/net/ethernet/mellanox/mlxsw/mlxsw_minimal.ko
  XZ      /home/lain/codex/i915/my-unraid-kernel/build/modules-stage/lib/modules/6.18.44-Unraid/kernel/drivers/net/ethernet/mellanox/mlxsw/mlxsw_minimal.ko.xz
  INSTALL /home/lain/codex/i915/my-unraid-kernel/build/modules-stage/lib/modules/6.18.44-Unraid/kernel/drivers/net/ethernet/mellanox/mlxfw/mlxfw.ko
  XZ      /home/lain/codex/i915/my-unraid-kernel/build/modules-stage/lib/modules/6.18.44-Unraid/kernel/drivers/net/ethernet/mellanox/mlxfw/mlxfw.ko.xz
  INSTALL /home/lain/codex/i915/my-unraid-kernel/build/modules-stage/lib/modules/6.18.44-Unraid/kernel/drivers/net/ethernet/myricom/myri10ge/myri10ge.ko
  XZ      /home/lain/codex/i915/my-unraid-kernel/build/modules-stage/lib/modules/6.18.44-Unraid/kernel/drivers/net/ethernet/myricom/myri10ge/myri10ge.ko.xz
  INSTALL /home/lain/codex/i915/my-unraid-kernel/build/modules-stage/lib/modules/6.18.44-Unraid/kernel/drivers/net/ethernet/nvidia/forcedeth.ko
  XZ      /home/lain/codex/i915/my-unraid-kernel/build/modules-stage/lib/modules/6.18.44-Unraid/kernel/drivers/net/ethernet/nvidia/forcedeth.ko.xz
  INSTALL /home/lain/codex/i915/my-unraid-kernel/build/modules-stage/lib/modules/6.18.44-Unraid/kernel/drivers/net/ethernet/qlogic/qla3xxx.ko
  XZ      /home/lain/codex/i915/my-unraid-kernel/build/modules-stage/lib/modules/6.18.44-Unraid/kernel/drivers/net/ethernet/qlogic/qla3xxx.ko.xz
  INSTALL /home/lain/codex/i915/my-unraid-kernel/build/modules-stage/lib/modules/6.18.44-Unraid/kernel/drivers/net/ethernet/qlogic/qlcnic/qlcnic.ko
  XZ      /home/lain/codex/i915/my-unraid-kernel/build/modules-stage/lib/modules/6.18.44-Unraid/kernel/drivers/net/ethernet/qlogic/qlcnic/qlcnic.ko.xz
  INSTALL /home/lain/codex/i915/my-unraid-kernel/build/modules-stage/lib/modules/6.18.44-Unraid/kernel/drivers/net/ethernet/qlogic/netxen/netxen_nic.ko
  XZ      /home/lain/codex/i915/my-unraid-kernel/build/modules-stage/lib/modules/6.18.44-Unraid/kernel/drivers/net/ethernet/qlogic/netxen/netxen_nic.ko.xz
  INSTALL /home/lain/codex/i915/my-unraid-kernel/build/modules-stage/lib/modules/6.18.44-Unraid/kernel/drivers/net/ethernet/qlogic/qed/qed.ko
  XZ      /home/lain/codex/i915/my-unraid-kernel/build/modules-stage/lib/modules/6.18.44-Unraid/kernel/drivers/net/ethernet/qlogic/qed/qed.ko.xz
  INSTALL /home/lain/codex/i915/my-unraid-kernel/build/modules-stage/lib/modules/6.18.44-Unraid/kernel/drivers/net/ethernet/qlogic/qede/qede.ko
  XZ      /home/lain/codex/i915/my-unraid-kernel/build/modules-stage/lib/modules/6.18.44-Unraid/kernel/drivers/net/ethernet/qlogic/qede/qede.ko.xz
  INSTALL /home/lain/codex/i915/my-unraid-kernel/build/modules-stage/lib/modules/6.18.44-Unraid/kernel/drivers/net/ethernet/realtek/8139too.ko
  XZ      /home/lain/codex/i915/my-unraid-kernel/build/modules-stage/lib/modules/6.18.44-Unraid/kernel/drivers/net/ethernet/realtek/8139too.ko.xz
  INSTALL /home/lain/codex/i915/my-unraid-kernel/build/modules-stage/lib/modules/6.18.44-Unraid/kernel/drivers/net/ethernet/realtek/r8169.ko
  XZ      /home/lain/codex/i915/my-unraid-kernel/build/modules-stage/lib/modules/6.18.44-Unraid/kernel/drivers/net/ethernet/realtek/r8169.ko.xz
  INSTALL /home/lain/codex/i915/my-unraid-kernel/build/modules-stage/lib/modules/6.18.44-Unraid/kernel/drivers/net/ethernet/sis/sis190.ko
  XZ      /home/lain/codex/i915/my-unraid-kernel/build/modules-stage/lib/modules/6.18.44-Unraid/kernel/drivers/net/ethernet/sis/sis190.ko.xz
  INSTALL /home/lain/codex/i915/my-unraid-kernel/build/modules-stage/lib/modules/6.18.44-Unraid/kernel/drivers/net/ethernet/sis/sis900.ko
  XZ      /home/lain/codex/i915/my-unraid-kernel/build/modules-stage/lib/modules/6.18.44-Unraid/kernel/drivers/net/ethernet/sis/sis900.ko.xz
  INSTALL /home/lain/codex/i915/my-unraid-kernel/build/modules-stage/lib/modules/6.18.44-Unraid/kernel/drivers/net/ethernet/sfc/sfc.ko
  XZ      /home/lain/codex/i915/my-unraid-kernel/build/modules-stage/lib/modules/6.18.44-Unraid/kernel/drivers/net/ethernet/sfc/sfc.ko.xz
  INSTALL /home/lain/codex/i915/my-unraid-kernel/build/modules-stage/lib/modules/6.18.44-Unraid/kernel/drivers/net/ethernet/sfc/falcon/sfc-falcon.ko
  XZ      /home/lain/codex/i915/my-unraid-kernel/build/modules-stage/lib/modules/6.18.44-Unraid/kernel/drivers/net/ethernet/sfc/falcon/sfc-falcon.ko.xz
  INSTALL /home/lain/codex/i915/my-unraid-kernel/build/modules-stage/lib/modules/6.18.44-Unraid/kernel/drivers/net/ethernet/sfc/siena/sfc-siena.ko
  XZ      /home/lain/codex/i915/my-unraid-kernel/build/modules-stage/lib/modules/6.18.44-Unraid/kernel/drivers/net/ethernet/sfc/siena/sfc-siena.ko.xz
  INSTALL /home/lain/codex/i915/my-unraid-kernel/build/modules-stage/lib/modules/6.18.44-Unraid/kernel/drivers/net/ethernet/sun/niu.ko
  XZ      /home/lain/codex/i915/my-unraid-kernel/build/modules-stage/lib/modules/6.18.44-Unraid/kernel/drivers/net/ethernet/sun/niu.ko.xz
  INSTALL /home/lain/codex/i915/my-unraid-kernel/build/modules-stage/lib/modules/6.18.44-Unraid/kernel/drivers/net/ethernet/tehuti/tehuti.ko
  XZ      /home/lain/codex/i915/my-unraid-kernel/build/modules-stage/lib/modules/6.18.44-Unraid/kernel/drivers/net/ethernet/tehuti/tehuti.ko.xz
  INSTALL /home/lain/codex/i915/my-unraid-kernel/build/modules-stage/lib/modules/6.18.44-Unraid/kernel/drivers/net/ethernet/tehuti/tn40xx.ko
  XZ      /home/lain/codex/i915/my-unraid-kernel/build/modules-stage/lib/modules/6.18.44-Unraid/kernel/drivers/net/ethernet/tehuti/tn40xx.ko.xz
  INSTALL /home/lain/codex/i915/my-unraid-kernel/build/modules-stage/lib/modules/6.18.44-Unraid/kernel/drivers/net/ethernet/via/via-rhine.ko
  XZ      /home/lain/codex/i915/my-unraid-kernel/build/modules-stage/lib/modules/6.18.44-Unraid/kernel/drivers/net/ethernet/via/via-rhine.ko.xz
  INSTALL /home/lain/codex/i915/my-unraid-kernel/build/modules-stage/lib/modules/6.18.44-Unraid/kernel/drivers/net/ethernet/via/via-velocity.ko
  XZ      /home/lain/codex/i915/my-unraid-kernel/build/modules-stage/lib/modules/6.18.44-Unraid/kernel/drivers/net/ethernet/via/via-velocity.ko.xz
  INSTALL /home/lain/codex/i915/my-unraid-kernel/build/modules-stage/lib/modules/6.18.44-Unraid/kernel/drivers/net/ethernet/jme.ko
  XZ      /home/lain/codex/i915/my-unraid-kernel/build/modules-stage/lib/modules/6.18.44-Unraid/kernel/drivers/net/ethernet/jme.ko.xz
  INSTALL /home/lain/codex/i915/my-unraid-kernel/build/modules-stage/lib/modules/6.18.44-Unraid/kernel/drivers/net/wireless/ath/ath5k/ath5k.ko
  XZ      /home/lain/codex/i915/my-unraid-kernel/build/modules-stage/lib/modules/6.18.44-Unraid/kernel/drivers/net/wireless/ath/ath5k/ath5k.ko.xz
  INSTALL /home/lain/codex/i915/my-unraid-kernel/build/modules-stage/lib/modules/6.18.44-Unraid/kernel/drivers/net/wireless/ath/ath9k/ath9k.ko
  XZ      /home/lain/codex/i915/my-unraid-kernel/build/modules-stage/lib/modules/6.18.44-Unraid/kernel/drivers/net/wireless/ath/ath9k/ath9k.ko.xz
  INSTALL /home/lain/codex/i915/my-unraid-kernel/build/modules-stage/lib/modules/6.18.44-Unraid/kernel/drivers/net/wireless/ath/ath9k/ath9k_hw.ko
  XZ      /home/lain/codex/i915/my-unraid-kernel/build/modules-stage/lib/modules/6.18.44-Unraid/kernel/drivers/net/wireless/ath/ath9k/ath9k_hw.ko.xz
  INSTALL /home/lain/codex/i915/my-unraid-kernel/build/modules-stage/lib/modules/6.18.44-Unraid/kernel/drivers/net/wireless/ath/ath9k/ath9k_common.ko
  XZ      /home/lain/codex/i915/my-unraid-kernel/build/modules-stage/lib/modules/6.18.44-Unraid/kernel/drivers/net/wireless/ath/ath9k/ath9k_common.ko.xz
  INSTALL /home/lain/codex/i915/my-unraid-kernel/build/modules-stage/lib/modules/6.18.44-Unraid/kernel/drivers/net/wireless/ath/ath9k/ath9k_htc.ko
  XZ      /home/lain/codex/i915/my-unraid-kernel/build/modules-stage/lib/modules/6.18.44-Unraid/kernel/drivers/net/wireless/ath/ath9k/ath9k_htc.ko.xz
  INSTALL /home/lain/codex/i915/my-unraid-kernel/build/modules-stage/lib/modules/6.18.44-Unraid/kernel/drivers/net/wireless/ath/ath9k/ath9k_pci_owl_loader.ko
  XZ      /home/lain/codex/i915/my-unraid-kernel/build/modules-stage/lib/modules/6.18.44-Unraid/kernel/drivers/net/wireless/ath/ath9k/ath9k_pci_owl_loader.ko.xz
  INSTALL /home/lain/codex/i915/my-unraid-kernel/build/modules-stage/lib/modules/6.18.44-Unraid/kernel/drivers/net/wireless/ath/carl9170/carl9170.ko
  XZ      /home/lain/codex/i915/my-unraid-kernel/build/modules-stage/lib/modules/6.18.44-Unraid/kernel/drivers/net/wireless/ath/carl9170/carl9170.ko.xz
  INSTALL /home/lain/codex/i915/my-unraid-kernel/build/modules-stage/lib/modules/6.18.44-Unraid/kernel/drivers/net/wireless/ath/ath6kl/ath6kl_core.ko
  XZ      /home/lain/codex/i915/my-unraid-kernel/build/modules-stage/lib/modules/6.18.44-Unraid/kernel/drivers/net/wireless/ath/ath6kl/ath6kl_core.ko.xz
  INSTALL /home/lain/codex/i915/my-unraid-kernel/build/modules-stage/lib/modules/6.18.44-Unraid/kernel/drivers/net/wireless/ath/ath6kl/ath6kl_usb.ko
  XZ      /home/lain/codex/i915/my-unraid-kernel/build/modules-stage/lib/modules/6.18.44-Unraid/kernel/drivers/net/wireless/ath/ath6kl/ath6kl_usb.ko.xz
  INSTALL /home/lain/codex/i915/my-unraid-kernel/build/modules-stage/lib/modules/6.18.44-Unraid/kernel/drivers/net/wireless/ath/ar5523/ar5523.ko
  XZ      /home/lain/codex/i915/my-unraid-kernel/build/modules-stage/lib/modules/6.18.44-Unraid/kernel/drivers/net/wireless/ath/ar5523/ar5523.ko.xz
  INSTALL /home/lain/codex/i915/my-unraid-kernel/build/modules-stage/lib/modules/6.18.44-Unraid/kernel/drivers/net/wireless/ath/ath10k/ath10k_core.ko
  XZ      /home/lain/codex/i915/my-unraid-kernel/build/modules-stage/lib/modules/6.18.44-Unraid/kernel/drivers/net/wireless/ath/ath10k/ath10k_core.ko.xz
  INSTALL /home/lain/codex/i915/my-unraid-kernel/build/modules-stage/lib/modules/6.18.44-Unraid/kernel/drivers/net/wireless/ath/ath10k/ath10k_pci.ko
  XZ      /home/lain/codex/i915/my-unraid-kernel/build/modules-stage/lib/modules/6.18.44-Unraid/kernel/drivers/net/wireless/ath/ath10k/ath10k_pci.ko.xz
  INSTALL /home/lain/codex/i915/my-unraid-kernel/build/modules-stage/lib/modules/6.18.44-Unraid/kernel/drivers/net/wireless/ath/ath10k/ath10k_sdio.ko
  XZ      /home/lain/codex/i915/my-unraid-kernel/build/modules-stage/lib/modules/6.18.44-Unraid/kernel/drivers/net/wireless/ath/ath10k/ath10k_sdio.ko.xz
  INSTALL /home/lain/codex/i915/my-unraid-kernel/build/modules-stage/lib/modules/6.18.44-Unraid/kernel/drivers/net/wireless/ath/ath10k/ath10k_usb.ko
  XZ      /home/lain/codex/i915/my-unraid-kernel/build/modules-stage/lib/modules/6.18.44-Unraid/kernel/drivers/net/wireless/ath/ath10k/ath10k_usb.ko.xz
  INSTALL /home/lain/codex/i915/my-unraid-kernel/build/modules-stage/lib/modules/6.18.44-Unraid/kernel/drivers/net/wireless/ath/wcn36xx/wcn36xx.ko
  XZ      /home/lain/codex/i915/my-unraid-kernel/build/modules-stage/lib/modules/6.18.44-Unraid/kernel/drivers/net/wireless/ath/wcn36xx/wcn36xx.ko.xz
  INSTALL /home/lain/codex/i915/my-unraid-kernel/build/modules-stage/lib/modules/6.18.44-Unraid/kernel/drivers/net/wireless/ath/ath11k/ath11k.ko
  XZ      /home/lain/codex/i915/my-unraid-kernel/build/modules-stage/lib/modules/6.18.44-Unraid/kernel/drivers/net/wireless/ath/ath11k/ath11k.ko.xz
  INSTALL /home/lain/codex/i915/my-unraid-kernel/build/modules-stage/lib/modules/6.18.44-Unraid/kernel/drivers/net/wireless/ath/ath11k/ath11k_ahb.ko
  XZ      /home/lain/codex/i915/my-unraid-kernel/build/modules-stage/lib/modules/6.18.44-Unraid/kernel/drivers/net/wireless/ath/ath11k/ath11k_ahb.ko.xz
  INSTALL /home/lain/codex/i915/my-unraid-kernel/build/modules-stage/lib/modules/6.18.44-Unraid/kernel/drivers/net/wireless/ath/ath11k/ath11k_pci.ko
  XZ      /home/lain/codex/i915/my-unraid-kernel/build/modules-stage/lib/modules/6.18.44-Unraid/kernel/drivers/net/wireless/ath/ath11k/ath11k_pci.ko.xz
  INSTALL /home/lain/codex/i915/my-unraid-kernel/build/modules-stage/lib/modules/6.18.44-Unraid/kernel/drivers/net/wireless/ath/ath12k/ath12k.ko
  XZ      /home/lain/codex/i915/my-unraid-kernel/build/modules-stage/lib/modules/6.18.44-Unraid/kernel/drivers/net/wireless/ath/ath12k/ath12k.ko.xz
  INSTALL /home/lain/codex/i915/my-unraid-kernel/build/modules-stage/lib/modules/6.18.44-Unraid/kernel/drivers/net/wireless/ath/ath.ko
  XZ      /home/lain/codex/i915/my-unraid-kernel/build/modules-stage/lib/modules/6.18.44-Unraid/kernel/drivers/net/wireless/ath/ath.ko.xz
  INSTALL /home/lain/codex/i915/my-unraid-kernel/build/modules-stage/lib/modules/6.18.44-Unraid/kernel/drivers/net/wireless/broadcom/b43/b43.ko
  XZ      /home/lain/codex/i915/my-unraid-kernel/build/modules-stage/lib/modules/6.18.44-Unraid/kernel/drivers/net/wireless/broadcom/b43/b43.ko.xz
  INSTALL /home/lain/codex/i915/my-unraid-kernel/build/modules-stage/lib/modules/6.18.44-Unraid/kernel/drivers/net/wireless/broadcom/b43legacy/b43legacy.ko
  XZ      /home/lain/codex/i915/my-unraid-kernel/build/modules-stage/lib/modules/6.18.44-Unraid/kernel/drivers/net/wireless/broadcom/b43legacy/b43legacy.ko.xz
  INSTALL /home/lain/codex/i915/my-unraid-kernel/build/modules-stage/lib/modules/6.18.44-Unraid/kernel/drivers/net/wireless/broadcom/brcm80211/brcmutil/brcmutil.ko
  XZ      /home/lain/codex/i915/my-unraid-kernel/build/modules-stage/lib/modules/6.18.44-Unraid/kernel/drivers/net/wireless/broadcom/brcm80211/brcmutil/brcmutil.ko.xz
  INSTALL /home/lain/codex/i915/my-unraid-kernel/build/modules-stage/lib/modules/6.18.44-Unraid/kernel/drivers/net/wireless/broadcom/brcm80211/brcmfmac/brcmfmac.ko
  XZ      /home/lain/codex/i915/my-unraid-kernel/build/modules-stage/lib/modules/6.18.44-Unraid/kernel/drivers/net/wireless/broadcom/brcm80211/brcmfmac/brcmfmac.ko.xz
  INSTALL /home/lain/codex/i915/my-unraid-kernel/build/modules-stage/lib/modules/6.18.44-Unraid/kernel/drivers/net/wireless/broadcom/brcm80211/brcmfmac/wcc/brcmfmac-wcc.ko
  XZ      /home/lain/codex/i915/my-unraid-kernel/build/modules-stage/lib/modules/6.18.44-Unraid/kernel/drivers/net/wireless/broadcom/brcm80211/brcmfmac/wcc/brcmfmac-wcc.ko.xz
  INSTALL /home/lain/codex/i915/my-unraid-kernel/build/modules-stage/lib/modules/6.18.44-Unraid/kernel/drivers/net/wireless/broadcom/brcm80211/brcmfmac/cyw/brcmfmac-cyw.ko
  XZ      /home/lain/codex/i915/my-unraid-kernel/build/modules-stage/lib/modules/6.18.44-Unraid/kernel/drivers/net/wireless/broadcom/brcm80211/brcmfmac/cyw/brcmfmac-cyw.ko.xz
  INSTALL /home/lain/codex/i915/my-unraid-kernel/build/modules-stage/lib/modules/6.18.44-Unraid/kernel/drivers/net/wireless/broadcom/brcm80211/brcmfmac/bca/brcmfmac-bca.ko
  XZ      /home/lain/codex/i915/my-unraid-kernel/build/modules-stage/lib/modules/6.18.44-Unraid/kernel/drivers/net/wireless/broadcom/brcm80211/brcmfmac/bca/brcmfmac-bca.ko.xz
  INSTALL /home/lain/codex/i915/my-unraid-kernel/build/modules-stage/lib/modules/6.18.44-Unraid/kernel/drivers/net/wireless/broadcom/brcm80211/brcmsmac/brcmsmac.ko
  XZ      /home/lain/codex/i915/my-unraid-kernel/build/modules-stage/lib/modules/6.18.44-Unraid/kernel/drivers/net/wireless/broadcom/brcm80211/brcmsmac/brcmsmac.ko.xz
  INSTALL /home/lain/codex/i915/my-unraid-kernel/build/modules-stage/lib/modules/6.18.44-Unraid/kernel/drivers/net/wireless/intel/ipw2x00/ipw2100.ko
  XZ      /home/lain/codex/i915/my-unraid-kernel/build/modules-stage/lib/modules/6.18.44-Unraid/kernel/drivers/net/wireless/intel/ipw2x00/ipw2100.ko.xz
  INSTALL /home/lain/codex/i915/my-unraid-kernel/build/modules-stage/lib/modules/6.18.44-Unraid/kernel/drivers/net/wireless/intel/ipw2x00/ipw2200.ko
  XZ      /home/lain/codex/i915/my-unraid-kernel/build/modules-stage/lib/modules/6.18.44-Unraid/kernel/drivers/net/wireless/intel/ipw2x00/ipw2200.ko.xz
  INSTALL /home/lain/codex/i915/my-unraid-kernel/build/modules-stage/lib/modules/6.18.44-Unraid/kernel/drivers/net/wireless/intel/ipw2x00/libipw.ko
  XZ      /home/lain/codex/i915/my-unraid-kernel/build/modules-stage/lib/modules/6.18.44-Unraid/kernel/drivers/net/wireless/intel/ipw2x00/libipw.ko.xz
  INSTALL /home/lain/codex/i915/my-unraid-kernel/build/modules-stage/lib/modules/6.18.44-Unraid/kernel/drivers/net/wireless/intel/iwlegacy/iwlegacy.ko
  XZ      /home/lain/codex/i915/my-unraid-kernel/build/modules-stage/lib/modules/6.18.44-Unraid/kernel/drivers/net/wireless/intel/iwlegacy/iwlegacy.ko.xz
  INSTALL /home/lain/codex/i915/my-unraid-kernel/build/modules-stage/lib/modules/6.18.44-Unraid/kernel/drivers/net/wireless/intel/iwlegacy/iwl4965.ko
  XZ      /home/lain/codex/i915/my-unraid-kernel/build/modules-stage/lib/modules/6.18.44-Unraid/kernel/drivers/net/wireless/intel/iwlegacy/iwl4965.ko.xz
  INSTALL /home/lain/codex/i915/my-unraid-kernel/build/modules-stage/lib/modules/6.18.44-Unraid/kernel/drivers/net/wireless/intel/iwlegacy/iwl3945.ko
  XZ      /home/lain/codex/i915/my-unraid-kernel/build/modules-stage/lib/modules/6.18.44-Unraid/kernel/drivers/net/wireless/intel/iwlegacy/iwl3945.ko.xz
  INSTALL /home/lain/codex/i915/my-unraid-kernel/build/modules-stage/lib/modules/6.18.44-Unraid/kernel/drivers/net/wireless/intel/iwlwifi/iwlwifi.ko
  XZ      /home/lain/codex/i915/my-unraid-kernel/build/modules-stage/lib/modules/6.18.44-Unraid/kernel/drivers/net/wireless/intel/iwlwifi/iwlwifi.ko.xz
  INSTALL /home/lain/codex/i915/my-unraid-kernel/build/modules-stage/lib/modules/6.18.44-Unraid/kernel/drivers/net/wireless/intel/iwlwifi/dvm/iwldvm.ko
  XZ      /home/lain/codex/i915/my-unraid-kernel/build/modules-stage/lib/modules/6.18.44-Unraid/kernel/drivers/net/wireless/intel/iwlwifi/dvm/iwldvm.ko.xz
  INSTALL /home/lain/codex/i915/my-unraid-kernel/build/modules-stage/lib/modules/6.18.44-Unraid/kernel/drivers/net/wireless/intel/iwlwifi/mvm/iwlmvm.ko
  XZ      /home/lain/codex/i915/my-unraid-kernel/build/modules-stage/lib/modules/6.18.44-Unraid/kernel/drivers/net/wireless/intel/iwlwifi/mvm/iwlmvm.ko.xz
  INSTALL /home/lain/codex/i915/my-unraid-kernel/build/modules-stage/lib/modules/6.18.44-Unraid/kernel/drivers/net/wireless/intel/iwlwifi/mld/iwlmld.ko
  XZ      /home/lain/codex/i915/my-unraid-kernel/build/modules-stage/lib/modules/6.18.44-Unraid/kernel/drivers/net/wireless/intel/iwlwifi/mld/iwlmld.ko.xz
  INSTALL /home/lain/codex/i915/my-unraid-kernel/build/modules-stage/lib/modules/6.18.44-Unraid/kernel/drivers/net/wireless/marvell/libertas/libertas.ko
  XZ      /home/lain/codex/i915/my-unraid-kernel/build/modules-stage/lib/modules/6.18.44-Unraid/kernel/drivers/net/wireless/marvell/libertas/libertas.ko.xz
  INSTALL /home/lain/codex/i915/my-unraid-kernel/build/modules-stage/lib/modules/6.18.44-Unraid/kernel/drivers/net/wireless/marvell/libertas/usb8xxx.ko
  XZ      /home/lain/codex/i915/my-unraid-kernel/build/modules-stage/lib/modules/6.18.44-Unraid/kernel/drivers/net/wireless/marvell/libertas/usb8xxx.ko.xz
  INSTALL /home/lain/codex/i915/my-unraid-kernel/build/modules-stage/lib/modules/6.18.44-Unraid/kernel/drivers/net/wireless/marvell/libertas/libertas_sdio.ko
  XZ      /home/lain/codex/i915/my-unraid-kernel/build/modules-stage/lib/modules/6.18.44-Unraid/kernel/drivers/net/wireless/marvell/libertas/libertas_sdio.ko.xz
  INSTALL /home/lain/codex/i915/my-unraid-kernel/build/modules-stage/lib/modules/6.18.44-Unraid/kernel/drivers/net/wireless/marvell/libertas_tf/libertas_tf.ko
  XZ      /home/lain/codex/i915/my-unraid-kernel/build/modules-stage/lib/modules/6.18.44-Unraid/kernel/drivers/net/wireless/marvell/libertas_tf/libertas_tf.ko.xz
  INSTALL /home/lain/codex/i915/my-unraid-kernel/build/modules-stage/lib/modules/6.18.44-Unraid/kernel/drivers/net/wireless/marvell/libertas_tf/libertas_tf_usb.ko
  XZ      /home/lain/codex/i915/my-unraid-kernel/build/modules-stage/lib/modules/6.18.44-Unraid/kernel/drivers/net/wireless/marvell/libertas_tf/libertas_tf_usb.ko.xz
  INSTALL /home/lain/codex/i915/my-unraid-kernel/build/modules-stage/lib/modules/6.18.44-Unraid/kernel/drivers/net/wireless/marvell/mwifiex/mwifiex.ko
  XZ      /home/lain/codex/i915/my-unraid-kernel/build/modules-stage/lib/modules/6.18.44-Unraid/kernel/drivers/net/wireless/marvell/mwifiex/mwifiex.ko.xz
  INSTALL /home/lain/codex/i915/my-unraid-kernel/build/modules-stage/lib/modules/6.18.44-Unraid/kernel/drivers/net/wireless/marvell/mwifiex/mwifiex_sdio.ko
  XZ      /home/lain/codex/i915/my-unraid-kernel/build/modules-stage/lib/modules/6.18.44-Unraid/kernel/drivers/net/wireless/marvell/mwifiex/mwifiex_sdio.ko.xz
  INSTALL /home/lain/codex/i915/my-unraid-kernel/build/modules-stage/lib/modules/6.18.44-Unraid/kernel/drivers/net/wireless/marvell/mwifiex/mwifiex_pcie.ko
  XZ      /home/lain/codex/i915/my-unraid-kernel/build/modules-stage/lib/modules/6.18.44-Unraid/kernel/drivers/net/wireless/marvell/mwifiex/mwifiex_pcie.ko.xz
  INSTALL /home/lain/codex/i915/my-unraid-kernel/build/modules-stage/lib/modules/6.18.44-Unraid/kernel/drivers/net/wireless/marvell/mwifiex/mwifiex_usb.ko
  XZ      /home/lain/codex/i915/my-unraid-kernel/build/modules-stage/lib/modules/6.18.44-Unraid/kernel/drivers/net/wireless/marvell/mwifiex/mwifiex_usb.ko.xz
  INSTALL /home/lain/codex/i915/my-unraid-kernel/build/modules-stage/lib/modules/6.18.44-Unraid/kernel/drivers/net/wireless/marvell/mwl8k.ko
  XZ      /home/lain/codex/i915/my-unraid-kernel/build/modules-stage/lib/modules/6.18.44-Unraid/kernel/drivers/net/wireless/marvell/mwl8k.ko.xz
  INSTALL /home/lain/codex/i915/my-unraid-kernel/build/modules-stage/lib/modules/6.18.44-Unraid/kernel/drivers/net/wireless/mediatek/mt7601u/mt7601u.ko
  XZ      /home/lain/codex/i915/my-unraid-kernel/build/modules-stage/lib/modules/6.18.44-Unraid/kernel/drivers/net/wireless/mediatek/mt7601u/mt7601u.ko.xz
  INSTALL /home/lain/codex/i915/my-unraid-kernel/build/modules-stage/lib/modules/6.18.44-Unraid/kernel/drivers/net/wireless/mediatek/mt76/mt76.ko
  XZ      /home/lain/codex/i915/my-unraid-kernel/build/modules-stage/lib/modules/6.18.44-Unraid/kernel/drivers/net/wireless/mediatek/mt76/mt76.ko.xz
  INSTALL /home/lain/codex/i915/my-unraid-kernel/build/modules-stage/lib/modules/6.18.44-Unraid/kernel/drivers/net/wireless/mediatek/mt76/mt76-usb.ko
  XZ      /home/lain/codex/i915/my-unraid-kernel/build/modules-stage/lib/modules/6.18.44-Unraid/kernel/drivers/net/wireless/mediatek/mt76/mt76-usb.ko.xz
  INSTALL /home/lain/codex/i915/my-unraid-kernel/build/modules-stage/lib/modules/6.18.44-Unraid/kernel/drivers/net/wireless/mediatek/mt76/mt76-sdio.ko
  XZ      /home/lain/codex/i915/my-unraid-kernel/build/modules-stage/lib/modules/6.18.44-Unraid/kernel/drivers/net/wireless/mediatek/mt76/mt76-sdio.ko.xz
  INSTALL /home/lain/codex/i915/my-unraid-kernel/build/modules-stage/lib/modules/6.18.44-Unraid/kernel/drivers/net/wireless/mediatek/mt76/mt76x02-lib.ko
  XZ      /home/lain/codex/i915/my-unraid-kernel/build/modules-stage/lib/modules/6.18.44-Unraid/kernel/drivers/net/wireless/mediatek/mt76/mt76x02-lib.ko.xz
  INSTALL /home/lain/codex/i915/my-unraid-kernel/build/modules-stage/lib/modules/6.18.44-Unraid/kernel/drivers/net/wireless/mediatek/mt76/mt76x02-usb.ko
  XZ      /home/lain/codex/i915/my-unraid-kernel/build/modules-stage/lib/modules/6.18.44-Unraid/kernel/drivers/net/wireless/mediatek/mt76/mt76x02-usb.ko.xz
  INSTALL /home/lain/codex/i915/my-unraid-kernel/build/modules-stage/lib/modules/6.18.44-Unraid/kernel/drivers/net/wireless/mediatek/mt76/mt76-connac-lib.ko
  XZ      /home/lain/codex/i915/my-unraid-kernel/build/modules-stage/lib/modules/6.18.44-Unraid/kernel/drivers/net/wireless/mediatek/mt76/mt76-connac-lib.ko.xz
  INSTALL /home/lain/codex/i915/my-unraid-kernel/build/modules-stage/lib/modules/6.18.44-Unraid/kernel/drivers/net/wireless/mediatek/mt76/mt792x-lib.ko
  XZ      /home/lain/codex/i915/my-unraid-kernel/build/modules-stage/lib/modules/6.18.44-Unraid/kernel/drivers/net/wireless/mediatek/mt76/mt792x-lib.ko.xz
  INSTALL /home/lain/codex/i915/my-unraid-kernel/build/modules-stage/lib/modules/6.18.44-Unraid/kernel/drivers/net/wireless/mediatek/mt76/mt792x-usb.ko
  XZ      /home/lain/codex/i915/my-unraid-kernel/build/modules-stage/lib/modules/6.18.44-Unraid/kernel/drivers/net/wireless/mediatek/mt76/mt792x-usb.ko.xz
  INSTALL /home/lain/codex/i915/my-unraid-kernel/build/modules-stage/lib/modules/6.18.44-Unraid/kernel/drivers/net/wireless/mediatek/mt76/mt76x0/mt76x0u.ko
  XZ      /home/lain/codex/i915/my-unraid-kernel/build/modules-stage/lib/modules/6.18.44-Unraid/kernel/drivers/net/wireless/mediatek/mt76/mt76x0/mt76x0u.ko.xz
  INSTALL /home/lain/codex/i915/my-unraid-kernel/build/modules-stage/lib/modules/6.18.44-Unraid/kernel/drivers/net/wireless/mediatek/mt76/mt76x0/mt76x0e.ko
  XZ      /home/lain/codex/i915/my-unraid-kernel/build/modules-stage/lib/modules/6.18.44-Unraid/kernel/drivers/net/wireless/mediatek/mt76/mt76x0/mt76x0e.ko.xz
  INSTALL /home/lain/codex/i915/my-unraid-kernel/build/modules-stage/lib/modules/6.18.44-Unraid/kernel/drivers/net/wireless/mediatek/mt76/mt76x0/mt76x0-common.ko
  XZ      /home/lain/codex/i915/my-unraid-kernel/build/modules-stage/lib/modules/6.18.44-Unraid/kernel/drivers/net/wireless/mediatek/mt76/mt76x0/mt76x0-common.ko.xz
  INSTALL /home/lain/codex/i915/my-unraid-kernel/build/modules-stage/lib/modules/6.18.44-Unraid/kernel/drivers/net/wireless/mediatek/mt76/mt76x2/mt76x2-common.ko
  XZ      /home/lain/codex/i915/my-unraid-kernel/build/modules-stage/lib/modules/6.18.44-Unraid/kernel/drivers/net/wireless/mediatek/mt76/mt76x2/mt76x2-common.ko.xz
  INSTALL /home/lain/codex/i915/my-unraid-kernel/build/modules-stage/lib/modules/6.18.44-Unraid/kernel/drivers/net/wireless/mediatek/mt76/mt76x2/mt76x2e.ko
  XZ      /home/lain/codex/i915/my-unraid-kernel/build/modules-stage/lib/modules/6.18.44-Unraid/kernel/drivers/net/wireless/mediatek/mt76/mt76x2/mt76x2e.ko.xz
  INSTALL /home/lain/codex/i915/my-unraid-kernel/build/modules-stage/lib/modules/6.18.44-Unraid/kernel/drivers/net/wireless/mediatek/mt76/mt76x2/mt76x2u.ko
  XZ      /home/lain/codex/i915/my-unraid-kernel/build/modules-stage/lib/modules/6.18.44-Unraid/kernel/drivers/net/wireless/mediatek/mt76/mt76x2/mt76x2u.ko.xz
  INSTALL /home/lain/codex/i915/my-unraid-kernel/build/modules-stage/lib/modules/6.18.44-Unraid/kernel/drivers/net/wireless/mediatek/mt76/mt7603/mt7603e.ko
  XZ      /home/lain/codex/i915/my-unraid-kernel/build/modules-stage/lib/modules/6.18.44-Unraid/kernel/drivers/net/wireless/mediatek/mt76/mt7603/mt7603e.ko.xz
  INSTALL /home/lain/codex/i915/my-unraid-kernel/build/modules-stage/lib/modules/6.18.44-Unraid/kernel/drivers/net/wireless/mediatek/mt76/mt7615/mt7615-common.ko
  XZ      /home/lain/codex/i915/my-unraid-kernel/build/modules-stage/lib/modules/6.18.44-Unraid/kernel/drivers/net/wireless/mediatek/mt76/mt7615/mt7615-common.ko.xz
  INSTALL /home/lain/codex/i915/my-unraid-kernel/build/modules-stage/lib/modules/6.18.44-Unraid/kernel/drivers/net/wireless/mediatek/mt76/mt7615/mt7615e.ko
  XZ      /home/lain/codex/i915/my-unraid-kernel/build/modules-stage/lib/modules/6.18.44-Unraid/kernel/drivers/net/wireless/mediatek/mt76/mt7615/mt7615e.ko.xz
  INSTALL /home/lain/codex/i915/my-unraid-kernel/build/modules-stage/lib/modules/6.18.44-Unraid/kernel/drivers/net/wireless/mediatek/mt76/mt7615/mt7663-usb-sdio-common.ko
  XZ      /home/lain/codex/i915/my-unraid-kernel/build/modules-stage/lib/modules/6.18.44-Unraid/kernel/drivers/net/wireless/mediatek/mt76/mt7615/mt7663-usb-sdio-common.ko.xz
  INSTALL /home/lain/codex/i915/my-unraid-kernel/build/modules-stage/lib/modules/6.18.44-Unraid/kernel/drivers/net/wireless/mediatek/mt76/mt7615/mt7663u.ko
  XZ      /home/lain/codex/i915/my-unraid-kernel/build/modules-stage/lib/modules/6.18.44-Unraid/kernel/drivers/net/wireless/mediatek/mt76/mt7615/mt7663u.ko.xz
  INSTALL /home/lain/codex/i915/my-unraid-kernel/build/modules-stage/lib/modules/6.18.44-Unraid/kernel/drivers/net/wireless/mediatek/mt76/mt7615/mt7663s.ko
  XZ      /home/lain/codex/i915/my-unraid-kernel/build/modules-stage/lib/modules/6.18.44-Unraid/kernel/drivers/net/wireless/mediatek/mt76/mt7615/mt7663s.ko.xz
  INSTALL /home/lain/codex/i915/my-unraid-kernel/build/modules-stage/lib/modules/6.18.44-Unraid/kernel/drivers/net/wireless/mediatek/mt76/mt7915/mt7915e.ko
  XZ      /home/lain/codex/i915/my-unraid-kernel/build/modules-stage/lib/modules/6.18.44-Unraid/kernel/drivers/net/wireless/mediatek/mt76/mt7915/mt7915e.ko.xz
  INSTALL /home/lain/codex/i915/my-unraid-kernel/build/modules-stage/lib/modules/6.18.44-Unraid/kernel/drivers/net/wireless/mediatek/mt76/mt7921/mt7921-common.ko
  XZ      /home/lain/codex/i915/my-unraid-kernel/build/modules-stage/lib/modules/6.18.44-Unraid/kernel/drivers/net/wireless/mediatek/mt76/mt7921/mt7921-common.ko.xz
  INSTALL /home/lain/codex/i915/my-unraid-kernel/build/modules-stage/lib/modules/6.18.44-Unraid/kernel/drivers/net/wireless/mediatek/mt76/mt7921/mt7921e.ko
  XZ      /home/lain/codex/i915/my-unraid-kernel/build/modules-stage/lib/modules/6.18.44-Unraid/kernel/drivers/net/wireless/mediatek/mt76/mt7921/mt7921e.ko.xz
  INSTALL /home/lain/codex/i915/my-unraid-kernel/build/modules-stage/lib/modules/6.18.44-Unraid/kernel/drivers/net/wireless/mediatek/mt76/mt7921/mt7921s.ko
  XZ      /home/lain/codex/i915/my-unraid-kernel/build/modules-stage/lib/modules/6.18.44-Unraid/kernel/drivers/net/wireless/mediatek/mt76/mt7921/mt7921s.ko.xz
  INSTALL /home/lain/codex/i915/my-unraid-kernel/build/modules-stage/lib/modules/6.18.44-Unraid/kernel/drivers/net/wireless/mediatek/mt76/mt7921/mt7921u.ko
  XZ      /home/lain/codex/i915/my-unraid-kernel/build/modules-stage/lib/modules/6.18.44-Unraid/kernel/drivers/net/wireless/mediatek/mt76/mt7921/mt7921u.ko.xz
  INSTALL /home/lain/codex/i915/my-unraid-kernel/build/modules-stage/lib/modules/6.18.44-Unraid/kernel/drivers/net/wireless/mediatek/mt76/mt7996/mt7996e.ko
  XZ      /home/lain/codex/i915/my-unraid-kernel/build/modules-stage/lib/modules/6.18.44-Unraid/kernel/drivers/net/wireless/mediatek/mt76/mt7996/mt7996e.ko.xz
  INSTALL /home/lain/codex/i915/my-unraid-kernel/build/modules-stage/lib/modules/6.18.44-Unraid/kernel/drivers/net/wireless/mediatek/mt76/mt7925/mt7925-common.ko
  XZ      /home/lain/codex/i915/my-unraid-kernel/build/modules-stage/lib/modules/6.18.44-Unraid/kernel/drivers/net/wireless/mediatek/mt76/mt7925/mt7925-common.ko.xz
  INSTALL /home/lain/codex/i915/my-unraid-kernel/build/modules-stage/lib/modules/6.18.44-Unraid/kernel/drivers/net/wireless/mediatek/mt76/mt7925/mt7925e.ko
  XZ      /home/lain/codex/i915/my-unraid-kernel/build/modules-stage/lib/modules/6.18.44-Unraid/kernel/drivers/net/wireless/mediatek/mt76/mt7925/mt7925e.ko.xz
  INSTALL /home/lain/codex/i915/my-unraid-kernel/build/modules-stage/lib/modules/6.18.44-Unraid/kernel/drivers/net/wireless/mediatek/mt76/mt7925/mt7925u.ko
  XZ      /home/lain/codex/i915/my-unraid-kernel/build/modules-stage/lib/modules/6.18.44-Unraid/kernel/drivers/net/wireless/mediatek/mt76/mt7925/mt7925u.ko.xz
  INSTALL /home/lain/codex/i915/my-unraid-kernel/build/modules-stage/lib/modules/6.18.44-Unraid/kernel/drivers/net/wireless/realtek/rtl818x/rtl8180/rtl818x_pci.ko
  XZ      /home/lain/codex/i915/my-unraid-kernel/build/modules-stage/lib/modules/6.18.44-Unraid/kernel/drivers/net/wireless/realtek/rtl818x/rtl8180/rtl818x_pci.ko.xz
  INSTALL /home/lain/codex/i915/my-unraid-kernel/build/modules-stage/lib/modules/6.18.44-Unraid/kernel/drivers/net/wireless/realtek/rtl818x/rtl8187/rtl8187.ko
  XZ      /home/lain/codex/i915/my-unraid-kernel/build/modules-stage/lib/modules/6.18.44-Unraid/kernel/drivers/net/wireless/realtek/rtl818x/rtl8187/rtl8187.ko.xz
  INSTALL /home/lain/codex/i915/my-unraid-kernel/build/modules-stage/lib/modules/6.18.44-Unraid/kernel/drivers/net/wireless/realtek/rtlwifi/rtlwifi.ko
  XZ      /home/lain/codex/i915/my-unraid-kernel/build/modules-stage/lib/modules/6.18.44-Unraid/kernel/drivers/net/wireless/realtek/rtlwifi/rtlwifi.ko.xz
  INSTALL /home/lain/codex/i915/my-unraid-kernel/build/modules-stage/lib/modules/6.18.44-Unraid/kernel/drivers/net/wireless/realtek/rtlwifi/rtl_pci.ko
  XZ      /home/lain/codex/i915/my-unraid-kernel/build/modules-stage/lib/modules/6.18.44-Unraid/kernel/drivers/net/wireless/realtek/rtlwifi/rtl_pci.ko.xz
  INSTALL /home/lain/codex/i915/my-unraid-kernel/build/modules-stage/lib/modules/6.18.44-Unraid/kernel/drivers/net/wireless/realtek/rtlwifi/rtl_usb.ko
  XZ      /home/lain/codex/i915/my-unraid-kernel/build/modules-stage/lib/modules/6.18.44-Unraid/kernel/drivers/net/wireless/realtek/rtlwifi/rtl_usb.ko.xz
  INSTALL /home/lain/codex/i915/my-unraid-kernel/build/modules-stage/lib/modules/6.18.44-Unraid/kernel/drivers/net/wireless/realtek/rtlwifi/rtl8192c/rtl8192c-common.ko
  XZ      /home/lain/codex/i915/my-unraid-kernel/build/modules-stage/lib/modules/6.18.44-Unraid/kernel/drivers/net/wireless/realtek/rtlwifi/rtl8192c/rtl8192c-common.ko.xz
  INSTALL /home/lain/codex/i915/my-unraid-kernel/build/modules-stage/lib/modules/6.18.44-Unraid/kernel/drivers/net/wireless/realtek/rtlwifi/rtl8192ce/rtl8192ce.ko
  XZ      /home/lain/codex/i915/my-unraid-kernel/build/modules-stage/lib/modules/6.18.44-Unraid/kernel/drivers/net/wireless/realtek/rtlwifi/rtl8192ce/rtl8192ce.ko.xz
  INSTALL /home/lain/codex/i915/my-unraid-kernel/build/modules-stage/lib/modules/6.18.44-Unraid/kernel/drivers/net/wireless/realtek/rtlwifi/rtl8192cu/rtl8192cu.ko
  XZ      /home/lain/codex/i915/my-unraid-kernel/build/modules-stage/lib/modules/6.18.44-Unraid/kernel/drivers/net/wireless/realtek/rtlwifi/rtl8192cu/rtl8192cu.ko.xz
  INSTALL /home/lain/codex/i915/my-unraid-kernel/build/modules-stage/lib/modules/6.18.44-Unraid/kernel/drivers/net/wireless/realtek/rtlwifi/rtl8192se/rtl8192se.ko
  XZ      /home/lain/codex/i915/my-unraid-kernel/build/modules-stage/lib/modules/6.18.44-Unraid/kernel/drivers/net/wireless/realtek/rtlwifi/rtl8192se/rtl8192se.ko.xz
  INSTALL /home/lain/codex/i915/my-unraid-kernel/build/modules-stage/lib/modules/6.18.44-Unraid/kernel/drivers/net/wireless/realtek/rtlwifi/rtl8192d/rtl8192d-common.ko
  XZ      /home/lain/codex/i915/my-unraid-kernel/build/modules-stage/lib/modules/6.18.44-Unraid/kernel/drivers/net/wireless/realtek/rtlwifi/rtl8192d/rtl8192d-common.ko.xz
  INSTALL /home/lain/codex/i915/my-unraid-kernel/build/modules-stage/lib/modules/6.18.44-Unraid/kernel/drivers/net/wireless/realtek/rtlwifi/rtl8192de/rtl8192de.ko
  XZ      /home/lain/codex/i915/my-unraid-kernel/build/modules-stage/lib/modules/6.18.44-Unraid/kernel/drivers/net/wireless/realtek/rtlwifi/rtl8192de/rtl8192de.ko.xz
  INSTALL /home/lain/codex/i915/my-unraid-kernel/build/modules-stage/lib/modules/6.18.44-Unraid/kernel/drivers/net/wireless/realtek/rtlwifi/rtl8192du/rtl8192du.ko
  XZ      /home/lain/codex/i915/my-unraid-kernel/build/modules-stage/lib/modules/6.18.44-Unraid/kernel/drivers/net/wireless/realtek/rtlwifi/rtl8192du/rtl8192du.ko.xz
  INSTALL /home/lain/codex/i915/my-unraid-kernel/build/modules-stage/lib/modules/6.18.44-Unraid/kernel/drivers/net/wireless/realtek/rtlwifi/rtl8723ae/rtl8723ae.ko
  XZ      /home/lain/codex/i915/my-unraid-kernel/build/modules-stage/lib/modules/6.18.44-Unraid/kernel/drivers/net/wireless/realtek/rtlwifi/rtl8723ae/rtl8723ae.ko.xz
  INSTALL /home/lain/codex/i915/my-unraid-kernel/build/modules-stage/lib/modules/6.18.44-Unraid/kernel/drivers/net/wireless/realtek/rtlwifi/rtl8723be/rtl8723be.ko
  XZ      /home/lain/codex/i915/my-unraid-kernel/build/modules-stage/lib/modules/6.18.44-Unraid/kernel/drivers/net/wireless/realtek/rtlwifi/rtl8723be/rtl8723be.ko.xz
  INSTALL /home/lain/codex/i915/my-unraid-kernel/build/modules-stage/lib/modules/6.18.44-Unraid/kernel/drivers/net/wireless/realtek/rtlwifi/rtl8188ee/rtl8188ee.ko
  XZ      /home/lain/codex/i915/my-unraid-kernel/build/modules-stage/lib/modules/6.18.44-Unraid/kernel/drivers/net/wireless/realtek/rtlwifi/rtl8188ee/rtl8188ee.ko.xz
  INSTALL /home/lain/codex/i915/my-unraid-kernel/build/modules-stage/lib/modules/6.18.44-Unraid/kernel/drivers/net/wireless/realtek/rtlwifi/btcoexist/btcoexist.ko
  XZ      /home/lain/codex/i915/my-unraid-kernel/build/modules-stage/lib/modules/6.18.44-Unraid/kernel/drivers/net/wireless/realtek/rtlwifi/btcoexist/btcoexist.ko.xz
  INSTALL /home/lain/codex/i915/my-unraid-kernel/build/modules-stage/lib/modules/6.18.44-Unraid/kernel/drivers/net/wireless/realtek/rtlwifi/rtl8723com/rtl8723-common.ko
  XZ      /home/lain/codex/i915/my-unraid-kernel/build/modules-stage/lib/modules/6.18.44-Unraid/kernel/drivers/net/wireless/realtek/rtlwifi/rtl8723com/rtl8723-common.ko.xz
  INSTALL /home/lain/codex/i915/my-unraid-kernel/build/modules-stage/lib/modules/6.18.44-Unraid/kernel/drivers/net/wireless/realtek/rtlwifi/rtl8821ae/rtl8821ae.ko
  XZ      /home/lain/codex/i915/my-unraid-kernel/build/modules-stage/lib/modules/6.18.44-Unraid/kernel/drivers/net/wireless/realtek/rtlwifi/rtl8821ae/rtl8821ae.ko.xz
  INSTALL /home/lain/codex/i915/my-unraid-kernel/build/modules-stage/lib/modules/6.18.44-Unraid/kernel/drivers/net/wireless/realtek/rtlwifi/rtl8192ee/rtl8192ee.ko
  XZ      /home/lain/codex/i915/my-unraid-kernel/build/modules-stage/lib/modules/6.18.44-Unraid/kernel/drivers/net/wireless/realtek/rtlwifi/rtl8192ee/rtl8192ee.ko.xz
  INSTALL /home/lain/codex/i915/my-unraid-kernel/build/modules-stage/lib/modules/6.18.44-Unraid/kernel/drivers/net/wireless/realtek/rtl8xxxu/rtl8xxxu.ko
  XZ      /home/lain/codex/i915/my-unraid-kernel/build/modules-stage/lib/modules/6.18.44-Unraid/kernel/drivers/net/wireless/realtek/rtl8xxxu/rtl8xxxu.ko.xz
  INSTALL /home/lain/codex/i915/my-unraid-kernel/build/modules-stage/lib/modules/6.18.44-Unraid/kernel/drivers/net/wireless/realtek/rtw88/rtw88_core.ko
  XZ      /home/lain/codex/i915/my-unraid-kernel/build/modules-stage/lib/modules/6.18.44-Unraid/kernel/drivers/net/wireless/realtek/rtw88/rtw88_core.ko.xz
  INSTALL /home/lain/codex/i915/my-unraid-kernel/build/modules-stage/lib/modules/6.18.44-Unraid/kernel/drivers/net/wireless/realtek/rtw88/rtw88_8822b.ko
  XZ      /home/lain/codex/i915/my-unraid-kernel/build/modules-stage/lib/modules/6.18.44-Unraid/kernel/drivers/net/wireless/realtek/rtw88/rtw88_8822b.ko.xz
  INSTALL /home/lain/codex/i915/my-unraid-kernel/build/modules-stage/lib/modules/6.18.44-Unraid/kernel/drivers/net/wireless/realtek/rtw88/rtw88_8822be.ko
  XZ      /home/lain/codex/i915/my-unraid-kernel/build/modules-stage/lib/modules/6.18.44-Unraid/kernel/drivers/net/wireless/realtek/rtw88/rtw88_8822be.ko.xz
  INSTALL /home/lain/codex/i915/my-unraid-kernel/build/modules-stage/lib/modules/6.18.44-Unraid/kernel/drivers/net/wireless/realtek/rtw88/rtw88_8822bu.ko
  XZ      /home/lain/codex/i915/my-unraid-kernel/build/modules-stage/lib/modules/6.18.44-Unraid/kernel/drivers/net/wireless/realtek/rtw88/rtw88_8822bu.ko.xz
  INSTALL /home/lain/codex/i915/my-unraid-kernel/build/modules-stage/lib/modules/6.18.44-Unraid/kernel/drivers/net/wireless/realtek/rtw88/rtw88_8822c.ko
  XZ      /home/lain/codex/i915/my-unraid-kernel/build/modules-stage/lib/modules/6.18.44-Unraid/kernel/drivers/net/wireless/realtek/rtw88/rtw88_8822c.ko.xz
  INSTALL /home/lain/codex/i915/my-unraid-kernel/build/modules-stage/lib/modules/6.18.44-Unraid/kernel/drivers/net/wireless/realtek/rtw88/rtw88_8822ce.ko
  XZ      /home/lain/codex/i915/my-unraid-kernel/build/modules-stage/lib/modules/6.18.44-Unraid/kernel/drivers/net/wireless/realtek/rtw88/rtw88_8822ce.ko.xz
  INSTALL /home/lain/codex/i915/my-unraid-kernel/build/modules-stage/lib/modules/6.18.44-Unraid/kernel/drivers/net/wireless/realtek/rtw88/rtw88_8822cu.ko
  XZ      /home/lain/codex/i915/my-unraid-kernel/build/modules-stage/lib/modules/6.18.44-Unraid/kernel/drivers/net/wireless/realtek/rtw88/rtw88_8822cu.ko.xz
  INSTALL /home/lain/codex/i915/my-unraid-kernel/build/modules-stage/lib/modules/6.18.44-Unraid/kernel/drivers/net/wireless/realtek/rtw88/rtw88_8723x.ko
  XZ      /home/lain/codex/i915/my-unraid-kernel/build/modules-stage/lib/modules/6.18.44-Unraid/kernel/drivers/net/wireless/realtek/rtw88/rtw88_8723x.ko.xz
  INSTALL /home/lain/codex/i915/my-unraid-kernel/build/modules-stage/lib/modules/6.18.44-Unraid/kernel/drivers/net/wireless/realtek/rtw88/rtw88_8723d.ko
  XZ      /home/lain/codex/i915/my-unraid-kernel/build/modules-stage/lib/modules/6.18.44-Unraid/kernel/drivers/net/wireless/realtek/rtw88/rtw88_8723d.ko.xz
  INSTALL /home/lain/codex/i915/my-unraid-kernel/build/modules-stage/lib/modules/6.18.44-Unraid/kernel/drivers/net/wireless/realtek/rtw88/rtw88_8723de.ko
  XZ      /home/lain/codex/i915/my-unraid-kernel/build/modules-stage/lib/modules/6.18.44-Unraid/kernel/drivers/net/wireless/realtek/rtw88/rtw88_8723de.ko.xz
  INSTALL /home/lain/codex/i915/my-unraid-kernel/build/modules-stage/lib/modules/6.18.44-Unraid/kernel/drivers/net/wireless/realtek/rtw88/rtw88_8723du.ko
  XZ      /home/lain/codex/i915/my-unraid-kernel/build/modules-stage/lib/modules/6.18.44-Unraid/kernel/drivers/net/wireless/realtek/rtw88/rtw88_8723du.ko.xz
  INSTALL /home/lain/codex/i915/my-unraid-kernel/build/modules-stage/lib/modules/6.18.44-Unraid/kernel/drivers/net/wireless/realtek/rtw88/rtw88_8821c.ko
  XZ      /home/lain/codex/i915/my-unraid-kernel/build/modules-stage/lib/modules/6.18.44-Unraid/kernel/drivers/net/wireless/realtek/rtw88/rtw88_8821c.ko.xz
  INSTALL /home/lain/codex/i915/my-unraid-kernel/build/modules-stage/lib/modules/6.18.44-Unraid/kernel/drivers/net/wireless/realtek/rtw88/rtw88_8821ce.ko
  XZ      /home/lain/codex/i915/my-unraid-kernel/build/modules-stage/lib/modules/6.18.44-Unraid/kernel/drivers/net/wireless/realtek/rtw88/rtw88_8821ce.ko.xz
  INSTALL /home/lain/codex/i915/my-unraid-kernel/build/modules-stage/lib/modules/6.18.44-Unraid/kernel/drivers/net/wireless/realtek/rtw88/rtw88_8821cu.ko
  XZ      /home/lain/codex/i915/my-unraid-kernel/build/modules-stage/lib/modules/6.18.44-Unraid/kernel/drivers/net/wireless/realtek/rtw88/rtw88_8821cu.ko.xz
  INSTALL /home/lain/codex/i915/my-unraid-kernel/build/modules-stage/lib/modules/6.18.44-Unraid/kernel/drivers/net/wireless/realtek/rtw88/rtw88_88xxa.ko
  XZ      /home/lain/codex/i915/my-unraid-kernel/build/modules-stage/lib/modules/6.18.44-Unraid/kernel/drivers/net/wireless/realtek/rtw88/rtw88_88xxa.ko.xz
  INSTALL /home/lain/codex/i915/my-unraid-kernel/build/modules-stage/lib/modules/6.18.44-Unraid/kernel/drivers/net/wireless/realtek/rtw88/rtw88_8821a.ko
  XZ      /home/lain/codex/i915/my-unraid-kernel/build/modules-stage/lib/modules/6.18.44-Unraid/kernel/drivers/net/wireless/realtek/rtw88/rtw88_8821a.ko.xz
  INSTALL /home/lain/codex/i915/my-unraid-kernel/build/modules-stage/lib/modules/6.18.44-Unraid/kernel/drivers/net/wireless/realtek/rtw88/rtw88_8812a.ko
  XZ      /home/lain/codex/i915/my-unraid-kernel/build/modules-stage/lib/modules/6.18.44-Unraid/kernel/drivers/net/wireless/realtek/rtw88/rtw88_8812a.ko.xz
  INSTALL /home/lain/codex/i915/my-unraid-kernel/build/modules-stage/lib/modules/6.18.44-Unraid/kernel/drivers/net/wireless/realtek/rtw88/rtw88_8821au.ko
  XZ      /home/lain/codex/i915/my-unraid-kernel/build/modules-stage/lib/modules/6.18.44-Unraid/kernel/drivers/net/wireless/realtek/rtw88/rtw88_8821au.ko.xz
  INSTALL /home/lain/codex/i915/my-unraid-kernel/build/modules-stage/lib/modules/6.18.44-Unraid/kernel/drivers/net/wireless/realtek/rtw88/rtw88_8812au.ko
  XZ      /home/lain/codex/i915/my-unraid-kernel/build/modules-stage/lib/modules/6.18.44-Unraid/kernel/drivers/net/wireless/realtek/rtw88/rtw88_8812au.ko.xz
  INSTALL /home/lain/codex/i915/my-unraid-kernel/build/modules-stage/lib/modules/6.18.44-Unraid/kernel/drivers/net/wireless/realtek/rtw88/rtw88_8814a.ko
  XZ      /home/lain/codex/i915/my-unraid-kernel/build/modules-stage/lib/modules/6.18.44-Unraid/kernel/drivers/net/wireless/realtek/rtw88/rtw88_8814a.ko.xz
  INSTALL /home/lain/codex/i915/my-unraid-kernel/build/modules-stage/lib/modules/6.18.44-Unraid/kernel/drivers/net/wireless/realtek/rtw88/rtw88_8814au.ko
  XZ      /home/lain/codex/i915/my-unraid-kernel/build/modules-stage/lib/modules/6.18.44-Unraid/kernel/drivers/net/wireless/realtek/rtw88/rtw88_8814au.ko.xz
  INSTALL /home/lain/codex/i915/my-unraid-kernel/build/modules-stage/lib/modules/6.18.44-Unraid/kernel/drivers/net/wireless/realtek/rtw88/rtw88_pci.ko
  XZ      /home/lain/codex/i915/my-unraid-kernel/build/modules-stage/lib/modules/6.18.44-Unraid/kernel/drivers/net/wireless/realtek/rtw88/rtw88_pci.ko.xz
  INSTALL /home/lain/codex/i915/my-unraid-kernel/build/modules-stage/lib/modules/6.18.44-Unraid/kernel/drivers/net/wireless/realtek/rtw88/rtw88_usb.ko
  XZ      /home/lain/codex/i915/my-unraid-kernel/build/modules-stage/lib/modules/6.18.44-Unraid/kernel/drivers/net/wireless/realtek/rtw88/rtw88_usb.ko.xz
  INSTALL /home/lain/codex/i915/my-unraid-kernel/build/modules-stage/lib/modules/6.18.44-Unraid/kernel/drivers/net/wireless/realtek/rtw89/rtw89_core.ko
  XZ      /home/lain/codex/i915/my-unraid-kernel/build/modules-stage/lib/modules/6.18.44-Unraid/kernel/drivers/net/wireless/realtek/rtw89/rtw89_core.ko.xz
  INSTALL /home/lain/codex/i915/my-unraid-kernel/build/modules-stage/lib/modules/6.18.44-Unraid/kernel/drivers/net/wireless/realtek/rtw89/rtw89_8851b.ko
  XZ      /home/lain/codex/i915/my-unraid-kernel/build/modules-stage/lib/modules/6.18.44-Unraid/kernel/drivers/net/wireless/realtek/rtw89/rtw89_8851b.ko.xz
  INSTALL /home/lain/codex/i915/my-unraid-kernel/build/modules-stage/lib/modules/6.18.44-Unraid/kernel/drivers/net/wireless/realtek/rtw89/rtw89_8851be.ko
  XZ      /home/lain/codex/i915/my-unraid-kernel/build/modules-stage/lib/modules/6.18.44-Unraid/kernel/drivers/net/wireless/realtek/rtw89/rtw89_8851be.ko.xz
  INSTALL /home/lain/codex/i915/my-unraid-kernel/build/modules-stage/lib/modules/6.18.44-Unraid/kernel/drivers/net/wireless/realtek/rtw89/rtw89_8852a.ko
  XZ      /home/lain/codex/i915/my-unraid-kernel/build/modules-stage/lib/modules/6.18.44-Unraid/kernel/drivers/net/wireless/realtek/rtw89/rtw89_8852a.ko.xz
  INSTALL /home/lain/codex/i915/my-unraid-kernel/build/modules-stage/lib/modules/6.18.44-Unraid/kernel/drivers/net/wireless/realtek/rtw89/rtw89_8852ae.ko
  XZ      /home/lain/codex/i915/my-unraid-kernel/build/modules-stage/lib/modules/6.18.44-Unraid/kernel/drivers/net/wireless/realtek/rtw89/rtw89_8852ae.ko.xz
  INSTALL /home/lain/codex/i915/my-unraid-kernel/build/modules-stage/lib/modules/6.18.44-Unraid/kernel/drivers/net/wireless/realtek/rtw89/rtw89_8852b_common.ko
  XZ      /home/lain/codex/i915/my-unraid-kernel/build/modules-stage/lib/modules/6.18.44-Unraid/kernel/drivers/net/wireless/realtek/rtw89/rtw89_8852b_common.ko.xz
  INSTALL /home/lain/codex/i915/my-unraid-kernel/build/modules-stage/lib/modules/6.18.44-Unraid/kernel/drivers/net/wireless/realtek/rtw89/rtw89_8852b.ko
  XZ      /home/lain/codex/i915/my-unraid-kernel/build/modules-stage/lib/modules/6.18.44-Unraid/kernel/drivers/net/wireless/realtek/rtw89/rtw89_8852b.ko.xz
  INSTALL /home/lain/codex/i915/my-unraid-kernel/build/modules-stage/lib/modules/6.18.44-Unraid/kernel/drivers/net/wireless/realtek/rtw89/rtw89_8852be.ko
  XZ      /home/lain/codex/i915/my-unraid-kernel/build/modules-stage/lib/modules/6.18.44-Unraid/kernel/drivers/net/wireless/realtek/rtw89/rtw89_8852be.ko.xz
  INSTALL /home/lain/codex/i915/my-unraid-kernel/build/modules-stage/lib/modules/6.18.44-Unraid/kernel/drivers/net/wireless/realtek/rtw89/rtw89_8852bt.ko
  XZ      /home/lain/codex/i915/my-unraid-kernel/build/modules-stage/lib/modules/6.18.44-Unraid/kernel/drivers/net/wireless/realtek/rtw89/rtw89_8852bt.ko.xz
  INSTALL /home/lain/codex/i915/my-unraid-kernel/build/modules-stage/lib/modules/6.18.44-Unraid/kernel/drivers/net/wireless/realtek/rtw89/rtw89_8852bte.ko
  XZ      /home/lain/codex/i915/my-unraid-kernel/build/modules-stage/lib/modules/6.18.44-Unraid/kernel/drivers/net/wireless/realtek/rtw89/rtw89_8852bte.ko.xz
  INSTALL /home/lain/codex/i915/my-unraid-kernel/build/modules-stage/lib/modules/6.18.44-Unraid/kernel/drivers/net/wireless/realtek/rtw89/rtw89_8852c.ko
  XZ      /home/lain/codex/i915/my-unraid-kernel/build/modules-stage/lib/modules/6.18.44-Unraid/kernel/drivers/net/wireless/realtek/rtw89/rtw89_8852c.ko.xz
  INSTALL /home/lain/codex/i915/my-unraid-kernel/build/modules-stage/lib/modules/6.18.44-Unraid/kernel/drivers/net/wireless/realtek/rtw89/rtw89_8852ce.ko
  XZ      /home/lain/codex/i915/my-unraid-kernel/build/modules-stage/lib/modules/6.18.44-Unraid/kernel/drivers/net/wireless/realtek/rtw89/rtw89_8852ce.ko.xz
  INSTALL /home/lain/codex/i915/my-unraid-kernel/build/modules-stage/lib/modules/6.18.44-Unraid/kernel/drivers/net/wireless/realtek/rtw89/rtw89_8922a.ko
  XZ      /home/lain/codex/i915/my-unraid-kernel/build/modules-stage/lib/modules/6.18.44-Unraid/kernel/drivers/net/wireless/realtek/rtw89/rtw89_8922a.ko.xz
  INSTALL /home/lain/codex/i915/my-unraid-kernel/build/modules-stage/lib/modules/6.18.44-Unraid/kernel/drivers/net/wireless/realtek/rtw89/rtw89_8922ae.ko
  XZ      /home/lain/codex/i915/my-unraid-kernel/build/modules-stage/lib/modules/6.18.44-Unraid/kernel/drivers/net/wireless/realtek/rtw89/rtw89_8922ae.ko.xz
  INSTALL /home/lain/codex/i915/my-unraid-kernel/build/modules-stage/lib/modules/6.18.44-Unraid/kernel/drivers/net/wireless/realtek/rtw89/rtw89_pci.ko
  XZ      /home/lain/codex/i915/my-unraid-kernel/build/modules-stage/lib/modules/6.18.44-Unraid/kernel/drivers/net/wireless/realtek/rtw89/rtw89_pci.ko.xz
  INSTALL /home/lain/codex/i915/my-unraid-kernel/build/modules-stage/lib/modules/6.18.44-Unraid/kernel/drivers/net/bonding/bonding.ko
  XZ      /home/lain/codex/i915/my-unraid-kernel/build/modules-stage/lib/modules/6.18.44-Unraid/kernel/drivers/net/bonding/bonding.ko.xz
  INSTALL /home/lain/codex/i915/my-unraid-kernel/build/modules-stage/lib/modules/6.18.44-Unraid/kernel/drivers/net/ipvlan/ipvlan.ko
  XZ      /home/lain/codex/i915/my-unraid-kernel/build/modules-stage/lib/modules/6.18.44-Unraid/kernel/drivers/net/ipvlan/ipvlan.ko.xz
  INSTALL /home/lain/codex/i915/my-unraid-kernel/build/modules-stage/lib/modules/6.18.44-Unraid/kernel/drivers/net/ipvlan/ipvtap.ko
  XZ      /home/lain/codex/i915/my-unraid-kernel/build/modules-stage/lib/modules/6.18.44-Unraid/kernel/drivers/net/ipvlan/ipvtap.ko.xz
  INSTALL /home/lain/codex/i915/my-unraid-kernel/build/modules-stage/lib/modules/6.18.44-Unraid/kernel/drivers/net/dummy.ko
  XZ      /home/lain/codex/i915/my-unraid-kernel/build/modules-stage/lib/modules/6.18.44-Unraid/kernel/drivers/net/dummy.ko.xz
  INSTALL /home/lain/codex/i915/my-unraid-kernel/build/modules-stage/lib/modules/6.18.44-Unraid/kernel/drivers/net/wireguard/wireguard.ko
  XZ      /home/lain/codex/i915/my-unraid-kernel/build/modules-stage/lib/modules/6.18.44-Unraid/kernel/drivers/net/wireguard/wireguard.ko.xz
  INSTALL /home/lain/codex/i915/my-unraid-kernel/build/modules-stage/lib/modules/6.18.44-Unraid/kernel/drivers/net/macvlan.ko
  XZ      /home/lain/codex/i915/my-unraid-kernel/build/modules-stage/lib/modules/6.18.44-Unraid/kernel/drivers/net/macvlan.ko.xz
  INSTALL /home/lain/codex/i915/my-unraid-kernel/build/modules-stage/lib/modules/6.18.44-Unraid/kernel/drivers/net/macvtap.ko
  XZ      /home/lain/codex/i915/my-unraid-kernel/build/modules-stage/lib/modules/6.18.44-Unraid/kernel/drivers/net/macvtap.ko.xz
  INSTALL /home/lain/codex/i915/my-unraid-kernel/build/modules-stage/lib/modules/6.18.44-Unraid/kernel/drivers/net/mii.ko
  XZ      /home/lain/codex/i915/my-unraid-kernel/build/modules-stage/lib/modules/6.18.44-Unraid/kernel/drivers/net/mii.ko.xz
  INSTALL /home/lain/codex/i915/my-unraid-kernel/build/modules-stage/lib/modules/6.18.44-Unraid/kernel/drivers/net/mdio.ko
  XZ      /home/lain/codex/i915/my-unraid-kernel/build/modules-stage/lib/modules/6.18.44-Unraid/kernel/drivers/net/mdio.ko.xz
  INSTALL /home/lain/codex/i915/my-unraid-kernel/build/modules-stage/lib/modules/6.18.44-Unraid/kernel/drivers/net/tun.ko
  XZ      /home/lain/codex/i915/my-unraid-kernel/build/modules-stage/lib/modules/6.18.44-Unraid/kernel/drivers/net/tun.ko.xz
  INSTALL /home/lain/codex/i915/my-unraid-kernel/build/modules-stage/lib/modules/6.18.44-Unraid/kernel/drivers/net/tap.ko
  XZ      /home/lain/codex/i915/my-unraid-kernel/build/modules-stage/lib/modules/6.18.44-Unraid/kernel/drivers/net/tap.ko.xz
  INSTALL /home/lain/codex/i915/my-unraid-kernel/build/modules-stage/lib/modules/6.18.44-Unraid/kernel/drivers/net/veth.ko
  XZ      /home/lain/codex/i915/my-unraid-kernel/build/modules-stage/lib/modules/6.18.44-Unraid/kernel/drivers/net/veth.ko.xz
  INSTALL /home/lain/codex/i915/my-unraid-kernel/build/modules-stage/lib/modules/6.18.44-Unraid/kernel/drivers/net/virtio_net.ko
  XZ      /home/lain/codex/i915/my-unraid-kernel/build/modules-stage/lib/modules/6.18.44-Unraid/kernel/drivers/net/virtio_net.ko.xz
  INSTALL /home/lain/codex/i915/my-unraid-kernel/build/modules-stage/lib/modules/6.18.44-Unraid/kernel/drivers/net/vxlan/vxlan.ko
  XZ      /home/lain/codex/i915/my-unraid-kernel/build/modules-stage/lib/modules/6.18.44-Unraid/kernel/drivers/net/vxlan/vxlan.ko.xz
  INSTALL /home/lain/codex/i915/my-unraid-kernel/build/modules-stage/lib/modules/6.18.44-Unraid/kernel/drivers/net/can/dev/can-dev.ko
  XZ      /home/lain/codex/i915/my-unraid-kernel/build/modules-stage/lib/modules/6.18.44-Unraid/kernel/drivers/net/can/dev/can-dev.ko.xz
  INSTALL /home/lain/codex/i915/my-unraid-kernel/build/modules-stage/lib/modules/6.18.44-Unraid/kernel/drivers/net/can/usb/gs_usb.ko
  XZ      /home/lain/codex/i915/my-unraid-kernel/build/modules-stage/lib/modules/6.18.44-Unraid/kernel/drivers/net/can/usb/gs_usb.ko.xz
  INSTALL /home/lain/codex/i915/my-unraid-kernel/build/modules-stage/lib/modules/6.18.44-Unraid/kernel/drivers/net/ppp/ppp_generic.ko
  XZ      /home/lain/codex/i915/my-unraid-kernel/build/modules-stage/lib/modules/6.18.44-Unraid/kernel/drivers/net/ppp/ppp_generic.ko.xz
  INSTALL /home/lain/codex/i915/my-unraid-kernel/build/modules-stage/lib/modules/6.18.44-Unraid/kernel/drivers/net/ppp/ppp_async.ko
  XZ      /home/lain/codex/i915/my-unraid-kernel/build/modules-stage/lib/modules/6.18.44-Unraid/kernel/drivers/net/ppp/ppp_async.ko.xz
  INSTALL /home/lain/codex/i915/my-unraid-kernel/build/modules-stage/lib/modules/6.18.44-Unraid/kernel/drivers/net/ppp/bsd_comp.ko
  XZ      /home/lain/codex/i915/my-unraid-kernel/build/modules-stage/lib/modules/6.18.44-Unraid/kernel/drivers/net/ppp/bsd_comp.ko.xz
  INSTALL /home/lain/codex/i915/my-unraid-kernel/build/modules-stage/lib/modules/6.18.44-Unraid/kernel/drivers/net/ppp/ppp_deflate.ko
  XZ      /home/lain/codex/i915/my-unraid-kernel/build/modules-stage/lib/modules/6.18.44-Unraid/kernel/drivers/net/ppp/ppp_deflate.ko.xz
  INSTALL /home/lain/codex/i915/my-unraid-kernel/build/modules-stage/lib/modules/6.18.44-Unraid/kernel/drivers/net/ppp/ppp_mppe.ko
  XZ      /home/lain/codex/i915/my-unraid-kernel/build/modules-stage/lib/modules/6.18.44-Unraid/kernel/drivers/net/ppp/ppp_mppe.ko.xz
  INSTALL /home/lain/codex/i915/my-unraid-kernel/build/modules-stage/lib/modules/6.18.44-Unraid/kernel/drivers/net/ppp/ppp_synctty.ko
  XZ      /home/lain/codex/i915/my-unraid-kernel/build/modules-stage/lib/modules/6.18.44-Unraid/kernel/drivers/net/ppp/ppp_synctty.ko.xz
  INSTALL /home/lain/codex/i915/my-unraid-kernel/build/modules-stage/lib/modules/6.18.44-Unraid/kernel/drivers/net/ppp/pppox.ko
  XZ      /home/lain/codex/i915/my-unraid-kernel/build/modules-stage/lib/modules/6.18.44-Unraid/kernel/drivers/net/ppp/pppox.ko.xz
  INSTALL /home/lain/codex/i915/my-unraid-kernel/build/modules-stage/lib/modules/6.18.44-Unraid/kernel/drivers/net/ppp/pppoe.ko
  XZ      /home/lain/codex/i915/my-unraid-kernel/build/modules-stage/lib/modules/6.18.44-Unraid/kernel/drivers/net/ppp/pppoe.ko.xz
  INSTALL /home/lain/codex/i915/my-unraid-kernel/build/modules-stage/lib/modules/6.18.44-Unraid/kernel/drivers/net/ppp/pptp.ko
  XZ      /home/lain/codex/i915/my-unraid-kernel/build/modules-stage/lib/modules/6.18.44-Unraid/kernel/drivers/net/ppp/pptp.ko.xz
  INSTALL /home/lain/codex/i915/my-unraid-kernel/build/modules-stage/lib/modules/6.18.44-Unraid/kernel/drivers/net/slip/slhc.ko
  XZ      /home/lain/codex/i915/my-unraid-kernel/build/modules-stage/lib/modules/6.18.44-Unraid/kernel/drivers/net/slip/slhc.ko.xz
  INSTALL /home/lain/codex/i915/my-unraid-kernel/build/modules-stage/lib/modules/6.18.44-Unraid/kernel/drivers/net/wwan/wwan.ko
  XZ      /home/lain/codex/i915/my-unraid-kernel/build/modules-stage/lib/modules/6.18.44-Unraid/kernel/drivers/net/wwan/wwan.ko.xz
  INSTALL /home/lain/codex/i915/my-unraid-kernel/build/modules-stage/lib/modules/6.18.44-Unraid/kernel/drivers/net/vmxnet3/vmxnet3.ko
  XZ      /home/lain/codex/i915/my-unraid-kernel/build/modules-stage/lib/modules/6.18.44-Unraid/kernel/drivers/net/vmxnet3/vmxnet3.ko.xz
  INSTALL /home/lain/codex/i915/my-unraid-kernel/build/modules-stage/lib/modules/6.18.44-Unraid/kernel/drivers/net/usb/r8152.ko
  XZ      /home/lain/codex/i915/my-unraid-kernel/build/modules-stage/lib/modules/6.18.44-Unraid/kernel/drivers/net/usb/r8152.ko.xz
  INSTALL /home/lain/codex/i915/my-unraid-kernel/build/modules-stage/lib/modules/6.18.44-Unraid/kernel/drivers/net/usb/asix.ko
  XZ      /home/lain/codex/i915/my-unraid-kernel/build/modules-stage/lib/modules/6.18.44-Unraid/kernel/drivers/net/usb/asix.ko.xz
  INSTALL /home/lain/codex/i915/my-unraid-kernel/build/modules-stage/lib/modules/6.18.44-Unraid/kernel/drivers/net/usb/ax88179_178a.ko
  XZ      /home/lain/codex/i915/my-unraid-kernel/build/modules-stage/lib/modules/6.18.44-Unraid/kernel/drivers/net/usb/ax88179_178a.ko.xz
  INSTALL /home/lain/codex/i915/my-unraid-kernel/build/modules-stage/lib/modules/6.18.44-Unraid/kernel/drivers/net/usb/cdc_ether.ko
  XZ      /home/lain/codex/i915/my-unraid-kernel/build/modules-stage/lib/modules/6.18.44-Unraid/kernel/drivers/net/usb/cdc_ether.ko.xz
  INSTALL /home/lain/codex/i915/my-unraid-kernel/build/modules-stage/lib/modules/6.18.44-Unraid/kernel/drivers/net/usb/cdc_eem.ko
  XZ      /home/lain/codex/i915/my-unraid-kernel/build/modules-stage/lib/modules/6.18.44-Unraid/kernel/drivers/net/usb/cdc_eem.ko.xz
  INSTALL /home/lain/codex/i915/my-unraid-kernel/build/modules-stage/lib/modules/6.18.44-Unraid/kernel/drivers/net/usb/usbnet.ko
  XZ      /home/lain/codex/i915/my-unraid-kernel/build/modules-stage/lib/modules/6.18.44-Unraid/kernel/drivers/net/usb/usbnet.ko.xz
  INSTALL /home/lain/codex/i915/my-unraid-kernel/build/modules-stage/lib/modules/6.18.44-Unraid/kernel/drivers/net/usb/cdc_ncm.ko
  XZ      /home/lain/codex/i915/my-unraid-kernel/build/modules-stage/lib/modules/6.18.44-Unraid/kernel/drivers/net/usb/cdc_ncm.ko.xz
  INSTALL /home/lain/codex/i915/my-unraid-kernel/build/modules-stage/lib/modules/6.18.44-Unraid/kernel/drivers/net/usb/aqc111.ko
  XZ      /home/lain/codex/i915/my-unraid-kernel/build/modules-stage/lib/modules/6.18.44-Unraid/kernel/drivers/net/usb/aqc111.ko.xz
  INSTALL /home/lain/codex/i915/my-unraid-kernel/build/modules-stage/lib/modules/6.18.44-Unraid/kernel/drivers/net/usb/r8153_ecm.ko
  XZ      /home/lain/codex/i915/my-unraid-kernel/build/modules-stage/lib/modules/6.18.44-Unraid/kernel/drivers/net/usb/r8153_ecm.ko.xz
  INSTALL /home/lain/codex/i915/my-unraid-kernel/build/modules-stage/lib/modules/6.18.44-Unraid/kernel/drivers/net/thunderbolt/thunderbolt_net.ko
  XZ      /home/lain/codex/i915/my-unraid-kernel/build/modules-stage/lib/modules/6.18.44-Unraid/kernel/drivers/net/thunderbolt/thunderbolt_net.ko.xz
  INSTALL /home/lain/codex/i915/my-unraid-kernel/build/modules-stage/lib/modules/6.18.44-Unraid/kernel/drivers/net/net_failover.ko
  XZ      /home/lain/codex/i915/my-unraid-kernel/build/modules-stage/lib/modules/6.18.44-Unraid/kernel/drivers/net/net_failover.ko.xz
  INSTALL /home/lain/codex/i915/my-unraid-kernel/build/modules-stage/lib/modules/6.18.44-Unraid/kernel/drivers/message/fusion/mptbase.ko
  XZ      /home/lain/codex/i915/my-unraid-kernel/build/modules-stage/lib/modules/6.18.44-Unraid/kernel/drivers/message/fusion/mptbase.ko.xz
  INSTALL /home/lain/codex/i915/my-unraid-kernel/build/modules-stage/lib/modules/6.18.44-Unraid/kernel/drivers/message/fusion/mptscsih.ko
  XZ      /home/lain/codex/i915/my-unraid-kernel/build/modules-stage/lib/modules/6.18.44-Unraid/kernel/drivers/message/fusion/mptscsih.ko.xz
  INSTALL /home/lain/codex/i915/my-unraid-kernel/build/modules-stage/lib/modules/6.18.44-Unraid/kernel/drivers/message/fusion/mptspi.ko
  XZ      /home/lain/codex/i915/my-unraid-kernel/build/modules-stage/lib/modules/6.18.44-Unraid/kernel/drivers/message/fusion/mptspi.ko.xz
  INSTALL /home/lain/codex/i915/my-unraid-kernel/build/modules-stage/lib/modules/6.18.44-Unraid/kernel/drivers/message/fusion/mptfc.ko
  XZ      /home/lain/codex/i915/my-unraid-kernel/build/modules-stage/lib/modules/6.18.44-Unraid/kernel/drivers/message/fusion/mptfc.ko.xz
  INSTALL /home/lain/codex/i915/my-unraid-kernel/build/modules-stage/lib/modules/6.18.44-Unraid/kernel/drivers/message/fusion/mptsas.ko
  XZ      /home/lain/codex/i915/my-unraid-kernel/build/modules-stage/lib/modules/6.18.44-Unraid/kernel/drivers/message/fusion/mptsas.ko.xz
  INSTALL /home/lain/codex/i915/my-unraid-kernel/build/modules-stage/lib/modules/6.18.44-Unraid/kernel/drivers/message/fusion/mptctl.ko
  XZ      /home/lain/codex/i915/my-unraid-kernel/build/modules-stage/lib/modules/6.18.44-Unraid/kernel/drivers/message/fusion/mptctl.ko.xz
  INSTALL /home/lain/codex/i915/my-unraid-kernel/build/modules-stage/lib/modules/6.18.44-Unraid/kernel/drivers/firewire/firewire-core.ko
  XZ      /home/lain/codex/i915/my-unraid-kernel/build/modules-stage/lib/modules/6.18.44-Unraid/kernel/drivers/firewire/firewire-core.ko.xz
  INSTALL /home/lain/codex/i915/my-unraid-kernel/build/modules-stage/lib/modules/6.18.44-Unraid/kernel/drivers/firewire/firewire-ohci.ko
  XZ      /home/lain/codex/i915/my-unraid-kernel/build/modules-stage/lib/modules/6.18.44-Unraid/kernel/drivers/firewire/firewire-ohci.ko.xz
  INSTALL /home/lain/codex/i915/my-unraid-kernel/build/modules-stage/lib/modules/6.18.44-Unraid/kernel/drivers/firewire/firewire-sbp2.ko
  XZ      /home/lain/codex/i915/my-unraid-kernel/build/modules-stage/lib/modules/6.18.44-Unraid/kernel/drivers/firewire/firewire-sbp2.ko.xz
  INSTALL /home/lain/codex/i915/my-unraid-kernel/build/modules-stage/lib/modules/6.18.44-Unraid/kernel/drivers/firewire/firewire-net.ko
  XZ      /home/lain/codex/i915/my-unraid-kernel/build/modules-stage/lib/modules/6.18.44-Unraid/kernel/drivers/firewire/firewire-net.ko.xz
  INSTALL /home/lain/codex/i915/my-unraid-kernel/build/modules-stage/lib/modules/6.18.44-Unraid/kernel/drivers/vfio/mdev/mdev.ko
  XZ      /home/lain/codex/i915/my-unraid-kernel/build/modules-stage/lib/modules/6.18.44-Unraid/kernel/drivers/vfio/mdev/mdev.ko.xz
  INSTALL /home/lain/codex/i915/my-unraid-kernel/build/modules-stage/lib/modules/6.18.44-Unraid/kernel/drivers/cdrom/cdrom.ko
  XZ      /home/lain/codex/i915/my-unraid-kernel/build/modules-stage/lib/modules/6.18.44-Unraid/kernel/drivers/cdrom/cdrom.ko.xz
  INSTALL /home/lain/codex/i915/my-unraid-kernel/build/modules-stage/lib/modules/6.18.44-Unraid/kernel/drivers/usb/class/cdc-acm.ko
  XZ      /home/lain/codex/i915/my-unraid-kernel/build/modules-stage/lib/modules/6.18.44-Unraid/kernel/drivers/usb/class/cdc-acm.ko.xz
  INSTALL /home/lain/codex/i915/my-unraid-kernel/build/modules-stage/lib/modules/6.18.44-Unraid/kernel/drivers/usb/class/usblp.ko
  XZ      /home/lain/codex/i915/my-unraid-kernel/build/modules-stage/lib/modules/6.18.44-Unraid/kernel/drivers/usb/class/usblp.ko.xz
  INSTALL /home/lain/codex/i915/my-unraid-kernel/build/modules-stage/lib/modules/6.18.44-Unraid/kernel/drivers/usb/serial/usbserial.ko
  XZ      /home/lain/codex/i915/my-unraid-kernel/build/modules-stage/lib/modules/6.18.44-Unraid/kernel/drivers/usb/serial/usbserial.ko.xz
  INSTALL /home/lain/codex/i915/my-unraid-kernel/build/modules-stage/lib/modules/6.18.44-Unraid/kernel/drivers/usb/serial/ch341.ko
  XZ      /home/lain/codex/i915/my-unraid-kernel/build/modules-stage/lib/modules/6.18.44-Unraid/kernel/drivers/usb/serial/ch341.ko.xz
  INSTALL /home/lain/codex/i915/my-unraid-kernel/build/modules-stage/lib/modules/6.18.44-Unraid/kernel/drivers/usb/serial/cp210x.ko
  XZ      /home/lain/codex/i915/my-unraid-kernel/build/modules-stage/lib/modules/6.18.44-Unraid/kernel/drivers/usb/serial/cp210x.ko.xz
  INSTALL /home/lain/codex/i915/my-unraid-kernel/build/modules-stage/lib/modules/6.18.44-Unraid/kernel/drivers/usb/serial/ftdi_sio.ko
  XZ      /home/lain/codex/i915/my-unraid-kernel/build/modules-stage/lib/modules/6.18.44-Unraid/kernel/drivers/usb/serial/ftdi_sio.ko.xz
  INSTALL /home/lain/codex/i915/my-unraid-kernel/build/modules-stage/lib/modules/6.18.44-Unraid/kernel/drivers/usb/serial/option.ko
  XZ      /home/lain/codex/i915/my-unraid-kernel/build/modules-stage/lib/modules/6.18.44-Unraid/kernel/drivers/usb/serial/option.ko.xz
  INSTALL /home/lain/codex/i915/my-unraid-kernel/build/modules-stage/lib/modules/6.18.44-Unraid/kernel/drivers/usb/serial/pl2303.ko
  XZ      /home/lain/codex/i915/my-unraid-kernel/build/modules-stage/lib/modules/6.18.44-Unraid/kernel/drivers/usb/serial/pl2303.ko.xz
  INSTALL /home/lain/codex/i915/my-unraid-kernel/build/modules-stage/lib/modules/6.18.44-Unraid/kernel/drivers/usb/serial/usb-serial-simple.ko
  XZ      /home/lain/codex/i915/my-unraid-kernel/build/modules-stage/lib/modules/6.18.44-Unraid/kernel/drivers/usb/serial/usb-serial-simple.ko.xz
  INSTALL /home/lain/codex/i915/my-unraid-kernel/build/modules-stage/lib/modules/6.18.44-Unraid/kernel/drivers/usb/serial/usb_wwan.ko
  XZ      /home/lain/codex/i915/my-unraid-kernel/build/modules-stage/lib/modules/6.18.44-Unraid/kernel/drivers/usb/serial/usb_wwan.ko.xz
  INSTALL /home/lain/codex/i915/my-unraid-kernel/build/modules-stage/lib/modules/6.18.44-Unraid/kernel/drivers/usb/serial/xr_serial.ko
  XZ      /home/lain/codex/i915/my-unraid-kernel/build/modules-stage/lib/modules/6.18.44-Unraid/kernel/drivers/usb/serial/xr_serial.ko.xz
  INSTALL /home/lain/codex/i915/my-unraid-kernel/build/modules-stage/lib/modules/6.18.44-Unraid/kernel/drivers/usb/usbip/usbip-core.ko
  XZ      /home/lain/codex/i915/my-unraid-kernel/build/modules-stage/lib/modules/6.18.44-Unraid/kernel/drivers/usb/usbip/usbip-core.ko.xz
  INSTALL /home/lain/codex/i915/my-unraid-kernel/build/modules-stage/lib/modules/6.18.44-Unraid/kernel/drivers/usb/usbip/vhci-hcd.ko
  XZ      /home/lain/codex/i915/my-unraid-kernel/build/modules-stage/lib/modules/6.18.44-Unraid/kernel/drivers/usb/usbip/vhci-hcd.ko.xz
  INSTALL /home/lain/codex/i915/my-unraid-kernel/build/modules-stage/lib/modules/6.18.44-Unraid/kernel/drivers/usb/usbip/usbip-host.ko
  XZ      /home/lain/codex/i915/my-unraid-kernel/build/modules-stage/lib/modules/6.18.44-Unraid/kernel/drivers/usb/usbip/usbip-host.ko.xz
  INSTALL /home/lain/codex/i915/my-unraid-kernel/build/modules-stage/lib/modules/6.18.44-Unraid/kernel/drivers/input/joystick/xpad.ko
  XZ      /home/lain/codex/i915/my-unraid-kernel/build/modules-stage/lib/modules/6.18.44-Unraid/kernel/drivers/input/joystick/xpad.ko.xz
  INSTALL /home/lain/codex/i915/my-unraid-kernel/build/modules-stage/lib/modules/6.18.44-Unraid/kernel/drivers/input/misc/uinput.ko
  XZ      /home/lain/codex/i915/my-unraid-kernel/build/modules-stage/lib/modules/6.18.44-Unraid/kernel/drivers/input/misc/uinput.ko.xz
  INSTALL /home/lain/codex/i915/my-unraid-kernel/build/modules-stage/lib/modules/6.18.44-Unraid/kernel/drivers/input/input-leds.ko
  XZ      /home/lain/codex/i915/my-unraid-kernel/build/modules-stage/lib/modules/6.18.44-Unraid/kernel/drivers/input/input-leds.ko.xz
  INSTALL /home/lain/codex/i915/my-unraid-kernel/build/modules-stage/lib/modules/6.18.44-Unraid/kernel/drivers/input/joydev.ko
  XZ      /home/lain/codex/i915/my-unraid-kernel/build/modules-stage/lib/modules/6.18.44-Unraid/kernel/drivers/input/joydev.ko.xz
  INSTALL /home/lain/codex/i915/my-unraid-kernel/build/modules-stage/lib/modules/6.18.44-Unraid/kernel/drivers/i2c/algos/i2c-algo-bit.ko
  XZ      /home/lain/codex/i915/my-unraid-kernel/build/modules-stage/lib/modules/6.18.44-Unraid/kernel/drivers/i2c/algos/i2c-algo-bit.ko.xz
  INSTALL /home/lain/codex/i915/my-unraid-kernel/build/modules-stage/lib/modules/6.18.44-Unraid/kernel/drivers/i2c/busses/i2c-i801.ko
  XZ      /home/lain/codex/i915/my-unraid-kernel/build/modules-stage/lib/modules/6.18.44-Unraid/kernel/drivers/i2c/busses/i2c-i801.ko.xz
  INSTALL /home/lain/codex/i915/my-unraid-kernel/build/modules-stage/lib/modules/6.18.44-Unraid/kernel/drivers/i2c/busses/i2c-piix4.ko
  XZ      /home/lain/codex/i915/my-unraid-kernel/build/modules-stage/lib/modules/6.18.44-Unraid/kernel/drivers/i2c/busses/i2c-piix4.ko.xz
  INSTALL /home/lain/codex/i915/my-unraid-kernel/build/modules-stage/lib/modules/6.18.44-Unraid/kernel/drivers/i2c/i2c-core.ko
  XZ      /home/lain/codex/i915/my-unraid-kernel/build/modules-stage/lib/modules/6.18.44-Unraid/kernel/drivers/i2c/i2c-core.ko.xz
  INSTALL /home/lain/codex/i915/my-unraid-kernel/build/modules-stage/lib/modules/6.18.44-Unraid/kernel/drivers/i2c/i2c-smbus.ko
  XZ      /home/lain/codex/i915/my-unraid-kernel/build/modules-stage/lib/modules/6.18.44-Unraid/kernel/drivers/i2c/i2c-smbus.ko.xz
  INSTALL /home/lain/codex/i915/my-unraid-kernel/build/modules-stage/lib/modules/6.18.44-Unraid/kernel/drivers/i2c/i2c-dev.ko
  XZ      /home/lain/codex/i915/my-unraid-kernel/build/modules-stage/lib/modules/6.18.44-Unraid/kernel/drivers/i2c/i2c-dev.ko.xz
  INSTALL /home/lain/codex/i915/my-unraid-kernel/build/modules-stage/lib/modules/6.18.44-Unraid/kernel/drivers/i2c/i2c-mux.ko
  XZ      /home/lain/codex/i915/my-unraid-kernel/build/modules-stage/lib/modules/6.18.44-Unraid/kernel/drivers/i2c/i2c-mux.ko.xz
  INSTALL /home/lain/codex/i915/my-unraid-kernel/build/modules-stage/lib/modules/6.18.44-Unraid/kernel/drivers/media/i2c/ir-kbd-i2c.ko
  XZ      /home/lain/codex/i915/my-unraid-kernel/build/modules-stage/lib/modules/6.18.44-Unraid/kernel/drivers/media/i2c/ir-kbd-i2c.ko.xz
  INSTALL /home/lain/codex/i915/my-unraid-kernel/build/modules-stage/lib/modules/6.18.44-Unraid/kernel/drivers/media/tuners/mc44s803.ko
  XZ      /home/lain/codex/i915/my-unraid-kernel/build/modules-stage/lib/modules/6.18.44-Unraid/kernel/drivers/media/tuners/mc44s803.ko.xz
  INSTALL /home/lain/codex/i915/my-unraid-kernel/build/modules-stage/lib/modules/6.18.44-Unraid/kernel/drivers/media/tuners/mt20xx.ko
  XZ      /home/lain/codex/i915/my-unraid-kernel/build/modules-stage/lib/modules/6.18.44-Unraid/kernel/drivers/media/tuners/mt20xx.ko.xz
  INSTALL /home/lain/codex/i915/my-unraid-kernel/build/modules-stage/lib/modules/6.18.44-Unraid/kernel/drivers/media/tuners/tuner-simple.ko
  XZ      /home/lain/codex/i915/my-unraid-kernel/build/modules-stage/lib/modules/6.18.44-Unraid/kernel/drivers/media/tuners/tuner-simple.ko.xz
  INSTALL /home/lain/codex/i915/my-unraid-kernel/build/modules-stage/lib/modules/6.18.44-Unraid/kernel/drivers/media/tuners/tuner-types.ko
  XZ      /home/lain/codex/i915/my-unraid-kernel/build/modules-stage/lib/modules/6.18.44-Unraid/kernel/drivers/media/tuners/tuner-types.ko.xz
  INSTALL /home/lain/codex/i915/my-unraid-kernel/build/modules-stage/lib/modules/6.18.44-Unraid/kernel/drivers/media/tuners/tda18271.ko
  XZ      /home/lain/codex/i915/my-unraid-kernel/build/modules-stage/lib/modules/6.18.44-Unraid/kernel/drivers/media/tuners/tda18271.ko.xz
  INSTALL /home/lain/codex/i915/my-unraid-kernel/build/modules-stage/lib/modules/6.18.44-Unraid/kernel/drivers/media/tuners/tda827x.ko
  XZ      /home/lain/codex/i915/my-unraid-kernel/build/modules-stage/lib/modules/6.18.44-Unraid/kernel/drivers/media/tuners/tda827x.ko.xz
  INSTALL /home/lain/codex/i915/my-unraid-kernel/build/modules-stage/lib/modules/6.18.44-Unraid/kernel/drivers/media/tuners/tda8290.ko
  XZ      /home/lain/codex/i915/my-unraid-kernel/build/modules-stage/lib/modules/6.18.44-Unraid/kernel/drivers/media/tuners/tda8290.ko.xz
  INSTALL /home/lain/codex/i915/my-unraid-kernel/build/modules-stage/lib/modules/6.18.44-Unraid/kernel/drivers/media/tuners/tda9887.ko
  XZ      /home/lain/codex/i915/my-unraid-kernel/build/modules-stage/lib/modules/6.18.44-Unraid/kernel/drivers/media/tuners/tda9887.ko.xz
  INSTALL /home/lain/codex/i915/my-unraid-kernel/build/modules-stage/lib/modules/6.18.44-Unraid/kernel/drivers/media/tuners/xc2028.ko
  XZ      /home/lain/codex/i915/my-unraid-kernel/build/modules-stage/lib/modules/6.18.44-Unraid/kernel/drivers/media/tuners/xc2028.ko.xz
  INSTALL /home/lain/codex/i915/my-unraid-kernel/build/modules-stage/lib/modules/6.18.44-Unraid/kernel/drivers/media/tuners/xc4000.ko
  XZ      /home/lain/codex/i915/my-unraid-kernel/build/modules-stage/lib/modules/6.18.44-Unraid/kernel/drivers/media/tuners/xc4000.ko.xz
  INSTALL /home/lain/codex/i915/my-unraid-kernel/build/modules-stage/lib/modules/6.18.44-Unraid/kernel/drivers/media/tuners/xc5000.ko
  XZ      /home/lain/codex/i915/my-unraid-kernel/build/modules-stage/lib/modules/6.18.44-Unraid/kernel/drivers/media/tuners/xc5000.ko.xz
  INSTALL /home/lain/codex/i915/my-unraid-kernel/build/modules-stage/lib/modules/6.18.44-Unraid/kernel/drivers/media/rc/rc-core.ko
  XZ      /home/lain/codex/i915/my-unraid-kernel/build/modules-stage/lib/modules/6.18.44-Unraid/kernel/drivers/media/rc/rc-core.ko.xz
  INSTALL /home/lain/codex/i915/my-unraid-kernel/build/modules-stage/lib/modules/6.18.44-Unraid/kernel/drivers/media/common/videobuf2/videobuf2-common.ko
  XZ      /home/lain/codex/i915/my-unraid-kernel/build/modules-stage/lib/modules/6.18.44-Unraid/kernel/drivers/media/common/videobuf2/videobuf2-common.ko.xz
  INSTALL /home/lain/codex/i915/my-unraid-kernel/build/modules-stage/lib/modules/6.18.44-Unraid/kernel/drivers/media/common/videobuf2/videobuf2-dma-contig.ko
  XZ      /home/lain/codex/i915/my-unraid-kernel/build/modules-stage/lib/modules/6.18.44-Unraid/kernel/drivers/media/common/videobuf2/videobuf2-dma-contig.ko.xz
  INSTALL /home/lain/codex/i915/my-unraid-kernel/build/modules-stage/lib/modules/6.18.44-Unraid/kernel/drivers/media/common/videobuf2/videobuf2-memops.ko
  XZ      /home/lain/codex/i915/my-unraid-kernel/build/modules-stage/lib/modules/6.18.44-Unraid/kernel/drivers/media/common/videobuf2/videobuf2-memops.ko.xz
  INSTALL /home/lain/codex/i915/my-unraid-kernel/build/modules-stage/lib/modules/6.18.44-Unraid/kernel/drivers/media/common/videobuf2/videobuf2-v4l2.ko
  XZ      /home/lain/codex/i915/my-unraid-kernel/build/modules-stage/lib/modules/6.18.44-Unraid/kernel/drivers/media/common/videobuf2/videobuf2-v4l2.ko.xz
  INSTALL /home/lain/codex/i915/my-unraid-kernel/build/modules-stage/lib/modules/6.18.44-Unraid/kernel/drivers/media/pci/tw5864/tw5864.ko
  XZ      /home/lain/codex/i915/my-unraid-kernel/build/modules-stage/lib/modules/6.18.44-Unraid/kernel/drivers/media/pci/tw5864/tw5864.ko.xz
  INSTALL /home/lain/codex/i915/my-unraid-kernel/build/modules-stage/lib/modules/6.18.44-Unraid/kernel/drivers/media/mc/mc.ko
  XZ      /home/lain/codex/i915/my-unraid-kernel/build/modules-stage/lib/modules/6.18.44-Unraid/kernel/drivers/media/mc/mc.ko.xz
  INSTALL /home/lain/codex/i915/my-unraid-kernel/build/modules-stage/lib/modules/6.18.44-Unraid/kernel/drivers/media/v4l2-core/v4l2-async.ko
  XZ      /home/lain/codex/i915/my-unraid-kernel/build/modules-stage/lib/modules/6.18.44-Unraid/kernel/drivers/media/v4l2-core/v4l2-async.ko.xz
  INSTALL /home/lain/codex/i915/my-unraid-kernel/build/modules-stage/lib/modules/6.18.44-Unraid/kernel/drivers/media/v4l2-core/v4l2-fwnode.ko
  XZ      /home/lain/codex/i915/my-unraid-kernel/build/modules-stage/lib/modules/6.18.44-Unraid/kernel/drivers/media/v4l2-core/v4l2-fwnode.ko.xz
  INSTALL /home/lain/codex/i915/my-unraid-kernel/build/modules-stage/lib/modules/6.18.44-Unraid/kernel/drivers/media/v4l2-core/v4l2-dv-timings.ko
  XZ      /home/lain/codex/i915/my-unraid-kernel/build/modules-stage/lib/modules/6.18.44-Unraid/kernel/drivers/media/v4l2-core/v4l2-dv-timings.ko.xz
  INSTALL /home/lain/codex/i915/my-unraid-kernel/build/modules-stage/lib/modules/6.18.44-Unraid/kernel/drivers/media/v4l2-core/videodev.ko
  XZ      /home/lain/codex/i915/my-unraid-kernel/build/modules-stage/lib/modules/6.18.44-Unraid/kernel/drivers/media/v4l2-core/videodev.ko.xz
  INSTALL /home/lain/codex/i915/my-unraid-kernel/build/modules-stage/lib/modules/6.18.44-Unraid/kernel/drivers/media/dvb-core/dvb-core.ko
  XZ      /home/lain/codex/i915/my-unraid-kernel/build/modules-stage/lib/modules/6.18.44-Unraid/kernel/drivers/media/dvb-core/dvb-core.ko.xz
  INSTALL /home/lain/codex/i915/my-unraid-kernel/build/modules-stage/lib/modules/6.18.44-Unraid/kernel/drivers/media/cec/core/cec.ko
  XZ      /home/lain/codex/i915/my-unraid-kernel/build/modules-stage/lib/modules/6.18.44-Unraid/kernel/drivers/media/cec/core/cec.ko.xz
  INSTALL /home/lain/codex/i915/my-unraid-kernel/build/modules-stage/lib/modules/6.18.44-Unraid/kernel/drivers/ptp/ptp_kvm.ko
  XZ      /home/lain/codex/i915/my-unraid-kernel/build/modules-stage/lib/modules/6.18.44-Unraid/kernel/drivers/ptp/ptp_kvm.ko.xz
  INSTALL /home/lain/codex/i915/my-unraid-kernel/build/modules-stage/lib/modules/6.18.44-Unraid/kernel/drivers/ptp/ptp_vmclock.ko
  XZ      /home/lain/codex/i915/my-unraid-kernel/build/modules-stage/lib/modules/6.18.44-Unraid/kernel/drivers/ptp/ptp_vmclock.ko.xz
  INSTALL /home/lain/codex/i915/my-unraid-kernel/build/modules-stage/lib/modules/6.18.44-Unraid/kernel/drivers/hwmon/hwmon-vid.ko
  XZ      /home/lain/codex/i915/my-unraid-kernel/build/modules-stage/lib/modules/6.18.44-Unraid/kernel/drivers/hwmon/hwmon-vid.ko.xz
  INSTALL /home/lain/codex/i915/my-unraid-kernel/build/modules-stage/lib/modules/6.18.44-Unraid/kernel/drivers/hwmon/acpi_power_meter.ko
  XZ      /home/lain/codex/i915/my-unraid-kernel/build/modules-stage/lib/modules/6.18.44-Unraid/kernel/drivers/hwmon/acpi_power_meter.ko.xz
  INSTALL /home/lain/codex/i915/my-unraid-kernel/build/modules-stage/lib/modules/6.18.44-Unraid/kernel/drivers/hwmon/asus_atk0110.ko
  XZ      /home/lain/codex/i915/my-unraid-kernel/build/modules-stage/lib/modules/6.18.44-Unraid/kernel/drivers/hwmon/asus_atk0110.ko.xz
  INSTALL /home/lain/codex/i915/my-unraid-kernel/build/modules-stage/lib/modules/6.18.44-Unraid/kernel/drivers/hwmon/asus-ec-sensors.ko
  XZ      /home/lain/codex/i915/my-unraid-kernel/build/modules-stage/lib/modules/6.18.44-Unraid/kernel/drivers/hwmon/asus-ec-sensors.ko.xz
  INSTALL /home/lain/codex/i915/my-unraid-kernel/build/modules-stage/lib/modules/6.18.44-Unraid/kernel/drivers/hwmon/asus_wmi_sensors.ko
  XZ      /home/lain/codex/i915/my-unraid-kernel/build/modules-stage/lib/modules/6.18.44-Unraid/kernel/drivers/hwmon/asus_wmi_sensors.ko.xz
  INSTALL /home/lain/codex/i915/my-unraid-kernel/build/modules-stage/lib/modules/6.18.44-Unraid/kernel/drivers/hwmon/asb100.ko
  XZ      /home/lain/codex/i915/my-unraid-kernel/build/modules-stage/lib/modules/6.18.44-Unraid/kernel/drivers/hwmon/asb100.ko.xz
  INSTALL /home/lain/codex/i915/my-unraid-kernel/build/modules-stage/lib/modules/6.18.44-Unraid/kernel/drivers/hwmon/w83627hf.ko
  XZ      /home/lain/codex/i915/my-unraid-kernel/build/modules-stage/lib/modules/6.18.44-Unraid/kernel/drivers/hwmon/w83627hf.ko.xz
  INSTALL /home/lain/codex/i915/my-unraid-kernel/build/modules-stage/lib/modules/6.18.44-Unraid/kernel/drivers/hwmon/w83773g.ko
  XZ      /home/lain/codex/i915/my-unraid-kernel/build/modules-stage/lib/modules/6.18.44-Unraid/kernel/drivers/hwmon/w83773g.ko.xz
  INSTALL /home/lain/codex/i915/my-unraid-kernel/build/modules-stage/lib/modules/6.18.44-Unraid/kernel/drivers/hwmon/w83792d.ko
  XZ      /home/lain/codex/i915/my-unraid-kernel/build/modules-stage/lib/modules/6.18.44-Unraid/kernel/drivers/hwmon/w83792d.ko.xz
  INSTALL /home/lain/codex/i915/my-unraid-kernel/build/modules-stage/lib/modules/6.18.44-Unraid/kernel/drivers/hwmon/w83793.ko
  XZ      /home/lain/codex/i915/my-unraid-kernel/build/modules-stage/lib/modules/6.18.44-Unraid/kernel/drivers/hwmon/w83793.ko.xz
  INSTALL /home/lain/codex/i915/my-unraid-kernel/build/modules-stage/lib/modules/6.18.44-Unraid/kernel/drivers/hwmon/w83795.ko
  XZ      /home/lain/codex/i915/my-unraid-kernel/build/modules-stage/lib/modules/6.18.44-Unraid/kernel/drivers/hwmon/w83795.ko.xz
  INSTALL /home/lain/codex/i915/my-unraid-kernel/build/modules-stage/lib/modules/6.18.44-Unraid/kernel/drivers/hwmon/w83781d.ko
  XZ      /home/lain/codex/i915/my-unraid-kernel/build/modules-stage/lib/modules/6.18.44-Unraid/kernel/drivers/hwmon/w83781d.ko.xz
  INSTALL /home/lain/codex/i915/my-unraid-kernel/build/modules-stage/lib/modules/6.18.44-Unraid/kernel/drivers/hwmon/w83791d.ko
  XZ      /home/lain/codex/i915/my-unraid-kernel/build/modules-stage/lib/modules/6.18.44-Unraid/kernel/drivers/hwmon/w83791d.ko.xz
  INSTALL /home/lain/codex/i915/my-unraid-kernel/build/modules-stage/lib/modules/6.18.44-Unraid/kernel/drivers/hwmon/abituguru.ko
  XZ      /home/lain/codex/i915/my-unraid-kernel/build/modules-stage/lib/modules/6.18.44-Unraid/kernel/drivers/hwmon/abituguru.ko.xz
  INSTALL /home/lain/codex/i915/my-unraid-kernel/build/modules-stage/lib/modules/6.18.44-Unraid/kernel/drivers/hwmon/abituguru3.ko
  XZ      /home/lain/codex/i915/my-unraid-kernel/build/modules-stage/lib/modules/6.18.44-Unraid/kernel/drivers/hwmon/abituguru3.ko.xz
  INSTALL /home/lain/codex/i915/my-unraid-kernel/build/modules-stage/lib/modules/6.18.44-Unraid/kernel/drivers/hwmon/ad7414.ko
  XZ      /home/lain/codex/i915/my-unraid-kernel/build/modules-stage/lib/modules/6.18.44-Unraid/kernel/drivers/hwmon/ad7414.ko.xz
  INSTALL /home/lain/codex/i915/my-unraid-kernel/build/modules-stage/lib/modules/6.18.44-Unraid/kernel/drivers/hwmon/ad7418.ko
  XZ      /home/lain/codex/i915/my-unraid-kernel/build/modules-stage/lib/modules/6.18.44-Unraid/kernel/drivers/hwmon/ad7418.ko.xz
  INSTALL /home/lain/codex/i915/my-unraid-kernel/build/modules-stage/lib/modules/6.18.44-Unraid/kernel/drivers/hwmon/adc128d818.ko
  XZ      /home/lain/codex/i915/my-unraid-kernel/build/modules-stage/lib/modules/6.18.44-Unraid/kernel/drivers/hwmon/adc128d818.ko.xz
  INSTALL /home/lain/codex/i915/my-unraid-kernel/build/modules-stage/lib/modules/6.18.44-Unraid/kernel/drivers/hwmon/adm1025.ko
  XZ      /home/lain/codex/i915/my-unraid-kernel/build/modules-stage/lib/modules/6.18.44-Unraid/kernel/drivers/hwmon/adm1025.ko.xz
  INSTALL /home/lain/codex/i915/my-unraid-kernel/build/modules-stage/lib/modules/6.18.44-Unraid/kernel/drivers/hwmon/adm1026.ko
  XZ      /home/lain/codex/i915/my-unraid-kernel/build/modules-stage/lib/modules/6.18.44-Unraid/kernel/drivers/hwmon/adm1026.ko.xz
  INSTALL /home/lain/codex/i915/my-unraid-kernel/build/modules-stage/lib/modules/6.18.44-Unraid/kernel/drivers/hwmon/adm1029.ko
  XZ      /home/lain/codex/i915/my-unraid-kernel/build/modules-stage/lib/modules/6.18.44-Unraid/kernel/drivers/hwmon/adm1029.ko.xz
  INSTALL /home/lain/codex/i915/my-unraid-kernel/build/modules-stage/lib/modules/6.18.44-Unraid/kernel/drivers/hwmon/adm1031.ko
  XZ      /home/lain/codex/i915/my-unraid-kernel/build/modules-stage/lib/modules/6.18.44-Unraid/kernel/drivers/hwmon/adm1031.ko.xz
  INSTALL /home/lain/codex/i915/my-unraid-kernel/build/modules-stage/lib/modules/6.18.44-Unraid/kernel/drivers/hwmon/adm1177.ko
  XZ      /home/lain/codex/i915/my-unraid-kernel/build/modules-stage/lib/modules/6.18.44-Unraid/kernel/drivers/hwmon/adm1177.ko.xz
  INSTALL /home/lain/codex/i915/my-unraid-kernel/build/modules-stage/lib/modules/6.18.44-Unraid/kernel/drivers/hwmon/adm9240.ko
  XZ      /home/lain/codex/i915/my-unraid-kernel/build/modules-stage/lib/modules/6.18.44-Unraid/kernel/drivers/hwmon/adm9240.ko.xz
  INSTALL /home/lain/codex/i915/my-unraid-kernel/build/modules-stage/lib/modules/6.18.44-Unraid/kernel/drivers/hwmon/ads7828.ko
  XZ      /home/lain/codex/i915/my-unraid-kernel/build/modules-stage/lib/modules/6.18.44-Unraid/kernel/drivers/hwmon/ads7828.ko.xz
  INSTALL /home/lain/codex/i915/my-unraid-kernel/build/modules-stage/lib/modules/6.18.44-Unraid/kernel/drivers/hwmon/adt7x10.ko
  XZ      /home/lain/codex/i915/my-unraid-kernel/build/modules-stage/lib/modules/6.18.44-Unraid/kernel/drivers/hwmon/adt7x10.ko.xz
  INSTALL /home/lain/codex/i915/my-unraid-kernel/build/modules-stage/lib/modules/6.18.44-Unraid/kernel/drivers/hwmon/adt7410.ko
  XZ      /home/lain/codex/i915/my-unraid-kernel/build/modules-stage/lib/modules/6.18.44-Unraid/kernel/drivers/hwmon/adt7410.ko.xz
  INSTALL /home/lain/codex/i915/my-unraid-kernel/build/modules-stage/lib/modules/6.18.44-Unraid/kernel/drivers/hwmon/adt7411.ko
  XZ      /home/lain/codex/i915/my-unraid-kernel/build/modules-stage/lib/modules/6.18.44-Unraid/kernel/drivers/hwmon/adt7411.ko.xz
  INSTALL /home/lain/codex/i915/my-unraid-kernel/build/modules-stage/lib/modules/6.18.44-Unraid/kernel/drivers/hwmon/adt7462.ko
  XZ      /home/lain/codex/i915/my-unraid-kernel/build/modules-stage/lib/modules/6.18.44-Unraid/kernel/drivers/hwmon/adt7462.ko.xz
  INSTALL /home/lain/codex/i915/my-unraid-kernel/build/modules-stage/lib/modules/6.18.44-Unraid/kernel/drivers/hwmon/adt7470.ko
  XZ      /home/lain/codex/i915/my-unraid-kernel/build/modules-stage/lib/modules/6.18.44-Unraid/kernel/drivers/hwmon/adt7470.ko.xz
  INSTALL /home/lain/codex/i915/my-unraid-kernel/build/modules-stage/lib/modules/6.18.44-Unraid/kernel/drivers/hwmon/adt7475.ko
  XZ      /home/lain/codex/i915/my-unraid-kernel/build/modules-stage/lib/modules/6.18.44-Unraid/kernel/drivers/hwmon/adt7475.ko.xz
  INSTALL /home/lain/codex/i915/my-unraid-kernel/build/modules-stage/lib/modules/6.18.44-Unraid/kernel/drivers/hwmon/aht10.ko
  XZ      /home/lain/codex/i915/my-unraid-kernel/build/modules-stage/lib/modules/6.18.44-Unraid/kernel/drivers/hwmon/aht10.ko.xz
  INSTALL /home/lain/codex/i915/my-unraid-kernel/build/modules-stage/lib/modules/6.18.44-Unraid/kernel/drivers/hwmon/applesmc.ko
  XZ      /home/lain/codex/i915/my-unraid-kernel/build/modules-stage/lib/modules/6.18.44-Unraid/kernel/drivers/hwmon/applesmc.ko.xz
  INSTALL /home/lain/codex/i915/my-unraid-kernel/build/modules-stage/lib/modules/6.18.44-Unraid/kernel/drivers/hwmon/aquacomputer_d5next.ko
  XZ      /home/lain/codex/i915/my-unraid-kernel/build/modules-stage/lib/modules/6.18.44-Unraid/kernel/drivers/hwmon/aquacomputer_d5next.ko.xz
  INSTALL /home/lain/codex/i915/my-unraid-kernel/build/modules-stage/lib/modules/6.18.44-Unraid/kernel/drivers/hwmon/as370-hwmon.ko
  XZ      /home/lain/codex/i915/my-unraid-kernel/build/modules-stage/lib/modules/6.18.44-Unraid/kernel/drivers/hwmon/as370-hwmon.ko.xz
  INSTALL /home/lain/codex/i915/my-unraid-kernel/build/modules-stage/lib/modules/6.18.44-Unraid/kernel/drivers/hwmon/asc7621.ko
  XZ      /home/lain/codex/i915/my-unraid-kernel/build/modules-stage/lib/modules/6.18.44-Unraid/kernel/drivers/hwmon/asc7621.ko.xz
  INSTALL /home/lain/codex/i915/my-unraid-kernel/build/modules-stage/lib/modules/6.18.44-Unraid/kernel/drivers/hwmon/atxp1.ko
  XZ      /home/lain/codex/i915/my-unraid-kernel/build/modules-stage/lib/modules/6.18.44-Unraid/kernel/drivers/hwmon/atxp1.ko.xz
  INSTALL /home/lain/codex/i915/my-unraid-kernel/build/modules-stage/lib/modules/6.18.44-Unraid/kernel/drivers/hwmon/axi-fan-control.ko
  XZ      /home/lain/codex/i915/my-unraid-kernel/build/modules-stage/lib/modules/6.18.44-Unraid/kernel/drivers/hwmon/axi-fan-control.ko.xz
  INSTALL /home/lain/codex/i915/my-unraid-kernel/build/modules-stage/lib/modules/6.18.44-Unraid/kernel/drivers/hwmon/coretemp.ko
  XZ      /home/lain/codex/i915/my-unraid-kernel/build/modules-stage/lib/modules/6.18.44-Unraid/kernel/drivers/hwmon/coretemp.ko.xz
  INSTALL /home/lain/codex/i915/my-unraid-kernel/build/modules-stage/lib/modules/6.18.44-Unraid/kernel/drivers/hwmon/corsair-cpro.ko
  XZ      /home/lain/codex/i915/my-unraid-kernel/build/modules-stage/lib/modules/6.18.44-Unraid/kernel/drivers/hwmon/corsair-cpro.ko.xz
  INSTALL /home/lain/codex/i915/my-unraid-kernel/build/modules-stage/lib/modules/6.18.44-Unraid/kernel/drivers/hwmon/corsair-psu.ko
  XZ      /home/lain/codex/i915/my-unraid-kernel/build/modules-stage/lib/modules/6.18.44-Unraid/kernel/drivers/hwmon/corsair-psu.ko.xz
  INSTALL /home/lain/codex/i915/my-unraid-kernel/build/modules-stage/lib/modules/6.18.44-Unraid/kernel/drivers/hwmon/dell-smm-hwmon.ko
  XZ      /home/lain/codex/i915/my-unraid-kernel/build/modules-stage/lib/modules/6.18.44-Unraid/kernel/drivers/hwmon/dell-smm-hwmon.ko.xz
  INSTALL /home/lain/codex/i915/my-unraid-kernel/build/modules-stage/lib/modules/6.18.44-Unraid/kernel/drivers/hwmon/dme1737.ko
  XZ      /home/lain/codex/i915/my-unraid-kernel/build/modules-stage/lib/modules/6.18.44-Unraid/kernel/drivers/hwmon/dme1737.ko.xz
  INSTALL /home/lain/codex/i915/my-unraid-kernel/build/modules-stage/lib/modules/6.18.44-Unraid/kernel/drivers/hwmon/drivetemp.ko
  XZ      /home/lain/codex/i915/my-unraid-kernel/build/modules-stage/lib/modules/6.18.44-Unraid/kernel/drivers/hwmon/drivetemp.ko.xz
  INSTALL /home/lain/codex/i915/my-unraid-kernel/build/modules-stage/lib/modules/6.18.44-Unraid/kernel/drivers/hwmon/ds620.ko
  XZ      /home/lain/codex/i915/my-unraid-kernel/build/modules-stage/lib/modules/6.18.44-Unraid/kernel/drivers/hwmon/ds620.ko.xz
  INSTALL /home/lain/codex/i915/my-unraid-kernel/build/modules-stage/lib/modules/6.18.44-Unraid/kernel/drivers/hwmon/ds1621.ko
  XZ      /home/lain/codex/i915/my-unraid-kernel/build/modules-stage/lib/modules/6.18.44-Unraid/kernel/drivers/hwmon/ds1621.ko.xz
  INSTALL /home/lain/codex/i915/my-unraid-kernel/build/modules-stage/lib/modules/6.18.44-Unraid/kernel/drivers/hwmon/emc1403.ko
  XZ      /home/lain/codex/i915/my-unraid-kernel/build/modules-stage/lib/modules/6.18.44-Unraid/kernel/drivers/hwmon/emc1403.ko.xz
  INSTALL /home/lain/codex/i915/my-unraid-kernel/build/modules-stage/lib/modules/6.18.44-Unraid/kernel/drivers/hwmon/emc2103.ko
  XZ      /home/lain/codex/i915/my-unraid-kernel/build/modules-stage/lib/modules/6.18.44-Unraid/kernel/drivers/hwmon/emc2103.ko.xz
  INSTALL /home/lain/codex/i915/my-unraid-kernel/build/modules-stage/lib/modules/6.18.44-Unraid/kernel/drivers/hwmon/emc6w201.ko
  XZ      /home/lain/codex/i915/my-unraid-kernel/build/modules-stage/lib/modules/6.18.44-Unraid/kernel/drivers/hwmon/emc6w201.ko.xz
  INSTALL /home/lain/codex/i915/my-unraid-kernel/build/modules-stage/lib/modules/6.18.44-Unraid/kernel/drivers/hwmon/f71805f.ko
  XZ      /home/lain/codex/i915/my-unraid-kernel/build/modules-stage/lib/modules/6.18.44-Unraid/kernel/drivers/hwmon/f71805f.ko.xz
  INSTALL /home/lain/codex/i915/my-unraid-kernel/build/modules-stage/lib/modules/6.18.44-Unraid/kernel/drivers/hwmon/f71882fg.ko
  XZ      /home/lain/codex/i915/my-unraid-kernel/build/modules-stage/lib/modules/6.18.44-Unraid/kernel/drivers/hwmon/f71882fg.ko.xz
  INSTALL /home/lain/codex/i915/my-unraid-kernel/build/modules-stage/lib/modules/6.18.44-Unraid/kernel/drivers/hwmon/f75375s.ko
  XZ      /home/lain/codex/i915/my-unraid-kernel/build/modules-stage/lib/modules/6.18.44-Unraid/kernel/drivers/hwmon/f75375s.ko.xz
  INSTALL /home/lain/codex/i915/my-unraid-kernel/build/modules-stage/lib/modules/6.18.44-Unraid/kernel/drivers/hwmon/fam15h_power.ko
  XZ      /home/lain/codex/i915/my-unraid-kernel/build/modules-stage/lib/modules/6.18.44-Unraid/kernel/drivers/hwmon/fam15h_power.ko.xz
  INSTALL /home/lain/codex/i915/my-unraid-kernel/build/modules-stage/lib/modules/6.18.44-Unraid/kernel/drivers/hwmon/fschmd.ko
  XZ      /home/lain/codex/i915/my-unraid-kernel/build/modules-stage/lib/modules/6.18.44-Unraid/kernel/drivers/hwmon/fschmd.ko.xz
  INSTALL /home/lain/codex/i915/my-unraid-kernel/build/modules-stage/lib/modules/6.18.44-Unraid/kernel/drivers/hwmon/ftsteutates.ko
  XZ      /home/lain/codex/i915/my-unraid-kernel/build/modules-stage/lib/modules/6.18.44-Unraid/kernel/drivers/hwmon/ftsteutates.ko.xz
  INSTALL /home/lain/codex/i915/my-unraid-kernel/build/modules-stage/lib/modules/6.18.44-Unraid/kernel/drivers/hwmon/g760a.ko
  XZ      /home/lain/codex/i915/my-unraid-kernel/build/modules-stage/lib/modules/6.18.44-Unraid/kernel/drivers/hwmon/g760a.ko.xz
  INSTALL /home/lain/codex/i915/my-unraid-kernel/build/modules-stage/lib/modules/6.18.44-Unraid/kernel/drivers/hwmon/g762.ko
  XZ      /home/lain/codex/i915/my-unraid-kernel/build/modules-stage/lib/modules/6.18.44-Unraid/kernel/drivers/hwmon/g762.ko.xz
  INSTALL /home/lain/codex/i915/my-unraid-kernel/build/modules-stage/lib/modules/6.18.44-Unraid/kernel/drivers/hwmon/gl518sm.ko
  XZ      /home/lain/codex/i915/my-unraid-kernel/build/modules-stage/lib/modules/6.18.44-Unraid/kernel/drivers/hwmon/gl518sm.ko.xz
  INSTALL /home/lain/codex/i915/my-unraid-kernel/build/modules-stage/lib/modules/6.18.44-Unraid/kernel/drivers/hwmon/gl520sm.ko
  XZ      /home/lain/codex/i915/my-unraid-kernel/build/modules-stage/lib/modules/6.18.44-Unraid/kernel/drivers/hwmon/gl520sm.ko.xz
  INSTALL /home/lain/codex/i915/my-unraid-kernel/build/modules-stage/lib/modules/6.18.44-Unraid/kernel/drivers/hwmon/hih6130.ko
  XZ      /home/lain/codex/i915/my-unraid-kernel/build/modules-stage/lib/modules/6.18.44-Unraid/kernel/drivers/hwmon/hih6130.ko.xz
  INSTALL /home/lain/codex/i915/my-unraid-kernel/build/modules-stage/lib/modules/6.18.44-Unraid/kernel/drivers/hwmon/i5500_temp.ko
  XZ      /home/lain/codex/i915/my-unraid-kernel/build/modules-stage/lib/modules/6.18.44-Unraid/kernel/drivers/hwmon/i5500_temp.ko.xz
  INSTALL /home/lain/codex/i915/my-unraid-kernel/build/modules-stage/lib/modules/6.18.44-Unraid/kernel/drivers/hwmon/i5k_amb.ko
  XZ      /home/lain/codex/i915/my-unraid-kernel/build/modules-stage/lib/modules/6.18.44-Unraid/kernel/drivers/hwmon/i5k_amb.ko.xz
  INSTALL /home/lain/codex/i915/my-unraid-kernel/build/modules-stage/lib/modules/6.18.44-Unraid/kernel/drivers/hwmon/ibmaem.ko
  XZ      /home/lain/codex/i915/my-unraid-kernel/build/modules-stage/lib/modules/6.18.44-Unraid/kernel/drivers/hwmon/ibmaem.ko.xz
  INSTALL /home/lain/codex/i915/my-unraid-kernel/build/modules-stage/lib/modules/6.18.44-Unraid/kernel/drivers/hwmon/ibmpex.ko
  XZ      /home/lain/codex/i915/my-unraid-kernel/build/modules-stage/lib/modules/6.18.44-Unraid/kernel/drivers/hwmon/ibmpex.ko.xz
  INSTALL /home/lain/codex/i915/my-unraid-kernel/build/modules-stage/lib/modules/6.18.44-Unraid/kernel/drivers/hwmon/ina209.ko
  XZ      /home/lain/codex/i915/my-unraid-kernel/build/modules-stage/lib/modules/6.18.44-Unraid/kernel/drivers/hwmon/ina209.ko.xz
  INSTALL /home/lain/codex/i915/my-unraid-kernel/build/modules-stage/lib/modules/6.18.44-Unraid/kernel/drivers/hwmon/ina2xx.ko
  XZ      /home/lain/codex/i915/my-unraid-kernel/build/modules-stage/lib/modules/6.18.44-Unraid/kernel/drivers/hwmon/ina2xx.ko.xz
  INSTALL /home/lain/codex/i915/my-unraid-kernel/build/modules-stage/lib/modules/6.18.44-Unraid/kernel/drivers/hwmon/ina238.ko
  XZ      /home/lain/codex/i915/my-unraid-kernel/build/modules-stage/lib/modules/6.18.44-Unraid/kernel/drivers/hwmon/ina238.ko.xz
  INSTALL /home/lain/codex/i915/my-unraid-kernel/build/modules-stage/lib/modules/6.18.44-Unraid/kernel/drivers/hwmon/ina3221.ko
  XZ      /home/lain/codex/i915/my-unraid-kernel/build/modules-stage/lib/modules/6.18.44-Unraid/kernel/drivers/hwmon/ina3221.ko.xz
  INSTALL /home/lain/codex/i915/my-unraid-kernel/build/modules-stage/lib/modules/6.18.44-Unraid/kernel/drivers/hwmon/it87.ko
  XZ      /home/lain/codex/i915/my-unraid-kernel/build/modules-stage/lib/modules/6.18.44-Unraid/kernel/drivers/hwmon/it87.ko.xz
  INSTALL /home/lain/codex/i915/my-unraid-kernel/build/modules-stage/lib/modules/6.18.44-Unraid/kernel/drivers/hwmon/jc42.ko
  XZ      /home/lain/codex/i915/my-unraid-kernel/build/modules-stage/lib/modules/6.18.44-Unraid/kernel/drivers/hwmon/jc42.ko.xz
  INSTALL /home/lain/codex/i915/my-unraid-kernel/build/modules-stage/lib/modules/6.18.44-Unraid/kernel/drivers/hwmon/k8temp.ko
  XZ      /home/lain/codex/i915/my-unraid-kernel/build/modules-stage/lib/modules/6.18.44-Unraid/kernel/drivers/hwmon/k8temp.ko.xz
  INSTALL /home/lain/codex/i915/my-unraid-kernel/build/modules-stage/lib/modules/6.18.44-Unraid/kernel/drivers/hwmon/k10temp.ko
  XZ      /home/lain/codex/i915/my-unraid-kernel/build/modules-stage/lib/modules/6.18.44-Unraid/kernel/drivers/hwmon/k10temp.ko.xz
  INSTALL /home/lain/codex/i915/my-unraid-kernel/build/modules-stage/lib/modules/6.18.44-Unraid/kernel/drivers/hwmon/lineage-pem.ko
  XZ      /home/lain/codex/i915/my-unraid-kernel/build/modules-stage/lib/modules/6.18.44-Unraid/kernel/drivers/hwmon/lineage-pem.ko.xz
  INSTALL /home/lain/codex/i915/my-unraid-kernel/build/modules-stage/lib/modules/6.18.44-Unraid/kernel/drivers/hwmon/lm63.ko
  XZ      /home/lain/codex/i915/my-unraid-kernel/build/modules-stage/lib/modules/6.18.44-Unraid/kernel/drivers/hwmon/lm63.ko.xz
  INSTALL /home/lain/codex/i915/my-unraid-kernel/build/modules-stage/lib/modules/6.18.44-Unraid/kernel/drivers/hwmon/lm73.ko
  XZ      /home/lain/codex/i915/my-unraid-kernel/build/modules-stage/lib/modules/6.18.44-Unraid/kernel/drivers/hwmon/lm73.ko.xz
  INSTALL /home/lain/codex/i915/my-unraid-kernel/build/modules-stage/lib/modules/6.18.44-Unraid/kernel/drivers/hwmon/lm75.ko
  XZ      /home/lain/codex/i915/my-unraid-kernel/build/modules-stage/lib/modules/6.18.44-Unraid/kernel/drivers/hwmon/lm75.ko.xz
  INSTALL /home/lain/codex/i915/my-unraid-kernel/build/modules-stage/lib/modules/6.18.44-Unraid/kernel/drivers/hwmon/lm77.ko
  XZ      /home/lain/codex/i915/my-unraid-kernel/build/modules-stage/lib/modules/6.18.44-Unraid/kernel/drivers/hwmon/lm77.ko.xz
  INSTALL /home/lain/codex/i915/my-unraid-kernel/build/modules-stage/lib/modules/6.18.44-Unraid/kernel/drivers/hwmon/lm78.ko
  XZ      /home/lain/codex/i915/my-unraid-kernel/build/modules-stage/lib/modules/6.18.44-Unraid/kernel/drivers/hwmon/lm78.ko.xz
  INSTALL /home/lain/codex/i915/my-unraid-kernel/build/modules-stage/lib/modules/6.18.44-Unraid/kernel/drivers/hwmon/lm80.ko
  XZ      /home/lain/codex/i915/my-unraid-kernel/build/modules-stage/lib/modules/6.18.44-Unraid/kernel/drivers/hwmon/lm80.ko.xz
  INSTALL /home/lain/codex/i915/my-unraid-kernel/build/modules-stage/lib/modules/6.18.44-Unraid/kernel/drivers/hwmon/lm83.ko
  XZ      /home/lain/codex/i915/my-unraid-kernel/build/modules-stage/lib/modules/6.18.44-Unraid/kernel/drivers/hwmon/lm83.ko.xz
  INSTALL /home/lain/codex/i915/my-unraid-kernel/build/modules-stage/lib/modules/6.18.44-Unraid/kernel/drivers/hwmon/lm85.ko
  XZ      /home/lain/codex/i915/my-unraid-kernel/build/modules-stage/lib/modules/6.18.44-Unraid/kernel/drivers/hwmon/lm85.ko.xz
  INSTALL /home/lain/codex/i915/my-unraid-kernel/build/modules-stage/lib/modules/6.18.44-Unraid/kernel/drivers/hwmon/lm87.ko
  XZ      /home/lain/codex/i915/my-unraid-kernel/build/modules-stage/lib/modules/6.18.44-Unraid/kernel/drivers/hwmon/lm87.ko.xz
  INSTALL /home/lain/codex/i915/my-unraid-kernel/build/modules-stage/lib/modules/6.18.44-Unraid/kernel/drivers/hwmon/lm90.ko
  XZ      /home/lain/codex/i915/my-unraid-kernel/build/modules-stage/lib/modules/6.18.44-Unraid/kernel/drivers/hwmon/lm90.ko.xz
  INSTALL /home/lain/codex/i915/my-unraid-kernel/build/modules-stage/lib/modules/6.18.44-Unraid/kernel/drivers/hwmon/lm92.ko
  XZ      /home/lain/codex/i915/my-unraid-kernel/build/modules-stage/lib/modules/6.18.44-Unraid/kernel/drivers/hwmon/lm92.ko.xz
  INSTALL /home/lain/codex/i915/my-unraid-kernel/build/modules-stage/lib/modules/6.18.44-Unraid/kernel/drivers/hwmon/lm93.ko
  XZ      /home/lain/codex/i915/my-unraid-kernel/build/modules-stage/lib/modules/6.18.44-Unraid/kernel/drivers/hwmon/lm93.ko.xz
  INSTALL /home/lain/codex/i915/my-unraid-kernel/build/modules-stage/lib/modules/6.18.44-Unraid/kernel/drivers/hwmon/lm95234.ko
  XZ      /home/lain/codex/i915/my-unraid-kernel/build/modules-stage/lib/modules/6.18.44-Unraid/kernel/drivers/hwmon/lm95234.ko.xz
  INSTALL /home/lain/codex/i915/my-unraid-kernel/build/modules-stage/lib/modules/6.18.44-Unraid/kernel/drivers/hwmon/lm95241.ko
  XZ      /home/lain/codex/i915/my-unraid-kernel/build/modules-stage/lib/modules/6.18.44-Unraid/kernel/drivers/hwmon/lm95241.ko.xz
  INSTALL /home/lain/codex/i915/my-unraid-kernel/build/modules-stage/lib/modules/6.18.44-Unraid/kernel/drivers/hwmon/lm95245.ko
  XZ      /home/lain/codex/i915/my-unraid-kernel/build/modules-stage/lib/modules/6.18.44-Unraid/kernel/drivers/hwmon/lm95245.ko.xz
  INSTALL /home/lain/codex/i915/my-unraid-kernel/build/modules-stage/lib/modules/6.18.44-Unraid/kernel/drivers/hwmon/ltc2945.ko
  XZ      /home/lain/codex/i915/my-unraid-kernel/build/modules-stage/lib/modules/6.18.44-Unraid/kernel/drivers/hwmon/ltc2945.ko.xz
  INSTALL /home/lain/codex/i915/my-unraid-kernel/build/modules-stage/lib/modules/6.18.44-Unraid/kernel/drivers/hwmon/ltc2947-core.ko
  XZ      /home/lain/codex/i915/my-unraid-kernel/build/modules-stage/lib/modules/6.18.44-Unraid/kernel/drivers/hwmon/ltc2947-core.ko.xz
  INSTALL /home/lain/codex/i915/my-unraid-kernel/build/modules-stage/lib/modules/6.18.44-Unraid/kernel/drivers/hwmon/ltc2947-i2c.ko
  XZ      /home/lain/codex/i915/my-unraid-kernel/build/modules-stage/lib/modules/6.18.44-Unraid/kernel/drivers/hwmon/ltc2947-i2c.ko.xz
  INSTALL /home/lain/codex/i915/my-unraid-kernel/build/modules-stage/lib/modules/6.18.44-Unraid/kernel/drivers/hwmon/ltc2990.ko
  XZ      /home/lain/codex/i915/my-unraid-kernel/build/modules-stage/lib/modules/6.18.44-Unraid/kernel/drivers/hwmon/ltc2990.ko.xz
  INSTALL /home/lain/codex/i915/my-unraid-kernel/build/modules-stage/lib/modules/6.18.44-Unraid/kernel/drivers/hwmon/ltc2992.ko
  XZ      /home/lain/codex/i915/my-unraid-kernel/build/modules-stage/lib/modules/6.18.44-Unraid/kernel/drivers/hwmon/ltc2992.ko.xz
  INSTALL /home/lain/codex/i915/my-unraid-kernel/build/modules-stage/lib/modules/6.18.44-Unraid/kernel/drivers/hwmon/ltc4151.ko
  XZ      /home/lain/codex/i915/my-unraid-kernel/build/modules-stage/lib/modules/6.18.44-Unraid/kernel/drivers/hwmon/ltc4151.ko.xz
  INSTALL /home/lain/codex/i915/my-unraid-kernel/build/modules-stage/lib/modules/6.18.44-Unraid/kernel/drivers/hwmon/ltc4215.ko
  XZ      /home/lain/codex/i915/my-unraid-kernel/build/modules-stage/lib/modules/6.18.44-Unraid/kernel/drivers/hwmon/ltc4215.ko.xz
  INSTALL /home/lain/codex/i915/my-unraid-kernel/build/modules-stage/lib/modules/6.18.44-Unraid/kernel/drivers/hwmon/ltc4222.ko
  XZ      /home/lain/codex/i915/my-unraid-kernel/build/modules-stage/lib/modules/6.18.44-Unraid/kernel/drivers/hwmon/ltc4222.ko.xz
  INSTALL /home/lain/codex/i915/my-unraid-kernel/build/modules-stage/lib/modules/6.18.44-Unraid/kernel/drivers/hwmon/ltc4245.ko
  XZ      /home/lain/codex/i915/my-unraid-kernel/build/modules-stage/lib/modules/6.18.44-Unraid/kernel/drivers/hwmon/ltc4245.ko.xz
  INSTALL /home/lain/codex/i915/my-unraid-kernel/build/modules-stage/lib/modules/6.18.44-Unraid/kernel/drivers/hwmon/ltc4260.ko
  XZ      /home/lain/codex/i915/my-unraid-kernel/build/modules-stage/lib/modules/6.18.44-Unraid/kernel/drivers/hwmon/ltc4260.ko.xz
  INSTALL /home/lain/codex/i915/my-unraid-kernel/build/modules-stage/lib/modules/6.18.44-Unraid/kernel/drivers/hwmon/ltc4261.ko
  XZ      /home/lain/codex/i915/my-unraid-kernel/build/modules-stage/lib/modules/6.18.44-Unraid/kernel/drivers/hwmon/ltc4261.ko.xz
  INSTALL /home/lain/codex/i915/my-unraid-kernel/build/modules-stage/lib/modules/6.18.44-Unraid/kernel/drivers/hwmon/max127.ko
  XZ      /home/lain/codex/i915/my-unraid-kernel/build/modules-stage/lib/modules/6.18.44-Unraid/kernel/drivers/hwmon/max127.ko.xz
  INSTALL /home/lain/codex/i915/my-unraid-kernel/build/modules-stage/lib/modules/6.18.44-Unraid/kernel/drivers/hwmon/max16065.ko
  XZ      /home/lain/codex/i915/my-unraid-kernel/build/modules-stage/lib/modules/6.18.44-Unraid/kernel/drivers/hwmon/max16065.ko.xz
  INSTALL /home/lain/codex/i915/my-unraid-kernel/build/modules-stage/lib/modules/6.18.44-Unraid/kernel/drivers/hwmon/max1619.ko
  XZ      /home/lain/codex/i915/my-unraid-kernel/build/modules-stage/lib/modules/6.18.44-Unraid/kernel/drivers/hwmon/max1619.ko.xz
  INSTALL /home/lain/codex/i915/my-unraid-kernel/build/modules-stage/lib/modules/6.18.44-Unraid/kernel/drivers/hwmon/max1668.ko
  XZ      /home/lain/codex/i915/my-unraid-kernel/build/modules-stage/lib/modules/6.18.44-Unraid/kernel/drivers/hwmon/max1668.ko.xz
  INSTALL /home/lain/codex/i915/my-unraid-kernel/build/modules-stage/lib/modules/6.18.44-Unraid/kernel/drivers/hwmon/max197.ko
  XZ      /home/lain/codex/i915/my-unraid-kernel/build/modules-stage/lib/modules/6.18.44-Unraid/kernel/drivers/hwmon/max197.ko.xz
  INSTALL /home/lain/codex/i915/my-unraid-kernel/build/modules-stage/lib/modules/6.18.44-Unraid/kernel/drivers/hwmon/max31730.ko
  XZ      /home/lain/codex/i915/my-unraid-kernel/build/modules-stage/lib/modules/6.18.44-Unraid/kernel/drivers/hwmon/max31730.ko.xz
  INSTALL /home/lain/codex/i915/my-unraid-kernel/build/modules-stage/lib/modules/6.18.44-Unraid/kernel/drivers/hwmon/max6620.ko
  XZ      /home/lain/codex/i915/my-unraid-kernel/build/modules-stage/lib/modules/6.18.44-Unraid/kernel/drivers/hwmon/max6620.ko.xz
  INSTALL /home/lain/codex/i915/my-unraid-kernel/build/modules-stage/lib/modules/6.18.44-Unraid/kernel/drivers/hwmon/max6621.ko
  XZ      /home/lain/codex/i915/my-unraid-kernel/build/modules-stage/lib/modules/6.18.44-Unraid/kernel/drivers/hwmon/max6621.ko.xz
  INSTALL /home/lain/codex/i915/my-unraid-kernel/build/modules-stage/lib/modules/6.18.44-Unraid/kernel/drivers/hwmon/max6639.ko
  XZ      /home/lain/codex/i915/my-unraid-kernel/build/modules-stage/lib/modules/6.18.44-Unraid/kernel/drivers/hwmon/max6639.ko.xz
  INSTALL /home/lain/codex/i915/my-unraid-kernel/build/modules-stage/lib/modules/6.18.44-Unraid/kernel/drivers/hwmon/max6650.ko
  XZ      /home/lain/codex/i915/my-unraid-kernel/build/modules-stage/lib/modules/6.18.44-Unraid/kernel/drivers/hwmon/max6650.ko.xz
  INSTALL /home/lain/codex/i915/my-unraid-kernel/build/modules-stage/lib/modules/6.18.44-Unraid/kernel/drivers/hwmon/max6697.ko
  XZ      /home/lain/codex/i915/my-unraid-kernel/build/modules-stage/lib/modules/6.18.44-Unraid/kernel/drivers/hwmon/max6697.ko.xz
  INSTALL /home/lain/codex/i915/my-unraid-kernel/build/modules-stage/lib/modules/6.18.44-Unraid/kernel/drivers/hwmon/max31790.ko
  XZ      /home/lain/codex/i915/my-unraid-kernel/build/modules-stage/lib/modules/6.18.44-Unraid/kernel/drivers/hwmon/max31790.ko.xz
  INSTALL /home/lain/codex/i915/my-unraid-kernel/build/modules-stage/lib/modules/6.18.44-Unraid/kernel/drivers/hwmon/mcp3021.ko
  XZ      /home/lain/codex/i915/my-unraid-kernel/build/modules-stage/lib/modules/6.18.44-Unraid/kernel/drivers/hwmon/mcp3021.ko.xz
  INSTALL /home/lain/codex/i915/my-unraid-kernel/build/modules-stage/lib/modules/6.18.44-Unraid/kernel/drivers/hwmon/tc654.ko
  XZ      /home/lain/codex/i915/my-unraid-kernel/build/modules-stage/lib/modules/6.18.44-Unraid/kernel/drivers/hwmon/tc654.ko.xz
  INSTALL /home/lain/codex/i915/my-unraid-kernel/build/modules-stage/lib/modules/6.18.44-Unraid/kernel/drivers/hwmon/tps23861.ko
  XZ      /home/lain/codex/i915/my-unraid-kernel/build/modules-stage/lib/modules/6.18.44-Unraid/kernel/drivers/hwmon/tps23861.ko.xz
  INSTALL /home/lain/codex/i915/my-unraid-kernel/build/modules-stage/lib/modules/6.18.44-Unraid/kernel/drivers/hwmon/mr75203.ko
  XZ      /home/lain/codex/i915/my-unraid-kernel/build/modules-stage/lib/modules/6.18.44-Unraid/kernel/drivers/hwmon/mr75203.ko.xz
  INSTALL /home/lain/codex/i915/my-unraid-kernel/build/modules-stage/lib/modules/6.18.44-Unraid/kernel/drivers/hwmon/nct6683.ko
  XZ      /home/lain/codex/i915/my-unraid-kernel/build/modules-stage/lib/modules/6.18.44-Unraid/kernel/drivers/hwmon/nct6683.ko.xz
  INSTALL /home/lain/codex/i915/my-unraid-kernel/build/modules-stage/lib/modules/6.18.44-Unraid/kernel/drivers/hwmon/nct6775-core.ko
  XZ      /home/lain/codex/i915/my-unraid-kernel/build/modules-stage/lib/modules/6.18.44-Unraid/kernel/drivers/hwmon/nct6775-core.ko.xz
  INSTALL /home/lain/codex/i915/my-unraid-kernel/build/modules-stage/lib/modules/6.18.44-Unraid/kernel/drivers/hwmon/nct6775.ko
  XZ      /home/lain/codex/i915/my-unraid-kernel/build/modules-stage/lib/modules/6.18.44-Unraid/kernel/drivers/hwmon/nct6775.ko.xz
  INSTALL /home/lain/codex/i915/my-unraid-kernel/build/modules-stage/lib/modules/6.18.44-Unraid/kernel/drivers/hwmon/nct7802.ko
  XZ      /home/lain/codex/i915/my-unraid-kernel/build/modules-stage/lib/modules/6.18.44-Unraid/kernel/drivers/hwmon/nct7802.ko.xz
  INSTALL /home/lain/codex/i915/my-unraid-kernel/build/modules-stage/lib/modules/6.18.44-Unraid/kernel/drivers/hwmon/nct7904.ko
  XZ      /home/lain/codex/i915/my-unraid-kernel/build/modules-stage/lib/modules/6.18.44-Unraid/kernel/drivers/hwmon/nct7904.ko.xz
  INSTALL /home/lain/codex/i915/my-unraid-kernel/build/modules-stage/lib/modules/6.18.44-Unraid/kernel/drivers/hwmon/npcm750-pwm-fan.ko
  XZ      /home/lain/codex/i915/my-unraid-kernel/build/modules-stage/lib/modules/6.18.44-Unraid/kernel/drivers/hwmon/npcm750-pwm-fan.ko.xz
  INSTALL /home/lain/codex/i915/my-unraid-kernel/build/modules-stage/lib/modules/6.18.44-Unraid/kernel/drivers/hwmon/nzxt-kraken2.ko
  XZ      /home/lain/codex/i915/my-unraid-kernel/build/modules-stage/lib/modules/6.18.44-Unraid/kernel/drivers/hwmon/nzxt-kraken2.ko.xz
  INSTALL /home/lain/codex/i915/my-unraid-kernel/build/modules-stage/lib/modules/6.18.44-Unraid/kernel/drivers/hwmon/nzxt-smart2.ko
  XZ      /home/lain/codex/i915/my-unraid-kernel/build/modules-stage/lib/modules/6.18.44-Unraid/kernel/drivers/hwmon/nzxt-smart2.ko.xz
  INSTALL /home/lain/codex/i915/my-unraid-kernel/build/modules-stage/lib/modules/6.18.44-Unraid/kernel/drivers/hwmon/pc87360.ko
  XZ      /home/lain/codex/i915/my-unraid-kernel/build/modules-stage/lib/modules/6.18.44-Unraid/kernel/drivers/hwmon/pc87360.ko.xz
  INSTALL /home/lain/codex/i915/my-unraid-kernel/build/modules-stage/lib/modules/6.18.44-Unraid/kernel/drivers/hwmon/pc87427.ko
  XZ      /home/lain/codex/i915/my-unraid-kernel/build/modules-stage/lib/modules/6.18.44-Unraid/kernel/drivers/hwmon/pc87427.ko.xz
  INSTALL /home/lain/codex/i915/my-unraid-kernel/build/modules-stage/lib/modules/6.18.44-Unraid/kernel/drivers/hwmon/pcf8591.ko
  XZ      /home/lain/codex/i915/my-unraid-kernel/build/modules-stage/lib/modules/6.18.44-Unraid/kernel/drivers/hwmon/pcf8591.ko.xz
  INSTALL /home/lain/codex/i915/my-unraid-kernel/build/modules-stage/lib/modules/6.18.44-Unraid/kernel/drivers/hwmon/powr1220.ko
  XZ      /home/lain/codex/i915/my-unraid-kernel/build/modules-stage/lib/modules/6.18.44-Unraid/kernel/drivers/hwmon/powr1220.ko.xz
  INSTALL /home/lain/codex/i915/my-unraid-kernel/build/modules-stage/lib/modules/6.18.44-Unraid/kernel/drivers/hwmon/sbtsi_temp.ko
  XZ      /home/lain/codex/i915/my-unraid-kernel/build/modules-stage/lib/modules/6.18.44-Unraid/kernel/drivers/hwmon/sbtsi_temp.ko.xz
  INSTALL /home/lain/codex/i915/my-unraid-kernel/build/modules-stage/lib/modules/6.18.44-Unraid/kernel/drivers/hwmon/sch56xx-common.ko
  XZ      /home/lain/codex/i915/my-unraid-kernel/build/modules-stage/lib/modules/6.18.44-Unraid/kernel/drivers/hwmon/sch56xx-common.ko.xz
  INSTALL /home/lain/codex/i915/my-unraid-kernel/build/modules-stage/lib/modules/6.18.44-Unraid/kernel/drivers/hwmon/sch5627.ko
  XZ      /home/lain/codex/i915/my-unraid-kernel/build/modules-stage/lib/modules/6.18.44-Unraid/kernel/drivers/hwmon/sch5627.ko.xz
  INSTALL /home/lain/codex/i915/my-unraid-kernel/build/modules-stage/lib/modules/6.18.44-Unraid/kernel/drivers/hwmon/sch5636.ko
  XZ      /home/lain/codex/i915/my-unraid-kernel/build/modules-stage/lib/modules/6.18.44-Unraid/kernel/drivers/hwmon/sch5636.ko.xz
  INSTALL /home/lain/codex/i915/my-unraid-kernel/build/modules-stage/lib/modules/6.18.44-Unraid/kernel/drivers/hwmon/sht15.ko
  XZ      /home/lain/codex/i915/my-unraid-kernel/build/modules-stage/lib/modules/6.18.44-Unraid/kernel/drivers/hwmon/sht15.ko.xz
  INSTALL /home/lain/codex/i915/my-unraid-kernel/build/modules-stage/lib/modules/6.18.44-Unraid/kernel/drivers/hwmon/sht21.ko
  XZ      /home/lain/codex/i915/my-unraid-kernel/build/modules-stage/lib/modules/6.18.44-Unraid/kernel/drivers/hwmon/sht21.ko.xz
  INSTALL /home/lain/codex/i915/my-unraid-kernel/build/modules-stage/lib/modules/6.18.44-Unraid/kernel/drivers/hwmon/sht3x.ko
  XZ      /home/lain/codex/i915/my-unraid-kernel/build/modules-stage/lib/modules/6.18.44-Unraid/kernel/drivers/hwmon/sht3x.ko.xz
  INSTALL /home/lain/codex/i915/my-unraid-kernel/build/modules-stage/lib/modules/6.18.44-Unraid/kernel/drivers/hwmon/sht4x.ko
  XZ      /home/lain/codex/i915/my-unraid-kernel/build/modules-stage/lib/modules/6.18.44-Unraid/kernel/drivers/hwmon/sht4x.ko.xz
  INSTALL /home/lain/codex/i915/my-unraid-kernel/build/modules-stage/lib/modules/6.18.44-Unraid/kernel/drivers/hwmon/shtc1.ko
  XZ      /home/lain/codex/i915/my-unraid-kernel/build/modules-stage/lib/modules/6.18.44-Unraid/kernel/drivers/hwmon/shtc1.ko.xz
  INSTALL /home/lain/codex/i915/my-unraid-kernel/build/modules-stage/lib/modules/6.18.44-Unraid/kernel/drivers/hwmon/sis5595.ko
  XZ      /home/lain/codex/i915/my-unraid-kernel/build/modules-stage/lib/modules/6.18.44-Unraid/kernel/drivers/hwmon/sis5595.ko.xz
  INSTALL /home/lain/codex/i915/my-unraid-kernel/build/modules-stage/lib/modules/6.18.44-Unraid/kernel/drivers/hwmon/smsc47b397.ko
  XZ      /home/lain/codex/i915/my-unraid-kernel/build/modules-stage/lib/modules/6.18.44-Unraid/kernel/drivers/hwmon/smsc47b397.ko.xz
  INSTALL /home/lain/codex/i915/my-unraid-kernel/build/modules-stage/lib/modules/6.18.44-Unraid/kernel/drivers/hwmon/smsc47m1.ko
  XZ      /home/lain/codex/i915/my-unraid-kernel/build/modules-stage/lib/modules/6.18.44-Unraid/kernel/drivers/hwmon/smsc47m1.ko.xz
  INSTALL /home/lain/codex/i915/my-unraid-kernel/build/modules-stage/lib/modules/6.18.44-Unraid/kernel/drivers/hwmon/smsc47m192.ko
  XZ      /home/lain/codex/i915/my-unraid-kernel/build/modules-stage/lib/modules/6.18.44-Unraid/kernel/drivers/hwmon/smsc47m192.ko.xz
  INSTALL /home/lain/codex/i915/my-unraid-kernel/build/modules-stage/lib/modules/6.18.44-Unraid/kernel/drivers/hwmon/stts751.ko
  XZ      /home/lain/codex/i915/my-unraid-kernel/build/modules-stage/lib/modules/6.18.44-Unraid/kernel/drivers/hwmon/stts751.ko.xz
  INSTALL /home/lain/codex/i915/my-unraid-kernel/build/modules-stage/lib/modules/6.18.44-Unraid/kernel/drivers/hwmon/amc6821.ko
  XZ      /home/lain/codex/i915/my-unraid-kernel/build/modules-stage/lib/modules/6.18.44-Unraid/kernel/drivers/hwmon/amc6821.ko.xz
  INSTALL /home/lain/codex/i915/my-unraid-kernel/build/modules-stage/lib/modules/6.18.44-Unraid/kernel/drivers/hwmon/tc74.ko
  XZ      /home/lain/codex/i915/my-unraid-kernel/build/modules-stage/lib/modules/6.18.44-Unraid/kernel/drivers/hwmon/tc74.ko.xz
  INSTALL /home/lain/codex/i915/my-unraid-kernel/build/modules-stage/lib/modules/6.18.44-Unraid/kernel/drivers/hwmon/thmc50.ko
  XZ      /home/lain/codex/i915/my-unraid-kernel/build/modules-stage/lib/modules/6.18.44-Unraid/kernel/drivers/hwmon/thmc50.ko.xz
  INSTALL /home/lain/codex/i915/my-unraid-kernel/build/modules-stage/lib/modules/6.18.44-Unraid/kernel/drivers/hwmon/tmp102.ko
  XZ      /home/lain/codex/i915/my-unraid-kernel/build/modules-stage/lib/modules/6.18.44-Unraid/kernel/drivers/hwmon/tmp102.ko.xz
  INSTALL /home/lain/codex/i915/my-unraid-kernel/build/modules-stage/lib/modules/6.18.44-Unraid/kernel/drivers/hwmon/tmp103.ko
  XZ      /home/lain/codex/i915/my-unraid-kernel/build/modules-stage/lib/modules/6.18.44-Unraid/kernel/drivers/hwmon/tmp103.ko.xz
  INSTALL /home/lain/codex/i915/my-unraid-kernel/build/modules-stage/lib/modules/6.18.44-Unraid/kernel/drivers/hwmon/tmp108.ko
  XZ      /home/lain/codex/i915/my-unraid-kernel/build/modules-stage/lib/modules/6.18.44-Unraid/kernel/drivers/hwmon/tmp108.ko.xz
  INSTALL /home/lain/codex/i915/my-unraid-kernel/build/modules-stage/lib/modules/6.18.44-Unraid/kernel/drivers/hwmon/tmp401.ko
  XZ      /home/lain/codex/i915/my-unraid-kernel/build/modules-stage/lib/modules/6.18.44-Unraid/kernel/drivers/hwmon/tmp401.ko.xz
  INSTALL /home/lain/codex/i915/my-unraid-kernel/build/modules-stage/lib/modules/6.18.44-Unraid/kernel/drivers/hwmon/tmp421.ko
  XZ      /home/lain/codex/i915/my-unraid-kernel/build/modules-stage/lib/modules/6.18.44-Unraid/kernel/drivers/hwmon/tmp421.ko.xz
  INSTALL /home/lain/codex/i915/my-unraid-kernel/build/modules-stage/lib/modules/6.18.44-Unraid/kernel/drivers/hwmon/tmp464.ko
  XZ      /home/lain/codex/i915/my-unraid-kernel/build/modules-stage/lib/modules/6.18.44-Unraid/kernel/drivers/hwmon/tmp464.ko.xz
  INSTALL /home/lain/codex/i915/my-unraid-kernel/build/modules-stage/lib/modules/6.18.44-Unraid/kernel/drivers/hwmon/tmp513.ko
  XZ      /home/lain/codex/i915/my-unraid-kernel/build/modules-stage/lib/modules/6.18.44-Unraid/kernel/drivers/hwmon/tmp513.ko.xz
  INSTALL /home/lain/codex/i915/my-unraid-kernel/build/modules-stage/lib/modules/6.18.44-Unraid/kernel/drivers/hwmon/via-cputemp.ko
  XZ      /home/lain/codex/i915/my-unraid-kernel/build/modules-stage/lib/modules/6.18.44-Unraid/kernel/drivers/hwmon/via-cputemp.ko.xz
  INSTALL /home/lain/codex/i915/my-unraid-kernel/build/modules-stage/lib/modules/6.18.44-Unraid/kernel/drivers/hwmon/via686a.ko
  XZ      /home/lain/codex/i915/my-unraid-kernel/build/modules-stage/lib/modules/6.18.44-Unraid/kernel/drivers/hwmon/via686a.ko.xz
  INSTALL /home/lain/codex/i915/my-unraid-kernel/build/modules-stage/lib/modules/6.18.44-Unraid/kernel/drivers/hwmon/vt1211.ko
  XZ      /home/lain/codex/i915/my-unraid-kernel/build/modules-stage/lib/modules/6.18.44-Unraid/kernel/drivers/hwmon/vt1211.ko.xz
  INSTALL /home/lain/codex/i915/my-unraid-kernel/build/modules-stage/lib/modules/6.18.44-Unraid/kernel/drivers/hwmon/vt8231.ko
  XZ      /home/lain/codex/i915/my-unraid-kernel/build/modules-stage/lib/modules/6.18.44-Unraid/kernel/drivers/hwmon/vt8231.ko.xz
  INSTALL /home/lain/codex/i915/my-unraid-kernel/build/modules-stage/lib/modules/6.18.44-Unraid/kernel/drivers/hwmon/w83627ehf.ko
  XZ      /home/lain/codex/i915/my-unraid-kernel/build/modules-stage/lib/modules/6.18.44-Unraid/kernel/drivers/hwmon/w83627ehf.ko.xz
  INSTALL /home/lain/codex/i915/my-unraid-kernel/build/modules-stage/lib/modules/6.18.44-Unraid/kernel/drivers/hwmon/w83l785ts.ko
  XZ      /home/lain/codex/i915/my-unraid-kernel/build/modules-stage/lib/modules/6.18.44-Unraid/kernel/drivers/hwmon/w83l785ts.ko.xz
  INSTALL /home/lain/codex/i915/my-unraid-kernel/build/modules-stage/lib/modules/6.18.44-Unraid/kernel/drivers/hwmon/w83l786ng.ko
  XZ      /home/lain/codex/i915/my-unraid-kernel/build/modules-stage/lib/modules/6.18.44-Unraid/kernel/drivers/hwmon/w83l786ng.ko.xz
  INSTALL /home/lain/codex/i915/my-unraid-kernel/build/modules-stage/lib/modules/6.18.44-Unraid/kernel/drivers/hwmon/xgene-hwmon.ko
  XZ      /home/lain/codex/i915/my-unraid-kernel/build/modules-stage/lib/modules/6.18.44-Unraid/kernel/drivers/hwmon/xgene-hwmon.ko.xz
  INSTALL /home/lain/codex/i915/my-unraid-kernel/build/modules-stage/lib/modules/6.18.44-Unraid/kernel/drivers/hwmon/pmbus/pmbus_core.ko
  XZ      /home/lain/codex/i915/my-unraid-kernel/build/modules-stage/lib/modules/6.18.44-Unraid/kernel/drivers/hwmon/pmbus/pmbus_core.ko.xz
  INSTALL /home/lain/codex/i915/my-unraid-kernel/build/modules-stage/lib/modules/6.18.44-Unraid/kernel/drivers/hwmon/pmbus/pmbus.ko
  XZ      /home/lain/codex/i915/my-unraid-kernel/build/modules-stage/lib/modules/6.18.44-Unraid/kernel/drivers/hwmon/pmbus/pmbus.ko.xz
  INSTALL /home/lain/codex/i915/my-unraid-kernel/build/modules-stage/lib/modules/6.18.44-Unraid/kernel/drivers/hwmon/pmbus/adm1275.ko
  XZ      /home/lain/codex/i915/my-unraid-kernel/build/modules-stage/lib/modules/6.18.44-Unraid/kernel/drivers/hwmon/pmbus/adm1275.ko.xz
  INSTALL /home/lain/codex/i915/my-unraid-kernel/build/modules-stage/lib/modules/6.18.44-Unraid/kernel/drivers/hwmon/pmbus/ir35221.ko
  XZ      /home/lain/codex/i915/my-unraid-kernel/build/modules-stage/lib/modules/6.18.44-Unraid/kernel/drivers/hwmon/pmbus/ir35221.ko.xz
  INSTALL /home/lain/codex/i915/my-unraid-kernel/build/modules-stage/lib/modules/6.18.44-Unraid/kernel/drivers/hwmon/pmbus/lm25066.ko
  XZ      /home/lain/codex/i915/my-unraid-kernel/build/modules-stage/lib/modules/6.18.44-Unraid/kernel/drivers/hwmon/pmbus/lm25066.ko.xz
  INSTALL /home/lain/codex/i915/my-unraid-kernel/build/modules-stage/lib/modules/6.18.44-Unraid/kernel/drivers/hwmon/pmbus/ltc2978.ko
  XZ      /home/lain/codex/i915/my-unraid-kernel/build/modules-stage/lib/modules/6.18.44-Unraid/kernel/drivers/hwmon/pmbus/ltc2978.ko.xz
  INSTALL /home/lain/codex/i915/my-unraid-kernel/build/modules-stage/lib/modules/6.18.44-Unraid/kernel/drivers/hwmon/pmbus/ltc3815.ko
  XZ      /home/lain/codex/i915/my-unraid-kernel/build/modules-stage/lib/modules/6.18.44-Unraid/kernel/drivers/hwmon/pmbus/ltc3815.ko.xz
  INSTALL /home/lain/codex/i915/my-unraid-kernel/build/modules-stage/lib/modules/6.18.44-Unraid/kernel/drivers/hwmon/pmbus/max16064.ko
  XZ      /home/lain/codex/i915/my-unraid-kernel/build/modules-stage/lib/modules/6.18.44-Unraid/kernel/drivers/hwmon/pmbus/max16064.ko.xz
  INSTALL /home/lain/codex/i915/my-unraid-kernel/build/modules-stage/lib/modules/6.18.44-Unraid/kernel/drivers/hwmon/pmbus/max20751.ko
  XZ      /home/lain/codex/i915/my-unraid-kernel/build/modules-stage/lib/modules/6.18.44-Unraid/kernel/drivers/hwmon/pmbus/max20751.ko.xz
  INSTALL /home/lain/codex/i915/my-unraid-kernel/build/modules-stage/lib/modules/6.18.44-Unraid/kernel/drivers/hwmon/pmbus/max31785.ko
  XZ      /home/lain/codex/i915/my-unraid-kernel/build/modules-stage/lib/modules/6.18.44-Unraid/kernel/drivers/hwmon/pmbus/max31785.ko.xz
  INSTALL /home/lain/codex/i915/my-unraid-kernel/build/modules-stage/lib/modules/6.18.44-Unraid/kernel/drivers/hwmon/pmbus/max34440.ko
  XZ      /home/lain/codex/i915/my-unraid-kernel/build/modules-stage/lib/modules/6.18.44-Unraid/kernel/drivers/hwmon/pmbus/max34440.ko.xz
  INSTALL /home/lain/codex/i915/my-unraid-kernel/build/modules-stage/lib/modules/6.18.44-Unraid/kernel/drivers/hwmon/pmbus/max8688.ko
  XZ      /home/lain/codex/i915/my-unraid-kernel/build/modules-stage/lib/modules/6.18.44-Unraid/kernel/drivers/hwmon/pmbus/max8688.ko.xz
  INSTALL /home/lain/codex/i915/my-unraid-kernel/build/modules-stage/lib/modules/6.18.44-Unraid/kernel/drivers/hwmon/pmbus/tps40422.ko
  XZ      /home/lain/codex/i915/my-unraid-kernel/build/modules-stage/lib/modules/6.18.44-Unraid/kernel/drivers/hwmon/pmbus/tps40422.ko.xz
  INSTALL /home/lain/codex/i915/my-unraid-kernel/build/modules-stage/lib/modules/6.18.44-Unraid/kernel/drivers/hwmon/pmbus/tps53679.ko
  XZ      /home/lain/codex/i915/my-unraid-kernel/build/modules-stage/lib/modules/6.18.44-Unraid/kernel/drivers/hwmon/pmbus/tps53679.ko.xz
  INSTALL /home/lain/codex/i915/my-unraid-kernel/build/modules-stage/lib/modules/6.18.44-Unraid/kernel/drivers/hwmon/pmbus/ucd9000.ko
  XZ      /home/lain/codex/i915/my-unraid-kernel/build/modules-stage/lib/modules/6.18.44-Unraid/kernel/drivers/hwmon/pmbus/ucd9000.ko.xz
  INSTALL /home/lain/codex/i915/my-unraid-kernel/build/modules-stage/lib/modules/6.18.44-Unraid/kernel/drivers/hwmon/pmbus/ucd9200.ko
  XZ      /home/lain/codex/i915/my-unraid-kernel/build/modules-stage/lib/modules/6.18.44-Unraid/kernel/drivers/hwmon/pmbus/ucd9200.ko.xz
  INSTALL /home/lain/codex/i915/my-unraid-kernel/build/modules-stage/lib/modules/6.18.44-Unraid/kernel/drivers/hwmon/pmbus/zl6100.ko
  XZ      /home/lain/codex/i915/my-unraid-kernel/build/modules-stage/lib/modules/6.18.44-Unraid/kernel/drivers/hwmon/pmbus/zl6100.ko.xz
  INSTALL /home/lain/codex/i915/my-unraid-kernel/build/modules-stage/lib/modules/6.18.44-Unraid/kernel/drivers/thermal/intel/intel_powerclamp.ko
  XZ      /home/lain/codex/i915/my-unraid-kernel/build/modules-stage/lib/modules/6.18.44-Unraid/kernel/drivers/thermal/intel/intel_powerclamp.ko.xz
  INSTALL /home/lain/codex/i915/my-unraid-kernel/build/modules-stage/lib/modules/6.18.44-Unraid/kernel/drivers/thermal/intel/x86_pkg_temp_thermal.ko
  XZ      /home/lain/codex/i915/my-unraid-kernel/build/modules-stage/lib/modules/6.18.44-Unraid/kernel/drivers/thermal/intel/x86_pkg_temp_thermal.ko.xz
  INSTALL /home/lain/codex/i915/my-unraid-kernel/build/modules-stage/lib/modules/6.18.44-Unraid/kernel/drivers/thermal/intel/intel_soc_dts_iosf.ko
  XZ      /home/lain/codex/i915/my-unraid-kernel/build/modules-stage/lib/modules/6.18.44-Unraid/kernel/drivers/thermal/intel/intel_soc_dts_iosf.ko.xz
  INSTALL /home/lain/codex/i915/my-unraid-kernel/build/modules-stage/lib/modules/6.18.44-Unraid/kernel/drivers/thermal/intel/intel_soc_dts_thermal.ko
  XZ      /home/lain/codex/i915/my-unraid-kernel/build/modules-stage/lib/modules/6.18.44-Unraid/kernel/drivers/thermal/intel/intel_soc_dts_thermal.ko.xz
  INSTALL /home/lain/codex/i915/my-unraid-kernel/build/modules-stage/lib/modules/6.18.44-Unraid/kernel/drivers/thermal/intel/int340x_thermal/int3400_thermal.ko
  XZ      /home/lain/codex/i915/my-unraid-kernel/build/modules-stage/lib/modules/6.18.44-Unraid/kernel/drivers/thermal/intel/int340x_thermal/int3400_thermal.ko.xz
  INSTALL /home/lain/codex/i915/my-unraid-kernel/build/modules-stage/lib/modules/6.18.44-Unraid/kernel/drivers/thermal/intel/int340x_thermal/int340x_thermal_zone.ko
  XZ      /home/lain/codex/i915/my-unraid-kernel/build/modules-stage/lib/modules/6.18.44-Unraid/kernel/drivers/thermal/intel/int340x_thermal/int340x_thermal_zone.ko.xz
  INSTALL /home/lain/codex/i915/my-unraid-kernel/build/modules-stage/lib/modules/6.18.44-Unraid/kernel/drivers/thermal/intel/int340x_thermal/int3402_thermal.ko
  XZ      /home/lain/codex/i915/my-unraid-kernel/build/modules-stage/lib/modules/6.18.44-Unraid/kernel/drivers/thermal/intel/int340x_thermal/int3402_thermal.ko.xz
  INSTALL /home/lain/codex/i915/my-unraid-kernel/build/modules-stage/lib/modules/6.18.44-Unraid/kernel/drivers/thermal/intel/int340x_thermal/int3403_thermal.ko
  XZ      /home/lain/codex/i915/my-unraid-kernel/build/modules-stage/lib/modules/6.18.44-Unraid/kernel/drivers/thermal/intel/int340x_thermal/int3403_thermal.ko.xz
  INSTALL /home/lain/codex/i915/my-unraid-kernel/build/modules-stage/lib/modules/6.18.44-Unraid/kernel/drivers/thermal/intel/int340x_thermal/processor_thermal_device.ko
  XZ      /home/lain/codex/i915/my-unraid-kernel/build/modules-stage/lib/modules/6.18.44-Unraid/kernel/drivers/thermal/intel/int340x_thermal/processor_thermal_device.ko.xz
  INSTALL /home/lain/codex/i915/my-unraid-kernel/build/modules-stage/lib/modules/6.18.44-Unraid/kernel/drivers/thermal/intel/int340x_thermal/int3401_thermal.ko
  XZ      /home/lain/codex/i915/my-unraid-kernel/build/modules-stage/lib/modules/6.18.44-Unraid/kernel/drivers/thermal/intel/int340x_thermal/int3401_thermal.ko.xz
  INSTALL /home/lain/codex/i915/my-unraid-kernel/build/modules-stage/lib/modules/6.18.44-Unraid/kernel/drivers/thermal/intel/int340x_thermal/processor_thermal_device_pci_legacy.ko
  XZ      /home/lain/codex/i915/my-unraid-kernel/build/modules-stage/lib/modules/6.18.44-Unraid/kernel/drivers/thermal/intel/int340x_thermal/processor_thermal_device_pci_legacy.ko.xz
  INSTALL /home/lain/codex/i915/my-unraid-kernel/build/modules-stage/lib/modules/6.18.44-Unraid/kernel/drivers/thermal/intel/int340x_thermal/processor_thermal_device_pci.ko
  XZ      /home/lain/codex/i915/my-unraid-kernel/build/modules-stage/lib/modules/6.18.44-Unraid/kernel/drivers/thermal/intel/int340x_thermal/processor_thermal_device_pci.ko.xz
  INSTALL /home/lain/codex/i915/my-unraid-kernel/build/modules-stage/lib/modules/6.18.44-Unraid/kernel/drivers/thermal/intel/int340x_thermal/processor_thermal_rapl.ko
  XZ      /home/lain/codex/i915/my-unraid-kernel/build/modules-stage/lib/modules/6.18.44-Unraid/kernel/drivers/thermal/intel/int340x_thermal/processor_thermal_rapl.ko.xz
  INSTALL /home/lain/codex/i915/my-unraid-kernel/build/modules-stage/lib/modules/6.18.44-Unraid/kernel/drivers/thermal/intel/int340x_thermal/processor_thermal_rfim.ko
  XZ      /home/lain/codex/i915/my-unraid-kernel/build/modules-stage/lib/modules/6.18.44-Unraid/kernel/drivers/thermal/intel/int340x_thermal/processor_thermal_rfim.ko.xz
  INSTALL /home/lain/codex/i915/my-unraid-kernel/build/modules-stage/lib/modules/6.18.44-Unraid/kernel/drivers/thermal/intel/int340x_thermal/platform_temperature_control.ko
  XZ      /home/lain/codex/i915/my-unraid-kernel/build/modules-stage/lib/modules/6.18.44-Unraid/kernel/drivers/thermal/intel/int340x_thermal/platform_temperature_control.ko.xz
  INSTALL /home/lain/codex/i915/my-unraid-kernel/build/modules-stage/lib/modules/6.18.44-Unraid/kernel/drivers/thermal/intel/int340x_thermal/processor_thermal_mbox.ko
  XZ      /home/lain/codex/i915/my-unraid-kernel/build/modules-stage/lib/modules/6.18.44-Unraid/kernel/drivers/thermal/intel/int340x_thermal/processor_thermal_mbox.ko.xz
  INSTALL /home/lain/codex/i915/my-unraid-kernel/build/modules-stage/lib/modules/6.18.44-Unraid/kernel/drivers/thermal/intel/int340x_thermal/processor_thermal_wt_req.ko
  XZ      /home/lain/codex/i915/my-unraid-kernel/build/modules-stage/lib/modules/6.18.44-Unraid/kernel/drivers/thermal/intel/int340x_thermal/processor_thermal_wt_req.ko.xz
  INSTALL /home/lain/codex/i915/my-unraid-kernel/build/modules-stage/lib/modules/6.18.44-Unraid/kernel/drivers/thermal/intel/int340x_thermal/processor_thermal_wt_hint.ko
  XZ      /home/lain/codex/i915/my-unraid-kernel/build/modules-stage/lib/modules/6.18.44-Unraid/kernel/drivers/thermal/intel/int340x_thermal/processor_thermal_wt_hint.ko.xz
  INSTALL /home/lain/codex/i915/my-unraid-kernel/build/modules-stage/lib/modules/6.18.44-Unraid/kernel/drivers/thermal/intel/int340x_thermal/processor_thermal_power_floor.ko
  XZ      /home/lain/codex/i915/my-unraid-kernel/build/modules-stage/lib/modules/6.18.44-Unraid/kernel/drivers/thermal/intel/int340x_thermal/processor_thermal_power_floor.ko.xz
  INSTALL /home/lain/codex/i915/my-unraid-kernel/build/modules-stage/lib/modules/6.18.44-Unraid/kernel/drivers/thermal/intel/int340x_thermal/processor_thermal_soc_slider.ko
  XZ      /home/lain/codex/i915/my-unraid-kernel/build/modules-stage/lib/modules/6.18.44-Unraid/kernel/drivers/thermal/intel/int340x_thermal/processor_thermal_soc_slider.ko.xz
  INSTALL /home/lain/codex/i915/my-unraid-kernel/build/modules-stage/lib/modules/6.18.44-Unraid/kernel/drivers/thermal/intel/int340x_thermal/int3406_thermal.ko
  XZ      /home/lain/codex/i915/my-unraid-kernel/build/modules-stage/lib/modules/6.18.44-Unraid/kernel/drivers/thermal/intel/int340x_thermal/int3406_thermal.ko.xz
  INSTALL /home/lain/codex/i915/my-unraid-kernel/build/modules-stage/lib/modules/6.18.44-Unraid/kernel/drivers/thermal/intel/int340x_thermal/acpi_thermal_rel.ko
  XZ      /home/lain/codex/i915/my-unraid-kernel/build/modules-stage/lib/modules/6.18.44-Unraid/kernel/drivers/thermal/intel/int340x_thermal/acpi_thermal_rel.ko.xz
  INSTALL /home/lain/codex/i915/my-unraid-kernel/build/modules-stage/lib/modules/6.18.44-Unraid/kernel/drivers/thermal/intel/intel_pch_thermal.ko
  XZ      /home/lain/codex/i915/my-unraid-kernel/build/modules-stage/lib/modules/6.18.44-Unraid/kernel/drivers/thermal/intel/intel_pch_thermal.ko.xz
  INSTALL /home/lain/codex/i915/my-unraid-kernel/build/modules-stage/lib/modules/6.18.44-Unraid/kernel/drivers/watchdog/watchdog.ko
  XZ      /home/lain/codex/i915/my-unraid-kernel/build/modules-stage/lib/modules/6.18.44-Unraid/kernel/drivers/watchdog/watchdog.ko.xz
  INSTALL /home/lain/codex/i915/my-unraid-kernel/build/modules-stage/lib/modules/6.18.44-Unraid/kernel/drivers/md/md-mod.ko
  XZ      /home/lain/codex/i915/my-unraid-kernel/build/modules-stage/lib/modules/6.18.44-Unraid/kernel/drivers/md/md-mod.ko.xz
  INSTALL /home/lain/codex/i915/my-unraid-kernel/build/modules-stage/lib/modules/6.18.44-Unraid/kernel/drivers/md/dm-mod.ko
  XZ      /home/lain/codex/i915/my-unraid-kernel/build/modules-stage/lib/modules/6.18.44-Unraid/kernel/drivers/md/dm-mod.ko.xz
  INSTALL /home/lain/codex/i915/my-unraid-kernel/build/modules-stage/lib/modules/6.18.44-Unraid/kernel/drivers/md/dm-bufio.ko
  XZ      /home/lain/codex/i915/my-unraid-kernel/build/modules-stage/lib/modules/6.18.44-Unraid/kernel/drivers/md/dm-bufio.ko.xz
  INSTALL /home/lain/codex/i915/my-unraid-kernel/build/modules-stage/lib/modules/6.18.44-Unraid/kernel/drivers/md/dm-bio-prison.ko
  XZ      /home/lain/codex/i915/my-unraid-kernel/build/modules-stage/lib/modules/6.18.44-Unraid/kernel/drivers/md/dm-bio-prison.ko.xz
  INSTALL /home/lain/codex/i915/my-unraid-kernel/build/modules-stage/lib/modules/6.18.44-Unraid/kernel/drivers/md/dm-crypt.ko
  XZ      /home/lain/codex/i915/my-unraid-kernel/build/modules-stage/lib/modules/6.18.44-Unraid/kernel/drivers/md/dm-crypt.ko.xz
  INSTALL /home/lain/codex/i915/my-unraid-kernel/build/modules-stage/lib/modules/6.18.44-Unraid/kernel/drivers/md/dm-snapshot.ko
  XZ      /home/lain/codex/i915/my-unraid-kernel/build/modules-stage/lib/modules/6.18.44-Unraid/kernel/drivers/md/dm-snapshot.ko.xz
  INSTALL /home/lain/codex/i915/my-unraid-kernel/build/modules-stage/lib/modules/6.18.44-Unraid/kernel/drivers/md/persistent-data/dm-persistent-data.ko
  XZ      /home/lain/codex/i915/my-unraid-kernel/build/modules-stage/lib/modules/6.18.44-Unraid/kernel/drivers/md/persistent-data/dm-persistent-data.ko.xz
  INSTALL /home/lain/codex/i915/my-unraid-kernel/build/modules-stage/lib/modules/6.18.44-Unraid/kernel/drivers/md/dm-mirror.ko
  XZ      /home/lain/codex/i915/my-unraid-kernel/build/modules-stage/lib/modules/6.18.44-Unraid/kernel/drivers/md/dm-mirror.ko.xz
  INSTALL /home/lain/codex/i915/my-unraid-kernel/build/modules-stage/lib/modules/6.18.44-Unraid/kernel/drivers/md/dm-log.ko
  XZ      /home/lain/codex/i915/my-unraid-kernel/build/modules-stage/lib/modules/6.18.44-Unraid/kernel/drivers/md/dm-log.ko.xz
  INSTALL /home/lain/codex/i915/my-unraid-kernel/build/modules-stage/lib/modules/6.18.44-Unraid/kernel/drivers/md/dm-region-hash.ko
  XZ      /home/lain/codex/i915/my-unraid-kernel/build/modules-stage/lib/modules/6.18.44-Unraid/kernel/drivers/md/dm-region-hash.ko.xz
  INSTALL /home/lain/codex/i915/my-unraid-kernel/build/modules-stage/lib/modules/6.18.44-Unraid/kernel/drivers/md/dm-thin-pool.ko
  XZ      /home/lain/codex/i915/my-unraid-kernel/build/modules-stage/lib/modules/6.18.44-Unraid/kernel/drivers/md/dm-thin-pool.ko.xz
  INSTALL /home/lain/codex/i915/my-unraid-kernel/build/modules-stage/lib/modules/6.18.44-Unraid/kernel/drivers/cpufreq/acpi-cpufreq.ko
  XZ      /home/lain/codex/i915/my-unraid-kernel/build/modules-stage/lib/modules/6.18.44-Unraid/kernel/drivers/cpufreq/acpi-cpufreq.ko.xz
  INSTALL /home/lain/codex/i915/my-unraid-kernel/build/modules-stage/lib/modules/6.18.44-Unraid/kernel/drivers/cpufreq/powernow-k8.ko
  XZ      /home/lain/codex/i915/my-unraid-kernel/build/modules-stage/lib/modules/6.18.44-Unraid/kernel/drivers/cpufreq/powernow-k8.ko.xz
  INSTALL /home/lain/codex/i915/my-unraid-kernel/build/modules-stage/lib/modules/6.18.44-Unraid/kernel/drivers/cpufreq/pcc-cpufreq.ko
  XZ      /home/lain/codex/i915/my-unraid-kernel/build/modules-stage/lib/modules/6.18.44-Unraid/kernel/drivers/cpufreq/pcc-cpufreq.ko.xz
  INSTALL /home/lain/codex/i915/my-unraid-kernel/build/modules-stage/lib/modules/6.18.44-Unraid/kernel/drivers/cpufreq/amd_freq_sensitivity.ko
  XZ      /home/lain/codex/i915/my-unraid-kernel/build/modules-stage/lib/modules/6.18.44-Unraid/kernel/drivers/cpufreq/amd_freq_sensitivity.ko.xz
  INSTALL /home/lain/codex/i915/my-unraid-kernel/build/modules-stage/lib/modules/6.18.44-Unraid/kernel/drivers/ufs/core/ufshcd-core.ko
  XZ      /home/lain/codex/i915/my-unraid-kernel/build/modules-stage/lib/modules/6.18.44-Unraid/kernel/drivers/ufs/core/ufshcd-core.ko.xz
  INSTALL /home/lain/codex/i915/my-unraid-kernel/build/modules-stage/lib/modules/6.18.44-Unraid/kernel/drivers/ufs/host/tc-dwc-g210-pci.ko
  XZ      /home/lain/codex/i915/my-unraid-kernel/build/modules-stage/lib/modules/6.18.44-Unraid/kernel/drivers/ufs/host/tc-dwc-g210-pci.ko.xz
  INSTALL /home/lain/codex/i915/my-unraid-kernel/build/modules-stage/lib/modules/6.18.44-Unraid/kernel/drivers/ufs/host/ufshcd-dwc.ko
  XZ      /home/lain/codex/i915/my-unraid-kernel/build/modules-stage/lib/modules/6.18.44-Unraid/kernel/drivers/ufs/host/ufshcd-dwc.ko.xz
  INSTALL /home/lain/codex/i915/my-unraid-kernel/build/modules-stage/lib/modules/6.18.44-Unraid/kernel/drivers/ufs/host/tc-dwc-g210.ko
  XZ      /home/lain/codex/i915/my-unraid-kernel/build/modules-stage/lib/modules/6.18.44-Unraid/kernel/drivers/ufs/host/tc-dwc-g210.ko.xz
  INSTALL /home/lain/codex/i915/my-unraid-kernel/build/modules-stage/lib/modules/6.18.44-Unraid/kernel/drivers/ufs/host/cdns-pltfrm.ko
  XZ      /home/lain/codex/i915/my-unraid-kernel/build/modules-stage/lib/modules/6.18.44-Unraid/kernel/drivers/ufs/host/cdns-pltfrm.ko.xz
  INSTALL /home/lain/codex/i915/my-unraid-kernel/build/modules-stage/lib/modules/6.18.44-Unraid/kernel/drivers/ufs/host/ufshcd-pci.ko
  XZ      /home/lain/codex/i915/my-unraid-kernel/build/modules-stage/lib/modules/6.18.44-Unraid/kernel/drivers/ufs/host/ufshcd-pci.ko.xz
  INSTALL /home/lain/codex/i915/my-unraid-kernel/build/modules-stage/lib/modules/6.18.44-Unraid/kernel/drivers/ufs/host/ufshcd-pltfrm.ko
  XZ      /home/lain/codex/i915/my-unraid-kernel/build/modules-stage/lib/modules/6.18.44-Unraid/kernel/drivers/ufs/host/ufshcd-pltfrm.ko.xz
  INSTALL /home/lain/codex/i915/my-unraid-kernel/build/modules-stage/lib/modules/6.18.44-Unraid/kernel/drivers/firmware/qcom/qcom-scm.ko
  XZ      /home/lain/codex/i915/my-unraid-kernel/build/modules-stage/lib/modules/6.18.44-Unraid/kernel/drivers/firmware/qcom/qcom-scm.ko.xz
  INSTALL /home/lain/codex/i915/my-unraid-kernel/build/modules-stage/lib/modules/6.18.44-Unraid/kernel/drivers/firmware/qcom/qcom_tzmem.ko
  XZ      /home/lain/codex/i915/my-unraid-kernel/build/modules-stage/lib/modules/6.18.44-Unraid/kernel/drivers/firmware/qcom/qcom_tzmem.ko.xz
  INSTALL /home/lain/codex/i915/my-unraid-kernel/build/modules-stage/lib/modules/6.18.44-Unraid/kernel/drivers/crypto/ccp/ccp.ko
  XZ      /home/lain/codex/i915/my-unraid-kernel/build/modules-stage/lib/modules/6.18.44-Unraid/kernel/drivers/crypto/ccp/ccp.ko.xz
  INSTALL /home/lain/codex/i915/my-unraid-kernel/build/modules-stage/lib/modules/6.18.44-Unraid/kernel/drivers/crypto/intel/qat/qat_common/intel_qat.ko
  XZ      /home/lain/codex/i915/my-unraid-kernel/build/modules-stage/lib/modules/6.18.44-Unraid/kernel/drivers/crypto/intel/qat/qat_common/intel_qat.ko.xz
  INSTALL /home/lain/codex/i915/my-unraid-kernel/build/modules-stage/lib/modules/6.18.44-Unraid/kernel/drivers/crypto/intel/qat/qat_dh895xcc/qat_dh895xcc.ko
  XZ      /home/lain/codex/i915/my-unraid-kernel/build/modules-stage/lib/modules/6.18.44-Unraid/kernel/drivers/crypto/intel/qat/qat_dh895xcc/qat_dh895xcc.ko.xz
  INSTALL /home/lain/codex/i915/my-unraid-kernel/build/modules-stage/lib/modules/6.18.44-Unraid/kernel/drivers/crypto/intel/qat/qat_c3xxx/qat_c3xxx.ko
  XZ      /home/lain/codex/i915/my-unraid-kernel/build/modules-stage/lib/modules/6.18.44-Unraid/kernel/drivers/crypto/intel/qat/qat_c3xxx/qat_c3xxx.ko.xz
  INSTALL /home/lain/codex/i915/my-unraid-kernel/build/modules-stage/lib/modules/6.18.44-Unraid/kernel/drivers/crypto/intel/qat/qat_c62x/qat_c62x.ko
  XZ      /home/lain/codex/i915/my-unraid-kernel/build/modules-stage/lib/modules/6.18.44-Unraid/kernel/drivers/crypto/intel/qat/qat_c62x/qat_c62x.ko.xz
  INSTALL /home/lain/codex/i915/my-unraid-kernel/build/modules-stage/lib/modules/6.18.44-Unraid/kernel/drivers/crypto/intel/qat/qat_dh895xccvf/qat_dh895xccvf.ko
  XZ      /home/lain/codex/i915/my-unraid-kernel/build/modules-stage/lib/modules/6.18.44-Unraid/kernel/drivers/crypto/intel/qat/qat_dh895xccvf/qat_dh895xccvf.ko.xz
  INSTALL /home/lain/codex/i915/my-unraid-kernel/build/modules-stage/lib/modules/6.18.44-Unraid/kernel/drivers/crypto/intel/qat/qat_c3xxxvf/qat_c3xxxvf.ko
  XZ      /home/lain/codex/i915/my-unraid-kernel/build/modules-stage/lib/modules/6.18.44-Unraid/kernel/drivers/crypto/intel/qat/qat_c3xxxvf/qat_c3xxxvf.ko.xz
  INSTALL /home/lain/codex/i915/my-unraid-kernel/build/modules-stage/lib/modules/6.18.44-Unraid/kernel/drivers/crypto/intel/qat/qat_c62xvf/qat_c62xvf.ko
  XZ      /home/lain/codex/i915/my-unraid-kernel/build/modules-stage/lib/modules/6.18.44-Unraid/kernel/drivers/crypto/intel/qat/qat_c62xvf/qat_c62xvf.ko.xz
  INSTALL /home/lain/codex/i915/my-unraid-kernel/build/modules-stage/lib/modules/6.18.44-Unraid/kernel/drivers/crypto/chelsio/chcr.ko
  XZ      /home/lain/codex/i915/my-unraid-kernel/build/modules-stage/lib/modules/6.18.44-Unraid/kernel/drivers/crypto/chelsio/chcr.ko.xz
  INSTALL /home/lain/codex/i915/my-unraid-kernel/build/modules-stage/lib/modules/6.18.44-Unraid/kernel/drivers/crypto/padlock-aes.ko
  XZ      /home/lain/codex/i915/my-unraid-kernel/build/modules-stage/lib/modules/6.18.44-Unraid/kernel/drivers/crypto/padlock-aes.ko.xz
  INSTALL /home/lain/codex/i915/my-unraid-kernel/build/modules-stage/lib/modules/6.18.44-Unraid/kernel/drivers/crypto/padlock-sha.ko
  XZ      /home/lain/codex/i915/my-unraid-kernel/build/modules-stage/lib/modules/6.18.44-Unraid/kernel/drivers/crypto/padlock-sha.ko.xz
  INSTALL /home/lain/codex/i915/my-unraid-kernel/build/modules-stage/lib/modules/6.18.44-Unraid/kernel/drivers/crypto/virtio/virtio_crypto.ko
  XZ      /home/lain/codex/i915/my-unraid-kernel/build/modules-stage/lib/modules/6.18.44-Unraid/kernel/drivers/crypto/virtio/virtio_crypto.ko.xz
  INSTALL /home/lain/codex/i915/my-unraid-kernel/build/modules-stage/lib/modules/6.18.44-Unraid/kernel/drivers/hid/uhid.ko
  XZ      /home/lain/codex/i915/my-unraid-kernel/build/modules-stage/lib/modules/6.18.44-Unraid/kernel/drivers/hid/uhid.ko.xz
  INSTALL /home/lain/codex/i915/my-unraid-kernel/build/modules-stage/lib/modules/6.18.44-Unraid/kernel/drivers/hid/hid-apple.ko
  XZ      /home/lain/codex/i915/my-unraid-kernel/build/modules-stage/lib/modules/6.18.44-Unraid/kernel/drivers/hid/hid-apple.ko.xz
  INSTALL /home/lain/codex/i915/my-unraid-kernel/build/modules-stage/lib/modules/6.18.44-Unraid/kernel/drivers/hid/amd-sfh-hid/amd_sfh.ko
  XZ      /home/lain/codex/i915/my-unraid-kernel/build/modules-stage/lib/modules/6.18.44-Unraid/kernel/drivers/hid/amd-sfh-hid/amd_sfh.ko.xz
  INSTALL /home/lain/codex/i915/my-unraid-kernel/build/modules-stage/lib/modules/6.18.44-Unraid/kernel/drivers/platform/x86/intel/wmi/intel-wmi-thunderbolt.ko
  XZ      /home/lain/codex/i915/my-unraid-kernel/build/modules-stage/lib/modules/6.18.44-Unraid/kernel/drivers/platform/x86/intel/wmi/intel-wmi-thunderbolt.ko.xz
  INSTALL /home/lain/codex/i915/my-unraid-kernel/build/modules-stage/lib/modules/6.18.44-Unraid/kernel/drivers/platform/x86/wmi.ko
  XZ      /home/lain/codex/i915/my-unraid-kernel/build/modules-stage/lib/modules/6.18.44-Unraid/kernel/drivers/platform/x86/wmi.ko.xz
  INSTALL /home/lain/codex/i915/my-unraid-kernel/build/modules-stage/lib/modules/6.18.44-Unraid/kernel/drivers/platform/x86/wmi-bmof.ko
  XZ      /home/lain/codex/i915/my-unraid-kernel/build/modules-stage/lib/modules/6.18.44-Unraid/kernel/drivers/platform/x86/wmi-bmof.ko.xz
  INSTALL /home/lain/codex/i915/my-unraid-kernel/build/modules-stage/lib/modules/6.18.44-Unraid/kernel/drivers/platform/x86/mxm-wmi.ko
  XZ      /home/lain/codex/i915/my-unraid-kernel/build/modules-stage/lib/modules/6.18.44-Unraid/kernel/drivers/platform/x86/mxm-wmi.ko.xz
  INSTALL /home/lain/codex/i915/my-unraid-kernel/build/modules-stage/lib/modules/6.18.44-Unraid/kernel/drivers/platform/x86/gigabyte-wmi.ko
  XZ      /home/lain/codex/i915/my-unraid-kernel/build/modules-stage/lib/modules/6.18.44-Unraid/kernel/drivers/platform/x86/gigabyte-wmi.ko.xz
  INSTALL /home/lain/codex/i915/my-unraid-kernel/build/modules-stage/lib/modules/6.18.44-Unraid/kernel/drivers/powercap/intel_rapl_common.ko
  XZ      /home/lain/codex/i915/my-unraid-kernel/build/modules-stage/lib/modules/6.18.44-Unraid/kernel/drivers/powercap/intel_rapl_common.ko.xz
  INSTALL /home/lain/codex/i915/my-unraid-kernel/build/modules-stage/lib/modules/6.18.44-Unraid/kernel/drivers/powercap/intel_rapl_msr.ko
  XZ      /home/lain/codex/i915/my-unraid-kernel/build/modules-stage/lib/modules/6.18.44-Unraid/kernel/drivers/powercap/intel_rapl_msr.ko.xz
  INSTALL /home/lain/codex/i915/my-unraid-kernel/build/modules-stage/lib/modules/6.18.44-Unraid/kernel/drivers/accel/amdxdna/amdxdna.ko
  XZ      /home/lain/codex/i915/my-unraid-kernel/build/modules-stage/lib/modules/6.18.44-Unraid/kernel/drivers/accel/amdxdna/amdxdna.ko.xz
  INSTALL /home/lain/codex/i915/my-unraid-kernel/build/modules-stage/lib/modules/6.18.44-Unraid/kernel/drivers/accel/habanalabs/habanalabs.ko
  XZ      /home/lain/codex/i915/my-unraid-kernel/build/modules-stage/lib/modules/6.18.44-Unraid/kernel/drivers/accel/habanalabs/habanalabs.ko.xz
  INSTALL /home/lain/codex/i915/my-unraid-kernel/build/modules-stage/lib/modules/6.18.44-Unraid/kernel/drivers/accel/ivpu/intel_vpu.ko
  XZ      /home/lain/codex/i915/my-unraid-kernel/build/modules-stage/lib/modules/6.18.44-Unraid/kernel/drivers/accel/ivpu/intel_vpu.ko.xz
  INSTALL /home/lain/codex/i915/my-unraid-kernel/build/modules-stage/lib/modules/6.18.44-Unraid/kernel/drivers/accel/qaic/qaic.ko
  XZ      /home/lain/codex/i915/my-unraid-kernel/build/modules-stage/lib/modules/6.18.44-Unraid/kernel/drivers/accel/qaic/qaic.ko.xz
  INSTALL /home/lain/codex/i915/my-unraid-kernel/build/modules-stage/lib/modules/6.18.44-Unraid/kernel/drivers/bluetooth/hci_vhci.ko
  XZ      /home/lain/codex/i915/my-unraid-kernel/build/modules-stage/lib/modules/6.18.44-Unraid/kernel/drivers/bluetooth/hci_vhci.ko.xz
  INSTALL /home/lain/codex/i915/my-unraid-kernel/build/modules-stage/lib/modules/6.18.44-Unraid/kernel/drivers/bluetooth/hci_uart.ko
  XZ      /home/lain/codex/i915/my-unraid-kernel/build/modules-stage/lib/modules/6.18.44-Unraid/kernel/drivers/bluetooth/hci_uart.ko.xz
  INSTALL /home/lain/codex/i915/my-unraid-kernel/build/modules-stage/lib/modules/6.18.44-Unraid/kernel/drivers/bluetooth/bcm203x.ko
  XZ      /home/lain/codex/i915/my-unraid-kernel/build/modules-stage/lib/modules/6.18.44-Unraid/kernel/drivers/bluetooth/bcm203x.ko.xz
  INSTALL /home/lain/codex/i915/my-unraid-kernel/build/modules-stage/lib/modules/6.18.44-Unraid/kernel/drivers/bluetooth/bpa10x.ko
  XZ      /home/lain/codex/i915/my-unraid-kernel/build/modules-stage/lib/modules/6.18.44-Unraid/kernel/drivers/bluetooth/bpa10x.ko.xz
  INSTALL /home/lain/codex/i915/my-unraid-kernel/build/modules-stage/lib/modules/6.18.44-Unraid/kernel/drivers/bluetooth/btusb.ko
  XZ      /home/lain/codex/i915/my-unraid-kernel/build/modules-stage/lib/modules/6.18.44-Unraid/kernel/drivers/bluetooth/btusb.ko.xz
  INSTALL /home/lain/codex/i915/my-unraid-kernel/build/modules-stage/lib/modules/6.18.44-Unraid/kernel/drivers/bluetooth/btintel.ko
  XZ      /home/lain/codex/i915/my-unraid-kernel/build/modules-stage/lib/modules/6.18.44-Unraid/kernel/drivers/bluetooth/btintel.ko.xz
  INSTALL /home/lain/codex/i915/my-unraid-kernel/build/modules-stage/lib/modules/6.18.44-Unraid/kernel/drivers/bluetooth/ath3k.ko
  XZ      /home/lain/codex/i915/my-unraid-kernel/build/modules-stage/lib/modules/6.18.44-Unraid/kernel/drivers/bluetooth/ath3k.ko.xz
  INSTALL /home/lain/codex/i915/my-unraid-kernel/build/modules-stage/lib/modules/6.18.44-Unraid/kernel/drivers/bluetooth/btmrvl.ko
  XZ      /home/lain/codex/i915/my-unraid-kernel/build/modules-stage/lib/modules/6.18.44-Unraid/kernel/drivers/bluetooth/btmrvl.ko.xz
  INSTALL /home/lain/codex/i915/my-unraid-kernel/build/modules-stage/lib/modules/6.18.44-Unraid/kernel/drivers/bluetooth/btbcm.ko
  XZ      /home/lain/codex/i915/my-unraid-kernel/build/modules-stage/lib/modules/6.18.44-Unraid/kernel/drivers/bluetooth/btbcm.ko.xz
  INSTALL /home/lain/codex/i915/my-unraid-kernel/build/modules-stage/lib/modules/6.18.44-Unraid/kernel/drivers/bluetooth/btrtl.ko
  XZ      /home/lain/codex/i915/my-unraid-kernel/build/modules-stage/lib/modules/6.18.44-Unraid/kernel/drivers/bluetooth/btrtl.ko.xz
  INSTALL /home/lain/codex/i915/my-unraid-kernel/build/modules-stage/lib/modules/6.18.44-Unraid/kernel/drivers/edac/edac_core.ko
  XZ      /home/lain/codex/i915/my-unraid-kernel/build/modules-stage/lib/modules/6.18.44-Unraid/kernel/drivers/edac/edac_core.ko.xz
  INSTALL /home/lain/codex/i915/my-unraid-kernel/build/modules-stage/lib/modules/6.18.44-Unraid/kernel/drivers/edac/edac_mce_amd.ko
  XZ      /home/lain/codex/i915/my-unraid-kernel/build/modules-stage/lib/modules/6.18.44-Unraid/kernel/drivers/edac/edac_mce_amd.ko.xz
  INSTALL /home/lain/codex/i915/my-unraid-kernel/build/modules-stage/lib/modules/6.18.44-Unraid/kernel/drivers/edac/i5100_edac.ko
  XZ      /home/lain/codex/i915/my-unraid-kernel/build/modules-stage/lib/modules/6.18.44-Unraid/kernel/drivers/edac/i5100_edac.ko.xz
  INSTALL /home/lain/codex/i915/my-unraid-kernel/build/modules-stage/lib/modules/6.18.44-Unraid/kernel/drivers/edac/i5400_edac.ko
  XZ      /home/lain/codex/i915/my-unraid-kernel/build/modules-stage/lib/modules/6.18.44-Unraid/kernel/drivers/edac/i5400_edac.ko.xz
  INSTALL /home/lain/codex/i915/my-unraid-kernel/build/modules-stage/lib/modules/6.18.44-Unraid/kernel/drivers/edac/i7300_edac.ko
  XZ      /home/lain/codex/i915/my-unraid-kernel/build/modules-stage/lib/modules/6.18.44-Unraid/kernel/drivers/edac/i7300_edac.ko.xz
  INSTALL /home/lain/codex/i915/my-unraid-kernel/build/modules-stage/lib/modules/6.18.44-Unraid/kernel/drivers/edac/i7core_edac.ko
  XZ      /home/lain/codex/i915/my-unraid-kernel/build/modules-stage/lib/modules/6.18.44-Unraid/kernel/drivers/edac/i7core_edac.ko.xz
  INSTALL /home/lain/codex/i915/my-unraid-kernel/build/modules-stage/lib/modules/6.18.44-Unraid/kernel/drivers/edac/sb_edac.ko
  XZ      /home/lain/codex/i915/my-unraid-kernel/build/modules-stage/lib/modules/6.18.44-Unraid/kernel/drivers/edac/sb_edac.ko.xz
  INSTALL /home/lain/codex/i915/my-unraid-kernel/build/modules-stage/lib/modules/6.18.44-Unraid/kernel/drivers/edac/pnd2_edac.ko
  XZ      /home/lain/codex/i915/my-unraid-kernel/build/modules-stage/lib/modules/6.18.44-Unraid/kernel/drivers/edac/pnd2_edac.ko.xz
  INSTALL /home/lain/codex/i915/my-unraid-kernel/build/modules-stage/lib/modules/6.18.44-Unraid/kernel/drivers/edac/igen6_edac.ko
  XZ      /home/lain/codex/i915/my-unraid-kernel/build/modules-stage/lib/modules/6.18.44-Unraid/kernel/drivers/edac/igen6_edac.ko.xz
  INSTALL /home/lain/codex/i915/my-unraid-kernel/build/modules-stage/lib/modules/6.18.44-Unraid/kernel/drivers/edac/e752x_edac.ko
  XZ      /home/lain/codex/i915/my-unraid-kernel/build/modules-stage/lib/modules/6.18.44-Unraid/kernel/drivers/edac/e752x_edac.ko.xz
  INSTALL /home/lain/codex/i915/my-unraid-kernel/build/modules-stage/lib/modules/6.18.44-Unraid/kernel/drivers/edac/i82975x_edac.ko
  XZ      /home/lain/codex/i915/my-unraid-kernel/build/modules-stage/lib/modules/6.18.44-Unraid/kernel/drivers/edac/i82975x_edac.ko.xz
  INSTALL /home/lain/codex/i915/my-unraid-kernel/build/modules-stage/lib/modules/6.18.44-Unraid/kernel/drivers/edac/i3000_edac.ko
  XZ      /home/lain/codex/i915/my-unraid-kernel/build/modules-stage/lib/modules/6.18.44-Unraid/kernel/drivers/edac/i3000_edac.ko.xz
  INSTALL /home/lain/codex/i915/my-unraid-kernel/build/modules-stage/lib/modules/6.18.44-Unraid/kernel/drivers/edac/i3200_edac.ko
  XZ      /home/lain/codex/i915/my-unraid-kernel/build/modules-stage/lib/modules/6.18.44-Unraid/kernel/drivers/edac/i3200_edac.ko.xz
  INSTALL /home/lain/codex/i915/my-unraid-kernel/build/modules-stage/lib/modules/6.18.44-Unraid/kernel/drivers/edac/ie31200_edac.ko
  XZ      /home/lain/codex/i915/my-unraid-kernel/build/modules-stage/lib/modules/6.18.44-Unraid/kernel/drivers/edac/ie31200_edac.ko.xz
  INSTALL /home/lain/codex/i915/my-unraid-kernel/build/modules-stage/lib/modules/6.18.44-Unraid/kernel/drivers/edac/x38_edac.ko
  XZ      /home/lain/codex/i915/my-unraid-kernel/build/modules-stage/lib/modules/6.18.44-Unraid/kernel/drivers/edac/x38_edac.ko.xz
  INSTALL /home/lain/codex/i915/my-unraid-kernel/build/modules-stage/lib/modules/6.18.44-Unraid/kernel/drivers/edac/amd64_edac.ko
  XZ      /home/lain/codex/i915/my-unraid-kernel/build/modules-stage/lib/modules/6.18.44-Unraid/kernel/drivers/edac/amd64_edac.ko.xz
  INSTALL /home/lain/codex/i915/my-unraid-kernel/build/modules-stage/lib/modules/6.18.44-Unraid/kernel/drivers/edac/skx_edac.ko
  XZ      /home/lain/codex/i915/my-unraid-kernel/build/modules-stage/lib/modules/6.18.44-Unraid/kernel/drivers/edac/skx_edac.ko.xz
  INSTALL /home/lain/codex/i915/my-unraid-kernel/build/modules-stage/lib/modules/6.18.44-Unraid/kernel/drivers/edac/skx_edac_common.ko
  XZ      /home/lain/codex/i915/my-unraid-kernel/build/modules-stage/lib/modules/6.18.44-Unraid/kernel/drivers/edac/skx_edac_common.ko.xz
  INSTALL /home/lain/codex/i915/my-unraid-kernel/build/modules-stage/lib/modules/6.18.44-Unraid/kernel/drivers/edac/i10nm_edac.ko
  XZ      /home/lain/codex/i915/my-unraid-kernel/build/modules-stage/lib/modules/6.18.44-Unraid/kernel/drivers/edac/i10nm_edac.ko.xz
  INSTALL /home/lain/codex/i915/my-unraid-kernel/build/modules-stage/lib/modules/6.18.44-Unraid/kernel/drivers/bcma/bcma.ko
  XZ      /home/lain/codex/i915/my-unraid-kernel/build/modules-stage/lib/modules/6.18.44-Unraid/kernel/drivers/bcma/bcma.ko.xz
  INSTALL /home/lain/codex/i915/my-unraid-kernel/build/modules-stage/lib/modules/6.18.44-Unraid/kernel/drivers/vhost/vhost_net.ko
  XZ      /home/lain/codex/i915/my-unraid-kernel/build/modules-stage/lib/modules/6.18.44-Unraid/kernel/drivers/vhost/vhost_net.ko.xz
  INSTALL /home/lain/codex/i915/my-unraid-kernel/build/modules-stage/lib/modules/6.18.44-Unraid/kernel/drivers/vhost/vhost.ko
  XZ      /home/lain/codex/i915/my-unraid-kernel/build/modules-stage/lib/modules/6.18.44-Unraid/kernel/drivers/vhost/vhost.ko.xz
  INSTALL /home/lain/codex/i915/my-unraid-kernel/build/modules-stage/lib/modules/6.18.44-Unraid/kernel/drivers/vhost/vhost_iotlb.ko
  XZ      /home/lain/codex/i915/my-unraid-kernel/build/modules-stage/lib/modules/6.18.44-Unraid/kernel/drivers/vhost/vhost_iotlb.ko.xz
  INSTALL /home/lain/codex/i915/my-unraid-kernel/build/modules-stage/lib/modules/6.18.44-Unraid/kernel/drivers/thunderbolt/thunderbolt.ko
  XZ      /home/lain/codex/i915/my-unraid-kernel/build/modules-stage/lib/modules/6.18.44-Unraid/kernel/drivers/thunderbolt/thunderbolt.ko.xz
  INSTALL /home/lain/codex/i915/my-unraid-kernel/build/modules-stage/lib/modules/6.18.44-Unraid/kernel/sound/soundcore.ko
  XZ      /home/lain/codex/i915/my-unraid-kernel/build/modules-stage/lib/modules/6.18.44-Unraid/kernel/sound/soundcore.ko.xz
  INSTALL /home/lain/codex/i915/my-unraid-kernel/build/modules-stage/lib/modules/6.18.44-Unraid/kernel/sound/core/oss/snd-pcm-oss.ko
  XZ      /home/lain/codex/i915/my-unraid-kernel/build/modules-stage/lib/modules/6.18.44-Unraid/kernel/sound/core/oss/snd-pcm-oss.ko.xz
  INSTALL /home/lain/codex/i915/my-unraid-kernel/build/modules-stage/lib/modules/6.18.44-Unraid/kernel/sound/core/snd.ko
  XZ      /home/lain/codex/i915/my-unraid-kernel/build/modules-stage/lib/modules/6.18.44-Unraid/kernel/sound/core/snd.ko.xz
  INSTALL /home/lain/codex/i915/my-unraid-kernel/build/modules-stage/lib/modules/6.18.44-Unraid/kernel/sound/core/snd-timer.ko
  XZ      /home/lain/codex/i915/my-unraid-kernel/build/modules-stage/lib/modules/6.18.44-Unraid/kernel/sound/core/snd-timer.ko.xz
  INSTALL /home/lain/codex/i915/my-unraid-kernel/build/modules-stage/lib/modules/6.18.44-Unraid/kernel/sound/core/snd-hrtimer.ko
  XZ      /home/lain/codex/i915/my-unraid-kernel/build/modules-stage/lib/modules/6.18.44-Unraid/kernel/sound/core/snd-hrtimer.ko.xz
  INSTALL /home/lain/codex/i915/my-unraid-kernel/build/modules-stage/lib/modules/6.18.44-Unraid/kernel/sound/core/snd-pcm.ko
  XZ      /home/lain/codex/i915/my-unraid-kernel/build/modules-stage/lib/modules/6.18.44-Unraid/kernel/sound/core/snd-pcm.ko.xz
  INSTALL /home/lain/codex/i915/my-unraid-kernel/build/modules-stage/lib/modules/6.18.44-Unraid/kernel/net/core/failover.ko
  XZ      /home/lain/codex/i915/my-unraid-kernel/build/modules-stage/lib/modules/6.18.44-Unraid/kernel/net/core/failover.ko.xz
  INSTALL /home/lain/codex/i915/my-unraid-kernel/build/modules-stage/lib/modules/6.18.44-Unraid/kernel/net/802/psnap.ko
  XZ      /home/lain/codex/i915/my-unraid-kernel/build/modules-stage/lib/modules/6.18.44-Unraid/kernel/net/802/psnap.ko.xz
  INSTALL /home/lain/codex/i915/my-unraid-kernel/build/modules-stage/lib/modules/6.18.44-Unraid/kernel/net/802/stp.ko
  XZ      /home/lain/codex/i915/my-unraid-kernel/build/modules-stage/lib/modules/6.18.44-Unraid/kernel/net/802/stp.ko.xz
  INSTALL /home/lain/codex/i915/my-unraid-kernel/build/modules-stage/lib/modules/6.18.44-Unraid/kernel/net/802/garp.ko
  XZ      /home/lain/codex/i915/my-unraid-kernel/build/modules-stage/lib/modules/6.18.44-Unraid/kernel/net/802/garp.ko.xz
  INSTALL /home/lain/codex/i915/my-unraid-kernel/build/modules-stage/lib/modules/6.18.44-Unraid/kernel/net/802/mrp.ko
  XZ      /home/lain/codex/i915/my-unraid-kernel/build/modules-stage/lib/modules/6.18.44-Unraid/kernel/net/802/mrp.ko.xz
  INSTALL /home/lain/codex/i915/my-unraid-kernel/build/modules-stage/lib/modules/6.18.44-Unraid/kernel/net/sched/act_police.ko
  XZ      /home/lain/codex/i915/my-unraid-kernel/build/modules-stage/lib/modules/6.18.44-Unraid/kernel/net/sched/act_police.ko.xz
  INSTALL /home/lain/codex/i915/my-unraid-kernel/build/modules-stage/lib/modules/6.18.44-Unraid/kernel/net/sched/act_gact.ko
  XZ      /home/lain/codex/i915/my-unraid-kernel/build/modules-stage/lib/modules/6.18.44-Unraid/kernel/net/sched/act_gact.ko.xz
  INSTALL /home/lain/codex/i915/my-unraid-kernel/build/modules-stage/lib/modules/6.18.44-Unraid/kernel/net/sched/act_bpf.ko
  XZ      /home/lain/codex/i915/my-unraid-kernel/build/modules-stage/lib/modules/6.18.44-Unraid/kernel/net/sched/act_bpf.ko.xz
  INSTALL /home/lain/codex/i915/my-unraid-kernel/build/modules-stage/lib/modules/6.18.44-Unraid/kernel/net/sched/sch_ingress.ko
  XZ      /home/lain/codex/i915/my-unraid-kernel/build/modules-stage/lib/modules/6.18.44-Unraid/kernel/net/sched/sch_ingress.ko.xz
  INSTALL /home/lain/codex/i915/my-unraid-kernel/build/modules-stage/lib/modules/6.18.44-Unraid/kernel/net/sched/sch_sfq.ko
  XZ      /home/lain/codex/i915/my-unraid-kernel/build/modules-stage/lib/modules/6.18.44-Unraid/kernel/net/sched/sch_sfq.ko.xz
  INSTALL /home/lain/codex/i915/my-unraid-kernel/build/modules-stage/lib/modules/6.18.44-Unraid/kernel/net/sched/sch_fq_codel.ko
  XZ      /home/lain/codex/i915/my-unraid-kernel/build/modules-stage/lib/modules/6.18.44-Unraid/kernel/net/sched/sch_fq_codel.ko.xz
  INSTALL /home/lain/codex/i915/my-unraid-kernel/build/modules-stage/lib/modules/6.18.44-Unraid/kernel/net/sched/cls_cgroup.ko
  XZ      /home/lain/codex/i915/my-unraid-kernel/build/modules-stage/lib/modules/6.18.44-Unraid/kernel/net/sched/cls_cgroup.ko.xz
  INSTALL /home/lain/codex/i915/my-unraid-kernel/build/modules-stage/lib/modules/6.18.44-Unraid/kernel/net/sched/cls_bpf.ko
  XZ      /home/lain/codex/i915/my-unraid-kernel/build/modules-stage/lib/modules/6.18.44-Unraid/kernel/net/sched/cls_bpf.ko.xz
  INSTALL /home/lain/codex/i915/my-unraid-kernel/build/modules-stage/lib/modules/6.18.44-Unraid/kernel/net/sched/em_ipset.ko
  XZ      /home/lain/codex/i915/my-unraid-kernel/build/modules-stage/lib/modules/6.18.44-Unraid/kernel/net/sched/em_ipset.ko.xz
  INSTALL /home/lain/codex/i915/my-unraid-kernel/build/modules-stage/lib/modules/6.18.44-Unraid/kernel/net/netlink/netlink_diag.ko
  XZ      /home/lain/codex/i915/my-unraid-kernel/build/modules-stage/lib/modules/6.18.44-Unraid/kernel/net/netlink/netlink_diag.ko.xz
  INSTALL /home/lain/codex/i915/my-unraid-kernel/build/modules-stage/lib/modules/6.18.44-Unraid/kernel/net/netfilter/nfnetlink.ko
  XZ      /home/lain/codex/i915/my-unraid-kernel/build/modules-stage/lib/modules/6.18.44-Unraid/kernel/net/netfilter/nfnetlink.ko.xz
  INSTALL /home/lain/codex/i915/my-unraid-kernel/build/modules-stage/lib/modules/6.18.44-Unraid/kernel/net/netfilter/nfnetlink_acct.ko
  XZ      /home/lain/codex/i915/my-unraid-kernel/build/modules-stage/lib/modules/6.18.44-Unraid/kernel/net/netfilter/nfnetlink_acct.ko.xz
  INSTALL /home/lain/codex/i915/my-unraid-kernel/build/modules-stage/lib/modules/6.18.44-Unraid/kernel/net/netfilter/nfnetlink_queue.ko
  XZ      /home/lain/codex/i915/my-unraid-kernel/build/modules-stage/lib/modules/6.18.44-Unraid/kernel/net/netfilter/nfnetlink_queue.ko.xz
  INSTALL /home/lain/codex/i915/my-unraid-kernel/build/modules-stage/lib/modules/6.18.44-Unraid/kernel/net/netfilter/nfnetlink_log.ko
  XZ      /home/lain/codex/i915/my-unraid-kernel/build/modules-stage/lib/modules/6.18.44-Unraid/kernel/net/netfilter/nfnetlink_log.ko.xz
  INSTALL /home/lain/codex/i915/my-unraid-kernel/build/modules-stage/lib/modules/6.18.44-Unraid/kernel/net/netfilter/nfnetlink_osf.ko
  XZ      /home/lain/codex/i915/my-unraid-kernel/build/modules-stage/lib/modules/6.18.44-Unraid/kernel/net/netfilter/nfnetlink_osf.ko.xz
  INSTALL /home/lain/codex/i915/my-unraid-kernel/build/modules-stage/lib/modules/6.18.44-Unraid/kernel/net/netfilter/nfnetlink_hook.ko
  XZ      /home/lain/codex/i915/my-unraid-kernel/build/modules-stage/lib/modules/6.18.44-Unraid/kernel/net/netfilter/nfnetlink_hook.ko.xz
  INSTALL /home/lain/codex/i915/my-unraid-kernel/build/modules-stage/lib/modules/6.18.44-Unraid/kernel/net/netfilter/nf_conntrack.ko
  XZ      /home/lain/codex/i915/my-unraid-kernel/build/modules-stage/lib/modules/6.18.44-Unraid/kernel/net/netfilter/nf_conntrack.ko.xz
  INSTALL /home/lain/codex/i915/my-unraid-kernel/build/modules-stage/lib/modules/6.18.44-Unraid/kernel/net/netfilter/nf_conntrack_netlink.ko
  XZ      /home/lain/codex/i915/my-unraid-kernel/build/modules-stage/lib/modules/6.18.44-Unraid/kernel/net/netfilter/nf_conntrack_netlink.ko.xz
  INSTALL /home/lain/codex/i915/my-unraid-kernel/build/modules-stage/lib/modules/6.18.44-Unraid/kernel/net/netfilter/nfnetlink_cttimeout.ko
  XZ      /home/lain/codex/i915/my-unraid-kernel/build/modules-stage/lib/modules/6.18.44-Unraid/kernel/net/netfilter/nfnetlink_cttimeout.ko.xz
  INSTALL /home/lain/codex/i915/my-unraid-kernel/build/modules-stage/lib/modules/6.18.44-Unraid/kernel/net/netfilter/nfnetlink_cthelper.ko
  XZ      /home/lain/codex/i915/my-unraid-kernel/build/modules-stage/lib/modules/6.18.44-Unraid/kernel/net/netfilter/nfnetlink_cthelper.ko.xz
  INSTALL /home/lain/codex/i915/my-unraid-kernel/build/modules-stage/lib/modules/6.18.44-Unraid/kernel/net/netfilter/nf_conntrack_amanda.ko
  XZ      /home/lain/codex/i915/my-unraid-kernel/build/modules-stage/lib/modules/6.18.44-Unraid/kernel/net/netfilter/nf_conntrack_amanda.ko.xz
  INSTALL /home/lain/codex/i915/my-unraid-kernel/build/modules-stage/lib/modules/6.18.44-Unraid/kernel/net/netfilter/nf_conntrack_ftp.ko
  XZ      /home/lain/codex/i915/my-unraid-kernel/build/modules-stage/lib/modules/6.18.44-Unraid/kernel/net/netfilter/nf_conntrack_ftp.ko.xz
  INSTALL /home/lain/codex/i915/my-unraid-kernel/build/modules-stage/lib/modules/6.18.44-Unraid/kernel/net/netfilter/nf_conntrack_h323.ko
  XZ      /home/lain/codex/i915/my-unraid-kernel/build/modules-stage/lib/modules/6.18.44-Unraid/kernel/net/netfilter/nf_conntrack_h323.ko.xz
  INSTALL /home/lain/codex/i915/my-unraid-kernel/build/modules-stage/lib/modules/6.18.44-Unraid/kernel/net/netfilter/nf_conntrack_irc.ko
  XZ      /home/lain/codex/i915/my-unraid-kernel/build/modules-stage/lib/modules/6.18.44-Unraid/kernel/net/netfilter/nf_conntrack_irc.ko.xz
  INSTALL /home/lain/codex/i915/my-unraid-kernel/build/modules-stage/lib/modules/6.18.44-Unraid/kernel/net/netfilter/nf_conntrack_broadcast.ko
  XZ      /home/lain/codex/i915/my-unraid-kernel/build/modules-stage/lib/modules/6.18.44-Unraid/kernel/net/netfilter/nf_conntrack_broadcast.ko.xz
  INSTALL /home/lain/codex/i915/my-unraid-kernel/build/modules-stage/lib/modules/6.18.44-Unraid/kernel/net/netfilter/nf_conntrack_netbios_ns.ko
  XZ      /home/lain/codex/i915/my-unraid-kernel/build/modules-stage/lib/modules/6.18.44-Unraid/kernel/net/netfilter/nf_conntrack_netbios_ns.ko.xz
  INSTALL /home/lain/codex/i915/my-unraid-kernel/build/modules-stage/lib/modules/6.18.44-Unraid/kernel/net/netfilter/nf_conntrack_snmp.ko
  XZ      /home/lain/codex/i915/my-unraid-kernel/build/modules-stage/lib/modules/6.18.44-Unraid/kernel/net/netfilter/nf_conntrack_snmp.ko.xz
  INSTALL /home/lain/codex/i915/my-unraid-kernel/build/modules-stage/lib/modules/6.18.44-Unraid/kernel/net/netfilter/nf_conntrack_pptp.ko
  XZ      /home/lain/codex/i915/my-unraid-kernel/build/modules-stage/lib/modules/6.18.44-Unraid/kernel/net/netfilter/nf_conntrack_pptp.ko.xz
  INSTALL /home/lain/codex/i915/my-unraid-kernel/build/modules-stage/lib/modules/6.18.44-Unraid/kernel/net/netfilter/nf_conntrack_sane.ko
  XZ      /home/lain/codex/i915/my-unraid-kernel/build/modules-stage/lib/modules/6.18.44-Unraid/kernel/net/netfilter/nf_conntrack_sane.ko.xz
  INSTALL /home/lain/codex/i915/my-unraid-kernel/build/modules-stage/lib/modules/6.18.44-Unraid/kernel/net/netfilter/nf_conntrack_sip.ko
  XZ      /home/lain/codex/i915/my-unraid-kernel/build/modules-stage/lib/modules/6.18.44-Unraid/kernel/net/netfilter/nf_conntrack_sip.ko.xz
  INSTALL /home/lain/codex/i915/my-unraid-kernel/build/modules-stage/lib/modules/6.18.44-Unraid/kernel/net/netfilter/nf_conntrack_tftp.ko
  XZ      /home/lain/codex/i915/my-unraid-kernel/build/modules-stage/lib/modules/6.18.44-Unraid/kernel/net/netfilter/nf_conntrack_tftp.ko.xz
  INSTALL /home/lain/codex/i915/my-unraid-kernel/build/modules-stage/lib/modules/6.18.44-Unraid/kernel/net/netfilter/nf_log_syslog.ko
  XZ      /home/lain/codex/i915/my-unraid-kernel/build/modules-stage/lib/modules/6.18.44-Unraid/kernel/net/netfilter/nf_log_syslog.ko.xz
  INSTALL /home/lain/codex/i915/my-unraid-kernel/build/modules-stage/lib/modules/6.18.44-Unraid/kernel/net/netfilter/nf_nat.ko
  XZ      /home/lain/codex/i915/my-unraid-kernel/build/modules-stage/lib/modules/6.18.44-Unraid/kernel/net/netfilter/nf_nat.ko.xz
  INSTALL /home/lain/codex/i915/my-unraid-kernel/build/modules-stage/lib/modules/6.18.44-Unraid/kernel/net/netfilter/nf_nat_amanda.ko
  XZ      /home/lain/codex/i915/my-unraid-kernel/build/modules-stage/lib/modules/6.18.44-Unraid/kernel/net/netfilter/nf_nat_amanda.ko.xz
  INSTALL /home/lain/codex/i915/my-unraid-kernel/build/modules-stage/lib/modules/6.18.44-Unraid/kernel/net/netfilter/nf_nat_ftp.ko
  XZ      /home/lain/codex/i915/my-unraid-kernel/build/modules-stage/lib/modules/6.18.44-Unraid/kernel/net/netfilter/nf_nat_ftp.ko.xz
  INSTALL /home/lain/codex/i915/my-unraid-kernel/build/modules-stage/lib/modules/6.18.44-Unraid/kernel/net/netfilter/nf_nat_irc.ko
  XZ      /home/lain/codex/i915/my-unraid-kernel/build/modules-stage/lib/modules/6.18.44-Unraid/kernel/net/netfilter/nf_nat_irc.ko.xz
  INSTALL /home/lain/codex/i915/my-unraid-kernel/build/modules-stage/lib/modules/6.18.44-Unraid/kernel/net/netfilter/nf_nat_sip.ko
  XZ      /home/lain/codex/i915/my-unraid-kernel/build/modules-stage/lib/modules/6.18.44-Unraid/kernel/net/netfilter/nf_nat_sip.ko.xz
  INSTALL /home/lain/codex/i915/my-unraid-kernel/build/modules-stage/lib/modules/6.18.44-Unraid/kernel/net/netfilter/nf_nat_tftp.ko
  XZ      /home/lain/codex/i915/my-unraid-kernel/build/modules-stage/lib/modules/6.18.44-Unraid/kernel/net/netfilter/nf_nat_tftp.ko.xz
  INSTALL /home/lain/codex/i915/my-unraid-kernel/build/modules-stage/lib/modules/6.18.44-Unraid/kernel/net/netfilter/nf_synproxy_core.ko
  XZ      /home/lain/codex/i915/my-unraid-kernel/build/modules-stage/lib/modules/6.18.44-Unraid/kernel/net/netfilter/nf_synproxy_core.ko.xz
  INSTALL /home/lain/codex/i915/my-unraid-kernel/build/modules-stage/lib/modules/6.18.44-Unraid/kernel/net/netfilter/nf_conncount.ko
  XZ      /home/lain/codex/i915/my-unraid-kernel/build/modules-stage/lib/modules/6.18.44-Unraid/kernel/net/netfilter/nf_conncount.ko.xz
  INSTALL /home/lain/codex/i915/my-unraid-kernel/build/modules-stage/lib/modules/6.18.44-Unraid/kernel/net/netfilter/nf_dup_netdev.ko
  XZ      /home/lain/codex/i915/my-unraid-kernel/build/modules-stage/lib/modules/6.18.44-Unraid/kernel/net/netfilter/nf_dup_netdev.ko.xz
  INSTALL /home/lain/codex/i915/my-unraid-kernel/build/modules-stage/lib/modules/6.18.44-Unraid/kernel/net/netfilter/nf_tables.ko
  XZ      /home/lain/codex/i915/my-unraid-kernel/build/modules-stage/lib/modules/6.18.44-Unraid/kernel/net/netfilter/nf_tables.ko.xz
  INSTALL /home/lain/codex/i915/my-unraid-kernel/build/modules-stage/lib/modules/6.18.44-Unraid/kernel/net/netfilter/nft_compat.ko
  XZ      /home/lain/codex/i915/my-unraid-kernel/build/modules-stage/lib/modules/6.18.44-Unraid/kernel/net/netfilter/nft_compat.ko.xz
  INSTALL /home/lain/codex/i915/my-unraid-kernel/build/modules-stage/lib/modules/6.18.44-Unraid/kernel/net/netfilter/nft_connlimit.ko
  XZ      /home/lain/codex/i915/my-unraid-kernel/build/modules-stage/lib/modules/6.18.44-Unraid/kernel/net/netfilter/nft_connlimit.ko.xz
  INSTALL /home/lain/codex/i915/my-unraid-kernel/build/modules-stage/lib/modules/6.18.44-Unraid/kernel/net/netfilter/nft_numgen.ko
  XZ      /home/lain/codex/i915/my-unraid-kernel/build/modules-stage/lib/modules/6.18.44-Unraid/kernel/net/netfilter/nft_numgen.ko.xz
  INSTALL /home/lain/codex/i915/my-unraid-kernel/build/modules-stage/lib/modules/6.18.44-Unraid/kernel/net/netfilter/nft_ct.ko
  XZ      /home/lain/codex/i915/my-unraid-kernel/build/modules-stage/lib/modules/6.18.44-Unraid/kernel/net/netfilter/nft_ct.ko.xz
  INSTALL /home/lain/codex/i915/my-unraid-kernel/build/modules-stage/lib/modules/6.18.44-Unraid/kernel/net/netfilter/nft_flow_offload.ko
  XZ      /home/lain/codex/i915/my-unraid-kernel/build/modules-stage/lib/modules/6.18.44-Unraid/kernel/net/netfilter/nft_flow_offload.ko.xz
  INSTALL /home/lain/codex/i915/my-unraid-kernel/build/modules-stage/lib/modules/6.18.44-Unraid/kernel/net/netfilter/nft_limit.ko
  XZ      /home/lain/codex/i915/my-unraid-kernel/build/modules-stage/lib/modules/6.18.44-Unraid/kernel/net/netfilter/nft_limit.ko.xz
  INSTALL /home/lain/codex/i915/my-unraid-kernel/build/modules-stage/lib/modules/6.18.44-Unraid/kernel/net/netfilter/nft_nat.ko
  XZ      /home/lain/codex/i915/my-unraid-kernel/build/modules-stage/lib/modules/6.18.44-Unraid/kernel/net/netfilter/nft_nat.ko.xz
  INSTALL /home/lain/codex/i915/my-unraid-kernel/build/modules-stage/lib/modules/6.18.44-Unraid/kernel/net/netfilter/nft_queue.ko
  XZ      /home/lain/codex/i915/my-unraid-kernel/build/modules-stage/lib/modules/6.18.44-Unraid/kernel/net/netfilter/nft_queue.ko.xz
  INSTALL /home/lain/codex/i915/my-unraid-kernel/build/modules-stage/lib/modules/6.18.44-Unraid/kernel/net/netfilter/nft_quota.ko
  XZ      /home/lain/codex/i915/my-unraid-kernel/build/modules-stage/lib/modules/6.18.44-Unraid/kernel/net/netfilter/nft_quota.ko.xz
  INSTALL /home/lain/codex/i915/my-unraid-kernel/build/modules-stage/lib/modules/6.18.44-Unraid/kernel/net/netfilter/nft_reject.ko
  XZ      /home/lain/codex/i915/my-unraid-kernel/build/modules-stage/lib/modules/6.18.44-Unraid/kernel/net/netfilter/nft_reject.ko.xz
  INSTALL /home/lain/codex/i915/my-unraid-kernel/build/modules-stage/lib/modules/6.18.44-Unraid/kernel/net/netfilter/nft_reject_inet.ko
  XZ      /home/lain/codex/i915/my-unraid-kernel/build/modules-stage/lib/modules/6.18.44-Unraid/kernel/net/netfilter/nft_reject_inet.ko.xz
  INSTALL /home/lain/codex/i915/my-unraid-kernel/build/modules-stage/lib/modules/6.18.44-Unraid/kernel/net/netfilter/nft_tunnel.ko
  XZ      /home/lain/codex/i915/my-unraid-kernel/build/modules-stage/lib/modules/6.18.44-Unraid/kernel/net/netfilter/nft_tunnel.ko.xz
  INSTALL /home/lain/codex/i915/my-unraid-kernel/build/modules-stage/lib/modules/6.18.44-Unraid/kernel/net/netfilter/nft_log.ko
  XZ      /home/lain/codex/i915/my-unraid-kernel/build/modules-stage/lib/modules/6.18.44-Unraid/kernel/net/netfilter/nft_log.ko.xz
  INSTALL /home/lain/codex/i915/my-unraid-kernel/build/modules-stage/lib/modules/6.18.44-Unraid/kernel/net/netfilter/nft_masq.ko
  XZ      /home/lain/codex/i915/my-unraid-kernel/build/modules-stage/lib/modules/6.18.44-Unraid/kernel/net/netfilter/nft_masq.ko.xz
  INSTALL /home/lain/codex/i915/my-unraid-kernel/build/modules-stage/lib/modules/6.18.44-Unraid/kernel/net/netfilter/nft_redir.ko
  XZ      /home/lain/codex/i915/my-unraid-kernel/build/modules-stage/lib/modules/6.18.44-Unraid/kernel/net/netfilter/nft_redir.ko.xz
  INSTALL /home/lain/codex/i915/my-unraid-kernel/build/modules-stage/lib/modules/6.18.44-Unraid/kernel/net/netfilter/nft_hash.ko
  XZ      /home/lain/codex/i915/my-unraid-kernel/build/modules-stage/lib/modules/6.18.44-Unraid/kernel/net/netfilter/nft_hash.ko.xz
  INSTALL /home/lain/codex/i915/my-unraid-kernel/build/modules-stage/lib/modules/6.18.44-Unraid/kernel/net/netfilter/nft_fib.ko
  XZ      /home/lain/codex/i915/my-unraid-kernel/build/modules-stage/lib/modules/6.18.44-Unraid/kernel/net/netfilter/nft_fib.ko.xz
  INSTALL /home/lain/codex/i915/my-unraid-kernel/build/modules-stage/lib/modules/6.18.44-Unraid/kernel/net/netfilter/nft_fib_inet.ko
  XZ      /home/lain/codex/i915/my-unraid-kernel/build/modules-stage/lib/modules/6.18.44-Unraid/kernel/net/netfilter/nft_fib_inet.ko.xz
  INSTALL /home/lain/codex/i915/my-unraid-kernel/build/modules-stage/lib/modules/6.18.44-Unraid/kernel/net/netfilter/nft_fib_netdev.ko
  XZ      /home/lain/codex/i915/my-unraid-kernel/build/modules-stage/lib/modules/6.18.44-Unraid/kernel/net/netfilter/nft_fib_netdev.ko.xz
  INSTALL /home/lain/codex/i915/my-unraid-kernel/build/modules-stage/lib/modules/6.18.44-Unraid/kernel/net/netfilter/nft_socket.ko
  XZ      /home/lain/codex/i915/my-unraid-kernel/build/modules-stage/lib/modules/6.18.44-Unraid/kernel/net/netfilter/nft_socket.ko.xz
  INSTALL /home/lain/codex/i915/my-unraid-kernel/build/modules-stage/lib/modules/6.18.44-Unraid/kernel/net/netfilter/nft_osf.ko
  XZ      /home/lain/codex/i915/my-unraid-kernel/build/modules-stage/lib/modules/6.18.44-Unraid/kernel/net/netfilter/nft_osf.ko.xz
  INSTALL /home/lain/codex/i915/my-unraid-kernel/build/modules-stage/lib/modules/6.18.44-Unraid/kernel/net/netfilter/nft_tproxy.ko
  XZ      /home/lain/codex/i915/my-unraid-kernel/build/modules-stage/lib/modules/6.18.44-Unraid/kernel/net/netfilter/nft_tproxy.ko.xz
  INSTALL /home/lain/codex/i915/my-unraid-kernel/build/modules-stage/lib/modules/6.18.44-Unraid/kernel/net/netfilter/nft_xfrm.ko
  XZ      /home/lain/codex/i915/my-unraid-kernel/build/modules-stage/lib/modules/6.18.44-Unraid/kernel/net/netfilter/nft_xfrm.ko.xz
  INSTALL /home/lain/codex/i915/my-unraid-kernel/build/modules-stage/lib/modules/6.18.44-Unraid/kernel/net/netfilter/nft_synproxy.ko
  XZ      /home/lain/codex/i915/my-unraid-kernel/build/modules-stage/lib/modules/6.18.44-Unraid/kernel/net/netfilter/nft_synproxy.ko.xz
  INSTALL /home/lain/codex/i915/my-unraid-kernel/build/modules-stage/lib/modules/6.18.44-Unraid/kernel/net/netfilter/nft_chain_nat.ko
  XZ      /home/lain/codex/i915/my-unraid-kernel/build/modules-stage/lib/modules/6.18.44-Unraid/kernel/net/netfilter/nft_chain_nat.ko.xz
  INSTALL /home/lain/codex/i915/my-unraid-kernel/build/modules-stage/lib/modules/6.18.44-Unraid/kernel/net/netfilter/nft_dup_netdev.ko
  XZ      /home/lain/codex/i915/my-unraid-kernel/build/modules-stage/lib/modules/6.18.44-Unraid/kernel/net/netfilter/nft_dup_netdev.ko.xz
  INSTALL /home/lain/codex/i915/my-unraid-kernel/build/modules-stage/lib/modules/6.18.44-Unraid/kernel/net/netfilter/nft_fwd_netdev.ko
  XZ      /home/lain/codex/i915/my-unraid-kernel/build/modules-stage/lib/modules/6.18.44-Unraid/kernel/net/netfilter/nft_fwd_netdev.ko.xz
  INSTALL /home/lain/codex/i915/my-unraid-kernel/build/modules-stage/lib/modules/6.18.44-Unraid/kernel/net/netfilter/nf_flow_table.ko
  XZ      /home/lain/codex/i915/my-unraid-kernel/build/modules-stage/lib/modules/6.18.44-Unraid/kernel/net/netfilter/nf_flow_table.ko.xz
  INSTALL /home/lain/codex/i915/my-unraid-kernel/build/modules-stage/lib/modules/6.18.44-Unraid/kernel/net/netfilter/nf_flow_table_inet.ko
  XZ      /home/lain/codex/i915/my-unraid-kernel/build/modules-stage/lib/modules/6.18.44-Unraid/kernel/net/netfilter/nf_flow_table_inet.ko.xz
  INSTALL /home/lain/codex/i915/my-unraid-kernel/build/modules-stage/lib/modules/6.18.44-Unraid/kernel/net/netfilter/x_tables.ko
  XZ      /home/lain/codex/i915/my-unraid-kernel/build/modules-stage/lib/modules/6.18.44-Unraid/kernel/net/netfilter/x_tables.ko.xz
  INSTALL /home/lain/codex/i915/my-unraid-kernel/build/modules-stage/lib/modules/6.18.44-Unraid/kernel/net/netfilter/xt_tcpudp.ko
  XZ      /home/lain/codex/i915/my-unraid-kernel/build/modules-stage/lib/modules/6.18.44-Unraid/kernel/net/netfilter/xt_tcpudp.ko.xz
  INSTALL /home/lain/codex/i915/my-unraid-kernel/build/modules-stage/lib/modules/6.18.44-Unraid/kernel/net/netfilter/xt_mark.ko
  XZ      /home/lain/codex/i915/my-unraid-kernel/build/modules-stage/lib/modules/6.18.44-Unraid/kernel/net/netfilter/xt_mark.ko.xz
  INSTALL /home/lain/codex/i915/my-unraid-kernel/build/modules-stage/lib/modules/6.18.44-Unraid/kernel/net/netfilter/xt_connmark.ko
  XZ      /home/lain/codex/i915/my-unraid-kernel/build/modules-stage/lib/modules/6.18.44-Unraid/kernel/net/netfilter/xt_connmark.ko.xz
  INSTALL /home/lain/codex/i915/my-unraid-kernel/build/modules-stage/lib/modules/6.18.44-Unraid/kernel/net/netfilter/xt_set.ko
  XZ      /home/lain/codex/i915/my-unraid-kernel/build/modules-stage/lib/modules/6.18.44-Unraid/kernel/net/netfilter/xt_set.ko.xz
  INSTALL /home/lain/codex/i915/my-unraid-kernel/build/modules-stage/lib/modules/6.18.44-Unraid/kernel/net/netfilter/xt_nat.ko
  XZ      /home/lain/codex/i915/my-unraid-kernel/build/modules-stage/lib/modules/6.18.44-Unraid/kernel/net/netfilter/xt_nat.ko.xz
  INSTALL /home/lain/codex/i915/my-unraid-kernel/build/modules-stage/lib/modules/6.18.44-Unraid/kernel/net/netfilter/xt_CHECKSUM.ko
  XZ      /home/lain/codex/i915/my-unraid-kernel/build/modules-stage/lib/modules/6.18.44-Unraid/kernel/net/netfilter/xt_CHECKSUM.ko.xz
  INSTALL /home/lain/codex/i915/my-unraid-kernel/build/modules-stage/lib/modules/6.18.44-Unraid/kernel/net/netfilter/xt_CLASSIFY.ko
  XZ      /home/lain/codex/i915/my-unraid-kernel/build/modules-stage/lib/modules/6.18.44-Unraid/kernel/net/netfilter/xt_CLASSIFY.ko.xz
  INSTALL /home/lain/codex/i915/my-unraid-kernel/build/modules-stage/lib/modules/6.18.44-Unraid/kernel/net/netfilter/xt_CT.ko
  XZ      /home/lain/codex/i915/my-unraid-kernel/build/modules-stage/lib/modules/6.18.44-Unraid/kernel/net/netfilter/xt_CT.ko.xz
  INSTALL /home/lain/codex/i915/my-unraid-kernel/build/modules-stage/lib/modules/6.18.44-Unraid/kernel/net/netfilter/xt_DSCP.ko
  XZ      /home/lain/codex/i915/my-unraid-kernel/build/modules-stage/lib/modules/6.18.44-Unraid/kernel/net/netfilter/xt_DSCP.ko.xz
  INSTALL /home/lain/codex/i915/my-unraid-kernel/build/modules-stage/lib/modules/6.18.44-Unraid/kernel/net/netfilter/xt_HL.ko
  XZ      /home/lain/codex/i915/my-unraid-kernel/build/modules-stage/lib/modules/6.18.44-Unraid/kernel/net/netfilter/xt_HL.ko.xz
  INSTALL /home/lain/codex/i915/my-unraid-kernel/build/modules-stage/lib/modules/6.18.44-Unraid/kernel/net/netfilter/xt_HMARK.ko
  XZ      /home/lain/codex/i915/my-unraid-kernel/build/modules-stage/lib/modules/6.18.44-Unraid/kernel/net/netfilter/xt_HMARK.ko.xz
  INSTALL /home/lain/codex/i915/my-unraid-kernel/build/modules-stage/lib/modules/6.18.44-Unraid/kernel/net/netfilter/xt_LOG.ko
  XZ      /home/lain/codex/i915/my-unraid-kernel/build/modules-stage/lib/modules/6.18.44-Unraid/kernel/net/netfilter/xt_LOG.ko.xz
  INSTALL /home/lain/codex/i915/my-unraid-kernel/build/modules-stage/lib/modules/6.18.44-Unraid/kernel/net/netfilter/xt_NETMAP.ko
  XZ      /home/lain/codex/i915/my-unraid-kernel/build/modules-stage/lib/modules/6.18.44-Unraid/kernel/net/netfilter/xt_NETMAP.ko.xz
  INSTALL /home/lain/codex/i915/my-unraid-kernel/build/modules-stage/lib/modules/6.18.44-Unraid/kernel/net/netfilter/xt_NFLOG.ko
  XZ      /home/lain/codex/i915/my-unraid-kernel/build/modules-stage/lib/modules/6.18.44-Unraid/kernel/net/netfilter/xt_NFLOG.ko.xz
  INSTALL /home/lain/codex/i915/my-unraid-kernel/build/modules-stage/lib/modules/6.18.44-Unraid/kernel/net/netfilter/xt_NFQUEUE.ko
  XZ      /home/lain/codex/i915/my-unraid-kernel/build/modules-stage/lib/modules/6.18.44-Unraid/kernel/net/netfilter/xt_NFQUEUE.ko.xz
  INSTALL /home/lain/codex/i915/my-unraid-kernel/build/modules-stage/lib/modules/6.18.44-Unraid/kernel/net/netfilter/xt_RATEEST.ko
  XZ      /home/lain/codex/i915/my-unraid-kernel/build/modules-stage/lib/modules/6.18.44-Unraid/kernel/net/netfilter/xt_RATEEST.ko.xz
  INSTALL /home/lain/codex/i915/my-unraid-kernel/build/modules-stage/lib/modules/6.18.44-Unraid/kernel/net/netfilter/xt_REDIRECT.ko
  XZ      /home/lain/codex/i915/my-unraid-kernel/build/modules-stage/lib/modules/6.18.44-Unraid/kernel/net/netfilter/xt_REDIRECT.ko.xz
  INSTALL /home/lain/codex/i915/my-unraid-kernel/build/modules-stage/lib/modules/6.18.44-Unraid/kernel/net/netfilter/xt_MASQUERADE.ko
  XZ      /home/lain/codex/i915/my-unraid-kernel/build/modules-stage/lib/modules/6.18.44-Unraid/kernel/net/netfilter/xt_MASQUERADE.ko.xz
  INSTALL /home/lain/codex/i915/my-unraid-kernel/build/modules-stage/lib/modules/6.18.44-Unraid/kernel/net/netfilter/xt_TPROXY.ko
  XZ      /home/lain/codex/i915/my-unraid-kernel/build/modules-stage/lib/modules/6.18.44-Unraid/kernel/net/netfilter/xt_TPROXY.ko.xz
  INSTALL /home/lain/codex/i915/my-unraid-kernel/build/modules-stage/lib/modules/6.18.44-Unraid/kernel/net/netfilter/xt_TCPMSS.ko
  XZ      /home/lain/codex/i915/my-unraid-kernel/build/modules-stage/lib/modules/6.18.44-Unraid/kernel/net/netfilter/xt_TCPMSS.ko.xz
  INSTALL /home/lain/codex/i915/my-unraid-kernel/build/modules-stage/lib/modules/6.18.44-Unraid/kernel/net/netfilter/xt_TCPOPTSTRIP.ko
  XZ      /home/lain/codex/i915/my-unraid-kernel/build/modules-stage/lib/modules/6.18.44-Unraid/kernel/net/netfilter/xt_TCPOPTSTRIP.ko.xz
  INSTALL /home/lain/codex/i915/my-unraid-kernel/build/modules-stage/lib/modules/6.18.44-Unraid/kernel/net/netfilter/xt_TEE.ko
  XZ      /home/lain/codex/i915/my-unraid-kernel/build/modules-stage/lib/modules/6.18.44-Unraid/kernel/net/netfilter/xt_TEE.ko.xz
  INSTALL /home/lain/codex/i915/my-unraid-kernel/build/modules-stage/lib/modules/6.18.44-Unraid/kernel/net/netfilter/xt_IDLETIMER.ko
  XZ      /home/lain/codex/i915/my-unraid-kernel/build/modules-stage/lib/modules/6.18.44-Unraid/kernel/net/netfilter/xt_IDLETIMER.ko.xz
  INSTALL /home/lain/codex/i915/my-unraid-kernel/build/modules-stage/lib/modules/6.18.44-Unraid/kernel/net/netfilter/xt_addrtype.ko
  XZ      /home/lain/codex/i915/my-unraid-kernel/build/modules-stage/lib/modules/6.18.44-Unraid/kernel/net/netfilter/xt_addrtype.ko.xz
  INSTALL /home/lain/codex/i915/my-unraid-kernel/build/modules-stage/lib/modules/6.18.44-Unraid/kernel/net/netfilter/xt_bpf.ko
  XZ      /home/lain/codex/i915/my-unraid-kernel/build/modules-stage/lib/modules/6.18.44-Unraid/kernel/net/netfilter/xt_bpf.ko.xz
  INSTALL /home/lain/codex/i915/my-unraid-kernel/build/modules-stage/lib/modules/6.18.44-Unraid/kernel/net/netfilter/xt_cluster.ko
  XZ      /home/lain/codex/i915/my-unraid-kernel/build/modules-stage/lib/modules/6.18.44-Unraid/kernel/net/netfilter/xt_cluster.ko.xz
  INSTALL /home/lain/codex/i915/my-unraid-kernel/build/modules-stage/lib/modules/6.18.44-Unraid/kernel/net/netfilter/xt_comment.ko
  XZ      /home/lain/codex/i915/my-unraid-kernel/build/modules-stage/lib/modules/6.18.44-Unraid/kernel/net/netfilter/xt_comment.ko.xz
  INSTALL /home/lain/codex/i915/my-unraid-kernel/build/modules-stage/lib/modules/6.18.44-Unraid/kernel/net/netfilter/xt_connbytes.ko
  XZ      /home/lain/codex/i915/my-unraid-kernel/build/modules-stage/lib/modules/6.18.44-Unraid/kernel/net/netfilter/xt_connbytes.ko.xz
  INSTALL /home/lain/codex/i915/my-unraid-kernel/build/modules-stage/lib/modules/6.18.44-Unraid/kernel/net/netfilter/xt_connlabel.ko
  XZ      /home/lain/codex/i915/my-unraid-kernel/build/modules-stage/lib/modules/6.18.44-Unraid/kernel/net/netfilter/xt_connlabel.ko.xz
  INSTALL /home/lain/codex/i915/my-unraid-kernel/build/modules-stage/lib/modules/6.18.44-Unraid/kernel/net/netfilter/xt_connlimit.ko
  XZ      /home/lain/codex/i915/my-unraid-kernel/build/modules-stage/lib/modules/6.18.44-Unraid/kernel/net/netfilter/xt_connlimit.ko.xz
  INSTALL /home/lain/codex/i915/my-unraid-kernel/build/modules-stage/lib/modules/6.18.44-Unraid/kernel/net/netfilter/xt_conntrack.ko
  XZ      /home/lain/codex/i915/my-unraid-kernel/build/modules-stage/lib/modules/6.18.44-Unraid/kernel/net/netfilter/xt_conntrack.ko.xz
  INSTALL /home/lain/codex/i915/my-unraid-kernel/build/modules-stage/lib/modules/6.18.44-Unraid/kernel/net/netfilter/xt_cpu.ko
  XZ      /home/lain/codex/i915/my-unraid-kernel/build/modules-stage/lib/modules/6.18.44-Unraid/kernel/net/netfilter/xt_cpu.ko.xz
  INSTALL /home/lain/codex/i915/my-unraid-kernel/build/modules-stage/lib/modules/6.18.44-Unraid/kernel/net/netfilter/xt_dccp.ko
  XZ      /home/lain/codex/i915/my-unraid-kernel/build/modules-stage/lib/modules/6.18.44-Unraid/kernel/net/netfilter/xt_dccp.ko.xz
  INSTALL /home/lain/codex/i915/my-unraid-kernel/build/modules-stage/lib/modules/6.18.44-Unraid/kernel/net/netfilter/xt_devgroup.ko
  XZ      /home/lain/codex/i915/my-unraid-kernel/build/modules-stage/lib/modules/6.18.44-Unraid/kernel/net/netfilter/xt_devgroup.ko.xz
  INSTALL /home/lain/codex/i915/my-unraid-kernel/build/modules-stage/lib/modules/6.18.44-Unraid/kernel/net/netfilter/xt_dscp.ko
  XZ      /home/lain/codex/i915/my-unraid-kernel/build/modules-stage/lib/modules/6.18.44-Unraid/kernel/net/netfilter/xt_dscp.ko.xz
  INSTALL /home/lain/codex/i915/my-unraid-kernel/build/modules-stage/lib/modules/6.18.44-Unraid/kernel/net/netfilter/xt_ecn.ko
  XZ      /home/lain/codex/i915/my-unraid-kernel/build/modules-stage/lib/modules/6.18.44-Unraid/kernel/net/netfilter/xt_ecn.ko.xz
  INSTALL /home/lain/codex/i915/my-unraid-kernel/build/modules-stage/lib/modules/6.18.44-Unraid/kernel/net/netfilter/xt_esp.ko
  XZ      /home/lain/codex/i915/my-unraid-kernel/build/modules-stage/lib/modules/6.18.44-Unraid/kernel/net/netfilter/xt_esp.ko.xz
  INSTALL /home/lain/codex/i915/my-unraid-kernel/build/modules-stage/lib/modules/6.18.44-Unraid/kernel/net/netfilter/xt_hashlimit.ko
  XZ      /home/lain/codex/i915/my-unraid-kernel/build/modules-stage/lib/modules/6.18.44-Unraid/kernel/net/netfilter/xt_hashlimit.ko.xz
  INSTALL /home/lain/codex/i915/my-unraid-kernel/build/modules-stage/lib/modules/6.18.44-Unraid/kernel/net/netfilter/xt_helper.ko
  XZ      /home/lain/codex/i915/my-unraid-kernel/build/modules-stage/lib/modules/6.18.44-Unraid/kernel/net/netfilter/xt_helper.ko.xz
  INSTALL /home/lain/codex/i915/my-unraid-kernel/build/modules-stage/lib/modules/6.18.44-Unraid/kernel/net/netfilter/xt_hl.ko
  XZ      /home/lain/codex/i915/my-unraid-kernel/build/modules-stage/lib/modules/6.18.44-Unraid/kernel/net/netfilter/xt_hl.ko.xz
  INSTALL /home/lain/codex/i915/my-unraid-kernel/build/modules-stage/lib/modules/6.18.44-Unraid/kernel/net/netfilter/xt_ipcomp.ko
  XZ      /home/lain/codex/i915/my-unraid-kernel/build/modules-stage/lib/modules/6.18.44-Unraid/kernel/net/netfilter/xt_ipcomp.ko.xz
  INSTALL /home/lain/codex/i915/my-unraid-kernel/build/modules-stage/lib/modules/6.18.44-Unraid/kernel/net/netfilter/xt_iprange.ko
  XZ      /home/lain/codex/i915/my-unraid-kernel/build/modules-stage/lib/modules/6.18.44-Unraid/kernel/net/netfilter/xt_iprange.ko.xz
  INSTALL /home/lain/codex/i915/my-unraid-kernel/build/modules-stage/lib/modules/6.18.44-Unraid/kernel/net/netfilter/xt_ipvs.ko
  XZ      /home/lain/codex/i915/my-unraid-kernel/build/modules-stage/lib/modules/6.18.44-Unraid/kernel/net/netfilter/xt_ipvs.ko.xz
  INSTALL /home/lain/codex/i915/my-unraid-kernel/build/modules-stage/lib/modules/6.18.44-Unraid/kernel/net/netfilter/xt_l2tp.ko
  XZ      /home/lain/codex/i915/my-unraid-kernel/build/modules-stage/lib/modules/6.18.44-Unraid/kernel/net/netfilter/xt_l2tp.ko.xz
  INSTALL /home/lain/codex/i915/my-unraid-kernel/build/modules-stage/lib/modules/6.18.44-Unraid/kernel/net/netfilter/xt_length.ko
  XZ      /home/lain/codex/i915/my-unraid-kernel/build/modules-stage/lib/modules/6.18.44-Unraid/kernel/net/netfilter/xt_length.ko.xz
  INSTALL /home/lain/codex/i915/my-unraid-kernel/build/modules-stage/lib/modules/6.18.44-Unraid/kernel/net/netfilter/xt_limit.ko
  XZ      /home/lain/codex/i915/my-unraid-kernel/build/modules-stage/lib/modules/6.18.44-Unraid/kernel/net/netfilter/xt_limit.ko.xz
  INSTALL /home/lain/codex/i915/my-unraid-kernel/build/modules-stage/lib/modules/6.18.44-Unraid/kernel/net/netfilter/xt_mac.ko
  XZ      /home/lain/codex/i915/my-unraid-kernel/build/modules-stage/lib/modules/6.18.44-Unraid/kernel/net/netfilter/xt_mac.ko.xz
  INSTALL /home/lain/codex/i915/my-unraid-kernel/build/modules-stage/lib/modules/6.18.44-Unraid/kernel/net/netfilter/xt_multiport.ko
  XZ      /home/lain/codex/i915/my-unraid-kernel/build/modules-stage/lib/modules/6.18.44-Unraid/kernel/net/netfilter/xt_multiport.ko.xz
  INSTALL /home/lain/codex/i915/my-unraid-kernel/build/modules-stage/lib/modules/6.18.44-Unraid/kernel/net/netfilter/xt_nfacct.ko
  XZ      /home/lain/codex/i915/my-unraid-kernel/build/modules-stage/lib/modules/6.18.44-Unraid/kernel/net/netfilter/xt_nfacct.ko.xz
  INSTALL /home/lain/codex/i915/my-unraid-kernel/build/modules-stage/lib/modules/6.18.44-Unraid/kernel/net/netfilter/xt_osf.ko
  XZ      /home/lain/codex/i915/my-unraid-kernel/build/modules-stage/lib/modules/6.18.44-Unraid/kernel/net/netfilter/xt_osf.ko.xz
  INSTALL /home/lain/codex/i915/my-unraid-kernel/build/modules-stage/lib/modules/6.18.44-Unraid/kernel/net/netfilter/xt_owner.ko
  XZ      /home/lain/codex/i915/my-unraid-kernel/build/modules-stage/lib/modules/6.18.44-Unraid/kernel/net/netfilter/xt_owner.ko.xz
  INSTALL /home/lain/codex/i915/my-unraid-kernel/build/modules-stage/lib/modules/6.18.44-Unraid/kernel/net/netfilter/xt_cgroup.ko
  XZ      /home/lain/codex/i915/my-unraid-kernel/build/modules-stage/lib/modules/6.18.44-Unraid/kernel/net/netfilter/xt_cgroup.ko.xz
  INSTALL /home/lain/codex/i915/my-unraid-kernel/build/modules-stage/lib/modules/6.18.44-Unraid/kernel/net/netfilter/xt_physdev.ko
  XZ      /home/lain/codex/i915/my-unraid-kernel/build/modules-stage/lib/modules/6.18.44-Unraid/kernel/net/netfilter/xt_physdev.ko.xz
  INSTALL /home/lain/codex/i915/my-unraid-kernel/build/modules-stage/lib/modules/6.18.44-Unraid/kernel/net/netfilter/xt_pkttype.ko
  XZ      /home/lain/codex/i915/my-unraid-kernel/build/modules-stage/lib/modules/6.18.44-Unraid/kernel/net/netfilter/xt_pkttype.ko.xz
  INSTALL /home/lain/codex/i915/my-unraid-kernel/build/modules-stage/lib/modules/6.18.44-Unraid/kernel/net/netfilter/xt_policy.ko
  XZ      /home/lain/codex/i915/my-unraid-kernel/build/modules-stage/lib/modules/6.18.44-Unraid/kernel/net/netfilter/xt_policy.ko.xz
  INSTALL /home/lain/codex/i915/my-unraid-kernel/build/modules-stage/lib/modules/6.18.44-Unraid/kernel/net/netfilter/xt_quota.ko
  XZ      /home/lain/codex/i915/my-unraid-kernel/build/modules-stage/lib/modules/6.18.44-Unraid/kernel/net/netfilter/xt_quota.ko.xz
  INSTALL /home/lain/codex/i915/my-unraid-kernel/build/modules-stage/lib/modules/6.18.44-Unraid/kernel/net/netfilter/xt_rateest.ko
  XZ      /home/lain/codex/i915/my-unraid-kernel/build/modules-stage/lib/modules/6.18.44-Unraid/kernel/net/netfilter/xt_rateest.ko.xz
  INSTALL /home/lain/codex/i915/my-unraid-kernel/build/modules-stage/lib/modules/6.18.44-Unraid/kernel/net/netfilter/xt_realm.ko
  XZ      /home/lain/codex/i915/my-unraid-kernel/build/modules-stage/lib/modules/6.18.44-Unraid/kernel/net/netfilter/xt_realm.ko.xz
  INSTALL /home/lain/codex/i915/my-unraid-kernel/build/modules-stage/lib/modules/6.18.44-Unraid/kernel/net/netfilter/xt_recent.ko
  XZ      /home/lain/codex/i915/my-unraid-kernel/build/modules-stage/lib/modules/6.18.44-Unraid/kernel/net/netfilter/xt_recent.ko.xz
  INSTALL /home/lain/codex/i915/my-unraid-kernel/build/modules-stage/lib/modules/6.18.44-Unraid/kernel/net/netfilter/xt_sctp.ko
  XZ      /home/lain/codex/i915/my-unraid-kernel/build/modules-stage/lib/modules/6.18.44-Unraid/kernel/net/netfilter/xt_sctp.ko.xz
  INSTALL /home/lain/codex/i915/my-unraid-kernel/build/modules-stage/lib/modules/6.18.44-Unraid/kernel/net/netfilter/xt_socket.ko
  XZ      /home/lain/codex/i915/my-unraid-kernel/build/modules-stage/lib/modules/6.18.44-Unraid/kernel/net/netfilter/xt_socket.ko.xz
  INSTALL /home/lain/codex/i915/my-unraid-kernel/build/modules-stage/lib/modules/6.18.44-Unraid/kernel/net/netfilter/xt_state.ko
  XZ      /home/lain/codex/i915/my-unraid-kernel/build/modules-stage/lib/modules/6.18.44-Unraid/kernel/net/netfilter/xt_state.ko.xz
  INSTALL /home/lain/codex/i915/my-unraid-kernel/build/modules-stage/lib/modules/6.18.44-Unraid/kernel/net/netfilter/xt_statistic.ko
  XZ      /home/lain/codex/i915/my-unraid-kernel/build/modules-stage/lib/modules/6.18.44-Unraid/kernel/net/netfilter/xt_statistic.ko.xz
  INSTALL /home/lain/codex/i915/my-unraid-kernel/build/modules-stage/lib/modules/6.18.44-Unraid/kernel/net/netfilter/xt_string.ko
  XZ      /home/lain/codex/i915/my-unraid-kernel/build/modules-stage/lib/modules/6.18.44-Unraid/kernel/net/netfilter/xt_string.ko.xz
  INSTALL /home/lain/codex/i915/my-unraid-kernel/build/modules-stage/lib/modules/6.18.44-Unraid/kernel/net/netfilter/xt_tcpmss.ko
  XZ      /home/lain/codex/i915/my-unraid-kernel/build/modules-stage/lib/modules/6.18.44-Unraid/kernel/net/netfilter/xt_tcpmss.ko.xz
  INSTALL /home/lain/codex/i915/my-unraid-kernel/build/modules-stage/lib/modules/6.18.44-Unraid/kernel/net/netfilter/xt_time.ko
  XZ      /home/lain/codex/i915/my-unraid-kernel/build/modules-stage/lib/modules/6.18.44-Unraid/kernel/net/netfilter/xt_time.ko.xz
  INSTALL /home/lain/codex/i915/my-unraid-kernel/build/modules-stage/lib/modules/6.18.44-Unraid/kernel/net/netfilter/xt_u32.ko
  XZ      /home/lain/codex/i915/my-unraid-kernel/build/modules-stage/lib/modules/6.18.44-Unraid/kernel/net/netfilter/xt_u32.ko.xz
  INSTALL /home/lain/codex/i915/my-unraid-kernel/build/modules-stage/lib/modules/6.18.44-Unraid/kernel/net/netfilter/ipset/ip_set.ko
  XZ      /home/lain/codex/i915/my-unraid-kernel/build/modules-stage/lib/modules/6.18.44-Unraid/kernel/net/netfilter/ipset/ip_set.ko.xz
  INSTALL /home/lain/codex/i915/my-unraid-kernel/build/modules-stage/lib/modules/6.18.44-Unraid/kernel/net/netfilter/ipset/ip_set_bitmap_ip.ko
  XZ      /home/lain/codex/i915/my-unraid-kernel/build/modules-stage/lib/modules/6.18.44-Unraid/kernel/net/netfilter/ipset/ip_set_bitmap_ip.ko.xz
  INSTALL /home/lain/codex/i915/my-unraid-kernel/build/modules-stage/lib/modules/6.18.44-Unraid/kernel/net/netfilter/ipset/ip_set_bitmap_ipmac.ko
  XZ      /home/lain/codex/i915/my-unraid-kernel/build/modules-stage/lib/modules/6.18.44-Unraid/kernel/net/netfilter/ipset/ip_set_bitmap_ipmac.ko.xz
  INSTALL /home/lain/codex/i915/my-unraid-kernel/build/modules-stage/lib/modules/6.18.44-Unraid/kernel/net/netfilter/ipset/ip_set_bitmap_port.ko
  XZ      /home/lain/codex/i915/my-unraid-kernel/build/modules-stage/lib/modules/6.18.44-Unraid/kernel/net/netfilter/ipset/ip_set_bitmap_port.ko.xz
  INSTALL /home/lain/codex/i915/my-unraid-kernel/build/modules-stage/lib/modules/6.18.44-Unraid/kernel/net/netfilter/ipset/ip_set_hash_ip.ko
  XZ      /home/lain/codex/i915/my-unraid-kernel/build/modules-stage/lib/modules/6.18.44-Unraid/kernel/net/netfilter/ipset/ip_set_hash_ip.ko.xz
  INSTALL /home/lain/codex/i915/my-unraid-kernel/build/modules-stage/lib/modules/6.18.44-Unraid/kernel/net/netfilter/ipset/ip_set_hash_ipmac.ko
  XZ      /home/lain/codex/i915/my-unraid-kernel/build/modules-stage/lib/modules/6.18.44-Unraid/kernel/net/netfilter/ipset/ip_set_hash_ipmac.ko.xz
  INSTALL /home/lain/codex/i915/my-unraid-kernel/build/modules-stage/lib/modules/6.18.44-Unraid/kernel/net/netfilter/ipset/ip_set_hash_ipmark.ko
  XZ      /home/lain/codex/i915/my-unraid-kernel/build/modules-stage/lib/modules/6.18.44-Unraid/kernel/net/netfilter/ipset/ip_set_hash_ipmark.ko.xz
  INSTALL /home/lain/codex/i915/my-unraid-kernel/build/modules-stage/lib/modules/6.18.44-Unraid/kernel/net/netfilter/ipset/ip_set_hash_ipport.ko
  XZ      /home/lain/codex/i915/my-unraid-kernel/build/modules-stage/lib/modules/6.18.44-Unraid/kernel/net/netfilter/ipset/ip_set_hash_ipport.ko.xz
  INSTALL /home/lain/codex/i915/my-unraid-kernel/build/modules-stage/lib/modules/6.18.44-Unraid/kernel/net/netfilter/ipset/ip_set_hash_ipportip.ko
  XZ      /home/lain/codex/i915/my-unraid-kernel/build/modules-stage/lib/modules/6.18.44-Unraid/kernel/net/netfilter/ipset/ip_set_hash_ipportip.ko.xz
  INSTALL /home/lain/codex/i915/my-unraid-kernel/build/modules-stage/lib/modules/6.18.44-Unraid/kernel/net/netfilter/ipset/ip_set_hash_ipportnet.ko
  XZ      /home/lain/codex/i915/my-unraid-kernel/build/modules-stage/lib/modules/6.18.44-Unraid/kernel/net/netfilter/ipset/ip_set_hash_ipportnet.ko.xz
  INSTALL /home/lain/codex/i915/my-unraid-kernel/build/modules-stage/lib/modules/6.18.44-Unraid/kernel/net/netfilter/ipset/ip_set_hash_mac.ko
  XZ      /home/lain/codex/i915/my-unraid-kernel/build/modules-stage/lib/modules/6.18.44-Unraid/kernel/net/netfilter/ipset/ip_set_hash_mac.ko.xz
  INSTALL /home/lain/codex/i915/my-unraid-kernel/build/modules-stage/lib/modules/6.18.44-Unraid/kernel/net/netfilter/ipset/ip_set_hash_net.ko
  XZ      /home/lain/codex/i915/my-unraid-kernel/build/modules-stage/lib/modules/6.18.44-Unraid/kernel/net/netfilter/ipset/ip_set_hash_net.ko.xz
  INSTALL /home/lain/codex/i915/my-unraid-kernel/build/modules-stage/lib/modules/6.18.44-Unraid/kernel/net/netfilter/ipset/ip_set_hash_netport.ko
  XZ      /home/lain/codex/i915/my-unraid-kernel/build/modules-stage/lib/modules/6.18.44-Unraid/kernel/net/netfilter/ipset/ip_set_hash_netport.ko.xz
  INSTALL /home/lain/codex/i915/my-unraid-kernel/build/modules-stage/lib/modules/6.18.44-Unraid/kernel/net/netfilter/ipset/ip_set_hash_netiface.ko
  XZ      /home/lain/codex/i915/my-unraid-kernel/build/modules-stage/lib/modules/6.18.44-Unraid/kernel/net/netfilter/ipset/ip_set_hash_netiface.ko.xz
  INSTALL /home/lain/codex/i915/my-unraid-kernel/build/modules-stage/lib/modules/6.18.44-Unraid/kernel/net/netfilter/ipset/ip_set_hash_netnet.ko
  XZ      /home/lain/codex/i915/my-unraid-kernel/build/modules-stage/lib/modules/6.18.44-Unraid/kernel/net/netfilter/ipset/ip_set_hash_netnet.ko.xz
  INSTALL /home/lain/codex/i915/my-unraid-kernel/build/modules-stage/lib/modules/6.18.44-Unraid/kernel/net/netfilter/ipset/ip_set_hash_netportnet.ko
  XZ      /home/lain/codex/i915/my-unraid-kernel/build/modules-stage/lib/modules/6.18.44-Unraid/kernel/net/netfilter/ipset/ip_set_hash_netportnet.ko.xz
  INSTALL /home/lain/codex/i915/my-unraid-kernel/build/modules-stage/lib/modules/6.18.44-Unraid/kernel/net/netfilter/ipset/ip_set_list_set.ko
  XZ      /home/lain/codex/i915/my-unraid-kernel/build/modules-stage/lib/modules/6.18.44-Unraid/kernel/net/netfilter/ipset/ip_set_list_set.ko.xz
  INSTALL /home/lain/codex/i915/my-unraid-kernel/build/modules-stage/lib/modules/6.18.44-Unraid/kernel/net/netfilter/ipvs/ip_vs.ko
  XZ      /home/lain/codex/i915/my-unraid-kernel/build/modules-stage/lib/modules/6.18.44-Unraid/kernel/net/netfilter/ipvs/ip_vs.ko.xz
  INSTALL /home/lain/codex/i915/my-unraid-kernel/build/modules-stage/lib/modules/6.18.44-Unraid/kernel/net/netfilter/ipvs/ip_vs_rr.ko
  XZ      /home/lain/codex/i915/my-unraid-kernel/build/modules-stage/lib/modules/6.18.44-Unraid/kernel/net/netfilter/ipvs/ip_vs_rr.ko.xz
  INSTALL /home/lain/codex/i915/my-unraid-kernel/build/modules-stage/lib/modules/6.18.44-Unraid/kernel/net/netfilter/ipvs/ip_vs_wrr.ko
  XZ      /home/lain/codex/i915/my-unraid-kernel/build/modules-stage/lib/modules/6.18.44-Unraid/kernel/net/netfilter/ipvs/ip_vs_wrr.ko.xz
  INSTALL /home/lain/codex/i915/my-unraid-kernel/build/modules-stage/lib/modules/6.18.44-Unraid/kernel/net/netfilter/ipvs/ip_vs_lc.ko
  XZ      /home/lain/codex/i915/my-unraid-kernel/build/modules-stage/lib/modules/6.18.44-Unraid/kernel/net/netfilter/ipvs/ip_vs_lc.ko.xz
  INSTALL /home/lain/codex/i915/my-unraid-kernel/build/modules-stage/lib/modules/6.18.44-Unraid/kernel/net/netfilter/ipvs/ip_vs_wlc.ko
  XZ      /home/lain/codex/i915/my-unraid-kernel/build/modules-stage/lib/modules/6.18.44-Unraid/kernel/net/netfilter/ipvs/ip_vs_wlc.ko.xz
  INSTALL /home/lain/codex/i915/my-unraid-kernel/build/modules-stage/lib/modules/6.18.44-Unraid/kernel/net/netfilter/ipvs/ip_vs_fo.ko
  XZ      /home/lain/codex/i915/my-unraid-kernel/build/modules-stage/lib/modules/6.18.44-Unraid/kernel/net/netfilter/ipvs/ip_vs_fo.ko.xz
  INSTALL /home/lain/codex/i915/my-unraid-kernel/build/modules-stage/lib/modules/6.18.44-Unraid/kernel/net/netfilter/ipvs/ip_vs_ovf.ko
  XZ      /home/lain/codex/i915/my-unraid-kernel/build/modules-stage/lib/modules/6.18.44-Unraid/kernel/net/netfilter/ipvs/ip_vs_ovf.ko.xz
  INSTALL /home/lain/codex/i915/my-unraid-kernel/build/modules-stage/lib/modules/6.18.44-Unraid/kernel/net/netfilter/ipvs/ip_vs_lblc.ko
  XZ      /home/lain/codex/i915/my-unraid-kernel/build/modules-stage/lib/modules/6.18.44-Unraid/kernel/net/netfilter/ipvs/ip_vs_lblc.ko.xz
  INSTALL /home/lain/codex/i915/my-unraid-kernel/build/modules-stage/lib/modules/6.18.44-Unraid/kernel/net/netfilter/ipvs/ip_vs_lblcr.ko
  XZ      /home/lain/codex/i915/my-unraid-kernel/build/modules-stage/lib/modules/6.18.44-Unraid/kernel/net/netfilter/ipvs/ip_vs_lblcr.ko.xz
  INSTALL /home/lain/codex/i915/my-unraid-kernel/build/modules-stage/lib/modules/6.18.44-Unraid/kernel/net/netfilter/ipvs/ip_vs_dh.ko
  XZ      /home/lain/codex/i915/my-unraid-kernel/build/modules-stage/lib/modules/6.18.44-Unraid/kernel/net/netfilter/ipvs/ip_vs_dh.ko.xz
  INSTALL /home/lain/codex/i915/my-unraid-kernel/build/modules-stage/lib/modules/6.18.44-Unraid/kernel/net/netfilter/ipvs/ip_vs_sh.ko
  XZ      /home/lain/codex/i915/my-unraid-kernel/build/modules-stage/lib/modules/6.18.44-Unraid/kernel/net/netfilter/ipvs/ip_vs_sh.ko.xz
  INSTALL /home/lain/codex/i915/my-unraid-kernel/build/modules-stage/lib/modules/6.18.44-Unraid/kernel/net/netfilter/ipvs/ip_vs_mh.ko
  XZ      /home/lain/codex/i915/my-unraid-kernel/build/modules-stage/lib/modules/6.18.44-Unraid/kernel/net/netfilter/ipvs/ip_vs_mh.ko.xz
  INSTALL /home/lain/codex/i915/my-unraid-kernel/build/modules-stage/lib/modules/6.18.44-Unraid/kernel/net/netfilter/ipvs/ip_vs_sed.ko
  XZ      /home/lain/codex/i915/my-unraid-kernel/build/modules-stage/lib/modules/6.18.44-Unraid/kernel/net/netfilter/ipvs/ip_vs_sed.ko.xz
  INSTALL /home/lain/codex/i915/my-unraid-kernel/build/modules-stage/lib/modules/6.18.44-Unraid/kernel/net/netfilter/ipvs/ip_vs_nq.ko
  XZ      /home/lain/codex/i915/my-unraid-kernel/build/modules-stage/lib/modules/6.18.44-Unraid/kernel/net/netfilter/ipvs/ip_vs_nq.ko.xz
  INSTALL /home/lain/codex/i915/my-unraid-kernel/build/modules-stage/lib/modules/6.18.44-Unraid/kernel/net/netfilter/ipvs/ip_vs_ftp.ko
  XZ      /home/lain/codex/i915/my-unraid-kernel/build/modules-stage/lib/modules/6.18.44-Unraid/kernel/net/netfilter/ipvs/ip_vs_ftp.ko.xz
  INSTALL /home/lain/codex/i915/my-unraid-kernel/build/modules-stage/lib/modules/6.18.44-Unraid/kernel/net/netfilter/ipvs/ip_vs_pe_sip.ko
  XZ      /home/lain/codex/i915/my-unraid-kernel/build/modules-stage/lib/modules/6.18.44-Unraid/kernel/net/netfilter/ipvs/ip_vs_pe_sip.ko.xz
  INSTALL /home/lain/codex/i915/my-unraid-kernel/build/modules-stage/lib/modules/6.18.44-Unraid/kernel/net/ipv4/netfilter/nf_defrag_ipv4.ko
  XZ      /home/lain/codex/i915/my-unraid-kernel/build/modules-stage/lib/modules/6.18.44-Unraid/kernel/net/ipv4/netfilter/nf_defrag_ipv4.ko.xz
  INSTALL /home/lain/codex/i915/my-unraid-kernel/build/modules-stage/lib/modules/6.18.44-Unraid/kernel/net/ipv4/netfilter/nf_socket_ipv4.ko
  XZ      /home/lain/codex/i915/my-unraid-kernel/build/modules-stage/lib/modules/6.18.44-Unraid/kernel/net/ipv4/netfilter/nf_socket_ipv4.ko.xz
  INSTALL /home/lain/codex/i915/my-unraid-kernel/build/modules-stage/lib/modules/6.18.44-Unraid/kernel/net/ipv4/netfilter/nf_tproxy_ipv4.ko
  XZ      /home/lain/codex/i915/my-unraid-kernel/build/modules-stage/lib/modules/6.18.44-Unraid/kernel/net/ipv4/netfilter/nf_tproxy_ipv4.ko.xz
  INSTALL /home/lain/codex/i915/my-unraid-kernel/build/modules-stage/lib/modules/6.18.44-Unraid/kernel/net/ipv4/netfilter/nf_reject_ipv4.ko
  XZ      /home/lain/codex/i915/my-unraid-kernel/build/modules-stage/lib/modules/6.18.44-Unraid/kernel/net/ipv4/netfilter/nf_reject_ipv4.ko.xz
  INSTALL /home/lain/codex/i915/my-unraid-kernel/build/modules-stage/lib/modules/6.18.44-Unraid/kernel/net/ipv4/netfilter/nf_nat_h323.ko
  XZ      /home/lain/codex/i915/my-unraid-kernel/build/modules-stage/lib/modules/6.18.44-Unraid/kernel/net/ipv4/netfilter/nf_nat_h323.ko.xz
  INSTALL /home/lain/codex/i915/my-unraid-kernel/build/modules-stage/lib/modules/6.18.44-Unraid/kernel/net/ipv4/netfilter/nf_nat_pptp.ko
  XZ      /home/lain/codex/i915/my-unraid-kernel/build/modules-stage/lib/modules/6.18.44-Unraid/kernel/net/ipv4/netfilter/nf_nat_pptp.ko.xz
  INSTALL /home/lain/codex/i915/my-unraid-kernel/build/modules-stage/lib/modules/6.18.44-Unraid/kernel/net/ipv4/netfilter/nf_nat_snmp_basic.ko
  XZ      /home/lain/codex/i915/my-unraid-kernel/build/modules-stage/lib/modules/6.18.44-Unraid/kernel/net/ipv4/netfilter/nf_nat_snmp_basic.ko.xz
  INSTALL /home/lain/codex/i915/my-unraid-kernel/build/modules-stage/lib/modules/6.18.44-Unraid/kernel/net/ipv4/netfilter/nft_reject_ipv4.ko
  XZ      /home/lain/codex/i915/my-unraid-kernel/build/modules-stage/lib/modules/6.18.44-Unraid/kernel/net/ipv4/netfilter/nft_reject_ipv4.ko.xz
  INSTALL /home/lain/codex/i915/my-unraid-kernel/build/modules-stage/lib/modules/6.18.44-Unraid/kernel/net/ipv4/netfilter/nft_fib_ipv4.ko
  XZ      /home/lain/codex/i915/my-unraid-kernel/build/modules-stage/lib/modules/6.18.44-Unraid/kernel/net/ipv4/netfilter/nft_fib_ipv4.ko.xz
  INSTALL /home/lain/codex/i915/my-unraid-kernel/build/modules-stage/lib/modules/6.18.44-Unraid/kernel/net/ipv4/netfilter/nft_dup_ipv4.ko
  XZ      /home/lain/codex/i915/my-unraid-kernel/build/modules-stage/lib/modules/6.18.44-Unraid/kernel/net/ipv4/netfilter/nft_dup_ipv4.ko.xz
  INSTALL /home/lain/codex/i915/my-unraid-kernel/build/modules-stage/lib/modules/6.18.44-Unraid/kernel/net/ipv4/netfilter/ip_tables.ko
  XZ      /home/lain/codex/i915/my-unraid-kernel/build/modules-stage/lib/modules/6.18.44-Unraid/kernel/net/ipv4/netfilter/ip_tables.ko.xz
  INSTALL /home/lain/codex/i915/my-unraid-kernel/build/modules-stage/lib/modules/6.18.44-Unraid/kernel/net/ipv4/netfilter/iptable_filter.ko
  XZ      /home/lain/codex/i915/my-unraid-kernel/build/modules-stage/lib/modules/6.18.44-Unraid/kernel/net/ipv4/netfilter/iptable_filter.ko.xz
  INSTALL /home/lain/codex/i915/my-unraid-kernel/build/modules-stage/lib/modules/6.18.44-Unraid/kernel/net/ipv4/netfilter/iptable_mangle.ko
  XZ      /home/lain/codex/i915/my-unraid-kernel/build/modules-stage/lib/modules/6.18.44-Unraid/kernel/net/ipv4/netfilter/iptable_mangle.ko.xz
  INSTALL /home/lain/codex/i915/my-unraid-kernel/build/modules-stage/lib/modules/6.18.44-Unraid/kernel/net/ipv4/netfilter/iptable_nat.ko
  XZ      /home/lain/codex/i915/my-unraid-kernel/build/modules-stage/lib/modules/6.18.44-Unraid/kernel/net/ipv4/netfilter/iptable_nat.ko.xz
  INSTALL /home/lain/codex/i915/my-unraid-kernel/build/modules-stage/lib/modules/6.18.44-Unraid/kernel/net/ipv4/netfilter/iptable_raw.ko
  XZ      /home/lain/codex/i915/my-unraid-kernel/build/modules-stage/lib/modules/6.18.44-Unraid/kernel/net/ipv4/netfilter/iptable_raw.ko.xz
  INSTALL /home/lain/codex/i915/my-unraid-kernel/build/modules-stage/lib/modules/6.18.44-Unraid/kernel/net/ipv4/netfilter/ipt_ah.ko
  XZ      /home/lain/codex/i915/my-unraid-kernel/build/modules-stage/lib/modules/6.18.44-Unraid/kernel/net/ipv4/netfilter/ipt_ah.ko.xz
  INSTALL /home/lain/codex/i915/my-unraid-kernel/build/modules-stage/lib/modules/6.18.44-Unraid/kernel/net/ipv4/netfilter/ipt_rpfilter.ko
  XZ      /home/lain/codex/i915/my-unraid-kernel/build/modules-stage/lib/modules/6.18.44-Unraid/kernel/net/ipv4/netfilter/ipt_rpfilter.ko.xz
  INSTALL /home/lain/codex/i915/my-unraid-kernel/build/modules-stage/lib/modules/6.18.44-Unraid/kernel/net/ipv4/netfilter/ipt_ECN.ko
  XZ      /home/lain/codex/i915/my-unraid-kernel/build/modules-stage/lib/modules/6.18.44-Unraid/kernel/net/ipv4/netfilter/ipt_ECN.ko.xz
  INSTALL /home/lain/codex/i915/my-unraid-kernel/build/modules-stage/lib/modules/6.18.44-Unraid/kernel/net/ipv4/netfilter/ipt_REJECT.ko
  XZ      /home/lain/codex/i915/my-unraid-kernel/build/modules-stage/lib/modules/6.18.44-Unraid/kernel/net/ipv4/netfilter/ipt_REJECT.ko.xz
  INSTALL /home/lain/codex/i915/my-unraid-kernel/build/modules-stage/lib/modules/6.18.44-Unraid/kernel/net/ipv4/netfilter/ipt_SYNPROXY.ko
  XZ      /home/lain/codex/i915/my-unraid-kernel/build/modules-stage/lib/modules/6.18.44-Unraid/kernel/net/ipv4/netfilter/ipt_SYNPROXY.ko.xz
  INSTALL /home/lain/codex/i915/my-unraid-kernel/build/modules-stage/lib/modules/6.18.44-Unraid/kernel/net/ipv4/netfilter/arpt_mangle.ko
  XZ      /home/lain/codex/i915/my-unraid-kernel/build/modules-stage/lib/modules/6.18.44-Unraid/kernel/net/ipv4/netfilter/arpt_mangle.ko.xz
  INSTALL /home/lain/codex/i915/my-unraid-kernel/build/modules-stage/lib/modules/6.18.44-Unraid/kernel/net/ipv4/netfilter/nf_dup_ipv4.ko
  XZ      /home/lain/codex/i915/my-unraid-kernel/build/modules-stage/lib/modules/6.18.44-Unraid/kernel/net/ipv4/netfilter/nf_dup_ipv4.ko.xz
  INSTALL /home/lain/codex/i915/my-unraid-kernel/build/modules-stage/lib/modules/6.18.44-Unraid/kernel/net/ipv4/gre.ko
  XZ      /home/lain/codex/i915/my-unraid-kernel/build/modules-stage/lib/modules/6.18.44-Unraid/kernel/net/ipv4/gre.ko.xz
  INSTALL /home/lain/codex/i915/my-unraid-kernel/build/modules-stage/lib/modules/6.18.44-Unraid/kernel/net/ipv4/ip_gre.ko
  XZ      /home/lain/codex/i915/my-unraid-kernel/build/modules-stage/lib/modules/6.18.44-Unraid/kernel/net/ipv4/ip_gre.ko.xz
  INSTALL /home/lain/codex/i915/my-unraid-kernel/build/modules-stage/lib/modules/6.18.44-Unraid/kernel/net/ipv4/udp_tunnel.ko
  XZ      /home/lain/codex/i915/my-unraid-kernel/build/modules-stage/lib/modules/6.18.44-Unraid/kernel/net/ipv4/udp_tunnel.ko.xz
  INSTALL /home/lain/codex/i915/my-unraid-kernel/build/modules-stage/lib/modules/6.18.44-Unraid/kernel/net/ipv4/ip_vti.ko
  XZ      /home/lain/codex/i915/my-unraid-kernel/build/modules-stage/lib/modules/6.18.44-Unraid/kernel/net/ipv4/ip_vti.ko.xz
  INSTALL /home/lain/codex/i915/my-unraid-kernel/build/modules-stage/lib/modules/6.18.44-Unraid/kernel/net/ipv4/ah4.ko
  XZ      /home/lain/codex/i915/my-unraid-kernel/build/modules-stage/lib/modules/6.18.44-Unraid/kernel/net/ipv4/ah4.ko.xz
  INSTALL /home/lain/codex/i915/my-unraid-kernel/build/modules-stage/lib/modules/6.18.44-Unraid/kernel/net/ipv4/esp4.ko
  XZ      /home/lain/codex/i915/my-unraid-kernel/build/modules-stage/lib/modules/6.18.44-Unraid/kernel/net/ipv4/esp4.ko.xz
  INSTALL /home/lain/codex/i915/my-unraid-kernel/build/modules-stage/lib/modules/6.18.44-Unraid/kernel/net/ipv4/ipcomp.ko
  XZ      /home/lain/codex/i915/my-unraid-kernel/build/modules-stage/lib/modules/6.18.44-Unraid/kernel/net/ipv4/ipcomp.ko.xz
  INSTALL /home/lain/codex/i915/my-unraid-kernel/build/modules-stage/lib/modules/6.18.44-Unraid/kernel/net/ipv4/xfrm4_tunnel.ko
  XZ      /home/lain/codex/i915/my-unraid-kernel/build/modules-stage/lib/modules/6.18.44-Unraid/kernel/net/ipv4/xfrm4_tunnel.ko.xz
  INSTALL /home/lain/codex/i915/my-unraid-kernel/build/modules-stage/lib/modules/6.18.44-Unraid/kernel/net/ipv4/inet_diag.ko
  XZ      /home/lain/codex/i915/my-unraid-kernel/build/modules-stage/lib/modules/6.18.44-Unraid/kernel/net/ipv4/inet_diag.ko.xz
  INSTALL /home/lain/codex/i915/my-unraid-kernel/build/modules-stage/lib/modules/6.18.44-Unraid/kernel/net/ipv4/tcp_diag.ko
  XZ      /home/lain/codex/i915/my-unraid-kernel/build/modules-stage/lib/modules/6.18.44-Unraid/kernel/net/ipv4/tcp_diag.ko.xz
  INSTALL /home/lain/codex/i915/my-unraid-kernel/build/modules-stage/lib/modules/6.18.44-Unraid/kernel/net/ipv4/udp_diag.ko
  XZ      /home/lain/codex/i915/my-unraid-kernel/build/modules-stage/lib/modules/6.18.44-Unraid/kernel/net/ipv4/udp_diag.ko.xz
  INSTALL /home/lain/codex/i915/my-unraid-kernel/build/modules-stage/lib/modules/6.18.44-Unraid/kernel/net/ipv4/raw_diag.ko
  XZ      /home/lain/codex/i915/my-unraid-kernel/build/modules-stage/lib/modules/6.18.44-Unraid/kernel/net/ipv4/raw_diag.ko.xz
  INSTALL /home/lain/codex/i915/my-unraid-kernel/build/modules-stage/lib/modules/6.18.44-Unraid/kernel/net/ipv4/tcp_bic.ko
  XZ      /home/lain/codex/i915/my-unraid-kernel/build/modules-stage/lib/modules/6.18.44-Unraid/kernel/net/ipv4/tcp_bic.ko.xz
  INSTALL /home/lain/codex/i915/my-unraid-kernel/build/modules-stage/lib/modules/6.18.44-Unraid/kernel/net/ipv4/tcp_cubic.ko
  XZ      /home/lain/codex/i915/my-unraid-kernel/build/modules-stage/lib/modules/6.18.44-Unraid/kernel/net/ipv4/tcp_cubic.ko.xz
  INSTALL /home/lain/codex/i915/my-unraid-kernel/build/modules-stage/lib/modules/6.18.44-Unraid/kernel/net/ipv4/tcp_westwood.ko
  XZ      /home/lain/codex/i915/my-unraid-kernel/build/modules-stage/lib/modules/6.18.44-Unraid/kernel/net/ipv4/tcp_westwood.ko.xz
  INSTALL /home/lain/codex/i915/my-unraid-kernel/build/modules-stage/lib/modules/6.18.44-Unraid/kernel/net/ipv4/tcp_highspeed.ko
  XZ      /home/lain/codex/i915/my-unraid-kernel/build/modules-stage/lib/modules/6.18.44-Unraid/kernel/net/ipv4/tcp_highspeed.ko.xz
  INSTALL /home/lain/codex/i915/my-unraid-kernel/build/modules-stage/lib/modules/6.18.44-Unraid/kernel/net/ipv4/tcp_hybla.ko
  XZ      /home/lain/codex/i915/my-unraid-kernel/build/modules-stage/lib/modules/6.18.44-Unraid/kernel/net/ipv4/tcp_hybla.ko.xz
  INSTALL /home/lain/codex/i915/my-unraid-kernel/build/modules-stage/lib/modules/6.18.44-Unraid/kernel/net/ipv4/tcp_htcp.ko
  XZ      /home/lain/codex/i915/my-unraid-kernel/build/modules-stage/lib/modules/6.18.44-Unraid/kernel/net/ipv4/tcp_htcp.ko.xz
  INSTALL /home/lain/codex/i915/my-unraid-kernel/build/modules-stage/lib/modules/6.18.44-Unraid/kernel/net/ipv4/tcp_vegas.ko
  XZ      /home/lain/codex/i915/my-unraid-kernel/build/modules-stage/lib/modules/6.18.44-Unraid/kernel/net/ipv4/tcp_vegas.ko.xz
  INSTALL /home/lain/codex/i915/my-unraid-kernel/build/modules-stage/lib/modules/6.18.44-Unraid/kernel/net/ipv4/tcp_veno.ko
  XZ      /home/lain/codex/i915/my-unraid-kernel/build/modules-stage/lib/modules/6.18.44-Unraid/kernel/net/ipv4/tcp_veno.ko.xz
  INSTALL /home/lain/codex/i915/my-unraid-kernel/build/modules-stage/lib/modules/6.18.44-Unraid/kernel/net/ipv4/tcp_scalable.ko
  XZ      /home/lain/codex/i915/my-unraid-kernel/build/modules-stage/lib/modules/6.18.44-Unraid/kernel/net/ipv4/tcp_scalable.ko.xz
  INSTALL /home/lain/codex/i915/my-unraid-kernel/build/modules-stage/lib/modules/6.18.44-Unraid/kernel/net/ipv4/tcp_lp.ko
  XZ      /home/lain/codex/i915/my-unraid-kernel/build/modules-stage/lib/modules/6.18.44-Unraid/kernel/net/ipv4/tcp_lp.ko.xz
  INSTALL /home/lain/codex/i915/my-unraid-kernel/build/modules-stage/lib/modules/6.18.44-Unraid/kernel/net/ipv4/tcp_yeah.ko
  XZ      /home/lain/codex/i915/my-unraid-kernel/build/modules-stage/lib/modules/6.18.44-Unraid/kernel/net/ipv4/tcp_yeah.ko.xz
  INSTALL /home/lain/codex/i915/my-unraid-kernel/build/modules-stage/lib/modules/6.18.44-Unraid/kernel/net/ipv4/tcp_illinois.ko
  XZ      /home/lain/codex/i915/my-unraid-kernel/build/modules-stage/lib/modules/6.18.44-Unraid/kernel/net/ipv4/tcp_illinois.ko.xz
  INSTALL /home/lain/codex/i915/my-unraid-kernel/build/modules-stage/lib/modules/6.18.44-Unraid/kernel/net/xfrm/xfrm_algo.ko
  XZ      /home/lain/codex/i915/my-unraid-kernel/build/modules-stage/lib/modules/6.18.44-Unraid/kernel/net/xfrm/xfrm_algo.ko.xz
  INSTALL /home/lain/codex/i915/my-unraid-kernel/build/modules-stage/lib/modules/6.18.44-Unraid/kernel/net/xfrm/xfrm_user.ko
  XZ      /home/lain/codex/i915/my-unraid-kernel/build/modules-stage/lib/modules/6.18.44-Unraid/kernel/net/xfrm/xfrm_user.ko.xz
  INSTALL /home/lain/codex/i915/my-unraid-kernel/build/modules-stage/lib/modules/6.18.44-Unraid/kernel/net/xfrm/xfrm_ipcomp.ko
  XZ      /home/lain/codex/i915/my-unraid-kernel/build/modules-stage/lib/modules/6.18.44-Unraid/kernel/net/xfrm/xfrm_ipcomp.ko.xz
  INSTALL /home/lain/codex/i915/my-unraid-kernel/build/modules-stage/lib/modules/6.18.44-Unraid/kernel/net/unix/unix_diag.ko
  XZ      /home/lain/codex/i915/my-unraid-kernel/build/modules-stage/lib/modules/6.18.44-Unraid/kernel/net/unix/unix_diag.ko.xz
  INSTALL /home/lain/codex/i915/my-unraid-kernel/build/modules-stage/lib/modules/6.18.44-Unraid/kernel/net/ipv6/netfilter/ip6_tables.ko
  XZ      /home/lain/codex/i915/my-unraid-kernel/build/modules-stage/lib/modules/6.18.44-Unraid/kernel/net/ipv6/netfilter/ip6_tables.ko.xz
  INSTALL /home/lain/codex/i915/my-unraid-kernel/build/modules-stage/lib/modules/6.18.44-Unraid/kernel/net/ipv6/netfilter/ip6table_filter.ko
  XZ      /home/lain/codex/i915/my-unraid-kernel/build/modules-stage/lib/modules/6.18.44-Unraid/kernel/net/ipv6/netfilter/ip6table_filter.ko.xz
  INSTALL /home/lain/codex/i915/my-unraid-kernel/build/modules-stage/lib/modules/6.18.44-Unraid/kernel/net/ipv6/netfilter/ip6table_mangle.ko
  XZ      /home/lain/codex/i915/my-unraid-kernel/build/modules-stage/lib/modules/6.18.44-Unraid/kernel/net/ipv6/netfilter/ip6table_mangle.ko.xz
  INSTALL /home/lain/codex/i915/my-unraid-kernel/build/modules-stage/lib/modules/6.18.44-Unraid/kernel/net/ipv6/netfilter/ip6table_raw.ko
  XZ      /home/lain/codex/i915/my-unraid-kernel/build/modules-stage/lib/modules/6.18.44-Unraid/kernel/net/ipv6/netfilter/ip6table_raw.ko.xz
  INSTALL /home/lain/codex/i915/my-unraid-kernel/build/modules-stage/lib/modules/6.18.44-Unraid/kernel/net/ipv6/netfilter/ip6table_nat.ko
  XZ      /home/lain/codex/i915/my-unraid-kernel/build/modules-stage/lib/modules/6.18.44-Unraid/kernel/net/ipv6/netfilter/ip6table_nat.ko.xz
  INSTALL /home/lain/codex/i915/my-unraid-kernel/build/modules-stage/lib/modules/6.18.44-Unraid/kernel/net/ipv6/netfilter/nf_defrag_ipv6.ko
  XZ      /home/lain/codex/i915/my-unraid-kernel/build/modules-stage/lib/modules/6.18.44-Unraid/kernel/net/ipv6/netfilter/nf_defrag_ipv6.ko.xz
  INSTALL /home/lain/codex/i915/my-unraid-kernel/build/modules-stage/lib/modules/6.18.44-Unraid/kernel/net/ipv6/netfilter/nf_socket_ipv6.ko
  XZ      /home/lain/codex/i915/my-unraid-kernel/build/modules-stage/lib/modules/6.18.44-Unraid/kernel/net/ipv6/netfilter/nf_socket_ipv6.ko.xz
  INSTALL /home/lain/codex/i915/my-unraid-kernel/build/modules-stage/lib/modules/6.18.44-Unraid/kernel/net/ipv6/netfilter/nf_tproxy_ipv6.ko
  XZ      /home/lain/codex/i915/my-unraid-kernel/build/modules-stage/lib/modules/6.18.44-Unraid/kernel/net/ipv6/netfilter/nf_tproxy_ipv6.ko.xz
  INSTALL /home/lain/codex/i915/my-unraid-kernel/build/modules-stage/lib/modules/6.18.44-Unraid/kernel/net/ipv6/netfilter/nf_reject_ipv6.ko
  XZ      /home/lain/codex/i915/my-unraid-kernel/build/modules-stage/lib/modules/6.18.44-Unraid/kernel/net/ipv6/netfilter/nf_reject_ipv6.ko.xz
  INSTALL /home/lain/codex/i915/my-unraid-kernel/build/modules-stage/lib/modules/6.18.44-Unraid/kernel/net/ipv6/netfilter/nf_dup_ipv6.ko
  XZ      /home/lain/codex/i915/my-unraid-kernel/build/modules-stage/lib/modules/6.18.44-Unraid/kernel/net/ipv6/netfilter/nf_dup_ipv6.ko.xz
  INSTALL /home/lain/codex/i915/my-unraid-kernel/build/modules-stage/lib/modules/6.18.44-Unraid/kernel/net/ipv6/netfilter/nft_reject_ipv6.ko
  XZ      /home/lain/codex/i915/my-unraid-kernel/build/modules-stage/lib/modules/6.18.44-Unraid/kernel/net/ipv6/netfilter/nft_reject_ipv6.ko.xz
  INSTALL /home/lain/codex/i915/my-unraid-kernel/build/modules-stage/lib/modules/6.18.44-Unraid/kernel/net/ipv6/netfilter/nft_dup_ipv6.ko
  XZ      /home/lain/codex/i915/my-unraid-kernel/build/modules-stage/lib/modules/6.18.44-Unraid/kernel/net/ipv6/netfilter/nft_dup_ipv6.ko.xz
  INSTALL /home/lain/codex/i915/my-unraid-kernel/build/modules-stage/lib/modules/6.18.44-Unraid/kernel/net/ipv6/netfilter/nft_fib_ipv6.ko
  XZ      /home/lain/codex/i915/my-unraid-kernel/build/modules-stage/lib/modules/6.18.44-Unraid/kernel/net/ipv6/netfilter/nft_fib_ipv6.ko.xz
  INSTALL /home/lain/codex/i915/my-unraid-kernel/build/modules-stage/lib/modules/6.18.44-Unraid/kernel/net/ipv6/netfilter/ip6t_ah.ko
  XZ      /home/lain/codex/i915/my-unraid-kernel/build/modules-stage/lib/modules/6.18.44-Unraid/kernel/net/ipv6/netfilter/ip6t_ah.ko.xz
  INSTALL /home/lain/codex/i915/my-unraid-kernel/build/modules-stage/lib/modules/6.18.44-Unraid/kernel/net/ipv6/netfilter/ip6t_eui64.ko
  XZ      /home/lain/codex/i915/my-unraid-kernel/build/modules-stage/lib/modules/6.18.44-Unraid/kernel/net/ipv6/netfilter/ip6t_eui64.ko.xz
  INSTALL /home/lain/codex/i915/my-unraid-kernel/build/modules-stage/lib/modules/6.18.44-Unraid/kernel/net/ipv6/netfilter/ip6t_frag.ko
  XZ      /home/lain/codex/i915/my-unraid-kernel/build/modules-stage/lib/modules/6.18.44-Unraid/kernel/net/ipv6/netfilter/ip6t_frag.ko.xz
  INSTALL /home/lain/codex/i915/my-unraid-kernel/build/modules-stage/lib/modules/6.18.44-Unraid/kernel/net/ipv6/netfilter/ip6t_ipv6header.ko
  XZ      /home/lain/codex/i915/my-unraid-kernel/build/modules-stage/lib/modules/6.18.44-Unraid/kernel/net/ipv6/netfilter/ip6t_ipv6header.ko.xz
  INSTALL /home/lain/codex/i915/my-unraid-kernel/build/modules-stage/lib/modules/6.18.44-Unraid/kernel/net/ipv6/netfilter/ip6t_mh.ko
  XZ      /home/lain/codex/i915/my-unraid-kernel/build/modules-stage/lib/modules/6.18.44-Unraid/kernel/net/ipv6/netfilter/ip6t_mh.ko.xz
  INSTALL /home/lain/codex/i915/my-unraid-kernel/build/modules-stage/lib/modules/6.18.44-Unraid/kernel/net/ipv6/netfilter/ip6t_hbh.ko
  XZ      /home/lain/codex/i915/my-unraid-kernel/build/modules-stage/lib/modules/6.18.44-Unraid/kernel/net/ipv6/netfilter/ip6t_hbh.ko.xz
  INSTALL /home/lain/codex/i915/my-unraid-kernel/build/modules-stage/lib/modules/6.18.44-Unraid/kernel/net/ipv6/netfilter/ip6t_rpfilter.ko
  XZ      /home/lain/codex/i915/my-unraid-kernel/build/modules-stage/lib/modules/6.18.44-Unraid/kernel/net/ipv6/netfilter/ip6t_rpfilter.ko.xz
  INSTALL /home/lain/codex/i915/my-unraid-kernel/build/modules-stage/lib/modules/6.18.44-Unraid/kernel/net/ipv6/netfilter/ip6t_rt.ko
  XZ      /home/lain/codex/i915/my-unraid-kernel/build/modules-stage/lib/modules/6.18.44-Unraid/kernel/net/ipv6/netfilter/ip6t_rt.ko.xz
  INSTALL /home/lain/codex/i915/my-unraid-kernel/build/modules-stage/lib/modules/6.18.44-Unraid/kernel/net/ipv6/netfilter/ip6t_srh.ko
  XZ      /home/lain/codex/i915/my-unraid-kernel/build/modules-stage/lib/modules/6.18.44-Unraid/kernel/net/ipv6/netfilter/ip6t_srh.ko.xz
  INSTALL /home/lain/codex/i915/my-unraid-kernel/build/modules-stage/lib/modules/6.18.44-Unraid/kernel/net/ipv6/netfilter/ip6t_NPT.ko
  XZ      /home/lain/codex/i915/my-unraid-kernel/build/modules-stage/lib/modules/6.18.44-Unraid/kernel/net/ipv6/netfilter/ip6t_NPT.ko.xz
  INSTALL /home/lain/codex/i915/my-unraid-kernel/build/modules-stage/lib/modules/6.18.44-Unraid/kernel/net/ipv6/netfilter/ip6t_REJECT.ko
  XZ      /home/lain/codex/i915/my-unraid-kernel/build/modules-stage/lib/modules/6.18.44-Unraid/kernel/net/ipv6/netfilter/ip6t_REJECT.ko.xz
  INSTALL /home/lain/codex/i915/my-unraid-kernel/build/modules-stage/lib/modules/6.18.44-Unraid/kernel/net/ipv6/netfilter/ip6t_SYNPROXY.ko
  XZ      /home/lain/codex/i915/my-unraid-kernel/build/modules-stage/lib/modules/6.18.44-Unraid/kernel/net/ipv6/netfilter/ip6t_SYNPROXY.ko.xz
  INSTALL /home/lain/codex/i915/my-unraid-kernel/build/modules-stage/lib/modules/6.18.44-Unraid/kernel/net/ipv6/ah6.ko
  XZ      /home/lain/codex/i915/my-unraid-kernel/build/modules-stage/lib/modules/6.18.44-Unraid/kernel/net/ipv6/ah6.ko.xz
  INSTALL /home/lain/codex/i915/my-unraid-kernel/build/modules-stage/lib/modules/6.18.44-Unraid/kernel/net/ipv6/esp6.ko
  XZ      /home/lain/codex/i915/my-unraid-kernel/build/modules-stage/lib/modules/6.18.44-Unraid/kernel/net/ipv6/esp6.ko.xz
  INSTALL /home/lain/codex/i915/my-unraid-kernel/build/modules-stage/lib/modules/6.18.44-Unraid/kernel/net/ipv6/esp6_offload.ko
  XZ      /home/lain/codex/i915/my-unraid-kernel/build/modules-stage/lib/modules/6.18.44-Unraid/kernel/net/ipv6/esp6_offload.ko.xz
  INSTALL /home/lain/codex/i915/my-unraid-kernel/build/modules-stage/lib/modules/6.18.44-Unraid/kernel/net/ipv6/ipcomp6.ko
  XZ      /home/lain/codex/i915/my-unraid-kernel/build/modules-stage/lib/modules/6.18.44-Unraid/kernel/net/ipv6/ipcomp6.ko.xz
  INSTALL /home/lain/codex/i915/my-unraid-kernel/build/modules-stage/lib/modules/6.18.44-Unraid/kernel/net/ipv6/xfrm6_tunnel.ko
  XZ      /home/lain/codex/i915/my-unraid-kernel/build/modules-stage/lib/modules/6.18.44-Unraid/kernel/net/ipv6/xfrm6_tunnel.ko.xz
  INSTALL /home/lain/codex/i915/my-unraid-kernel/build/modules-stage/lib/modules/6.18.44-Unraid/kernel/net/ipv6/tunnel6.ko
  XZ      /home/lain/codex/i915/my-unraid-kernel/build/modules-stage/lib/modules/6.18.44-Unraid/kernel/net/ipv6/tunnel6.ko.xz
  INSTALL /home/lain/codex/i915/my-unraid-kernel/build/modules-stage/lib/modules/6.18.44-Unraid/kernel/net/ipv6/mip6.ko
  XZ      /home/lain/codex/i915/my-unraid-kernel/build/modules-stage/lib/modules/6.18.44-Unraid/kernel/net/ipv6/mip6.ko.xz
  INSTALL /home/lain/codex/i915/my-unraid-kernel/build/modules-stage/lib/modules/6.18.44-Unraid/kernel/net/ipv6/ila/ila.ko
  XZ      /home/lain/codex/i915/my-unraid-kernel/build/modules-stage/lib/modules/6.18.44-Unraid/kernel/net/ipv6/ila/ila.ko.xz
  INSTALL /home/lain/codex/i915/my-unraid-kernel/build/modules-stage/lib/modules/6.18.44-Unraid/kernel/net/ipv6/ip6_vti.ko
  XZ      /home/lain/codex/i915/my-unraid-kernel/build/modules-stage/lib/modules/6.18.44-Unraid/kernel/net/ipv6/ip6_vti.ko.xz
  INSTALL /home/lain/codex/i915/my-unraid-kernel/build/modules-stage/lib/modules/6.18.44-Unraid/kernel/net/ipv6/sit.ko
  XZ      /home/lain/codex/i915/my-unraid-kernel/build/modules-stage/lib/modules/6.18.44-Unraid/kernel/net/ipv6/sit.ko.xz
  INSTALL /home/lain/codex/i915/my-unraid-kernel/build/modules-stage/lib/modules/6.18.44-Unraid/kernel/net/ipv6/ip6_tunnel.ko
  XZ      /home/lain/codex/i915/my-unraid-kernel/build/modules-stage/lib/modules/6.18.44-Unraid/kernel/net/ipv6/ip6_tunnel.ko.xz
  INSTALL /home/lain/codex/i915/my-unraid-kernel/build/modules-stage/lib/modules/6.18.44-Unraid/kernel/net/ipv6/ip6_gre.ko
  XZ      /home/lain/codex/i915/my-unraid-kernel/build/modules-stage/lib/modules/6.18.44-Unraid/kernel/net/ipv6/ip6_gre.ko.xz
  INSTALL /home/lain/codex/i915/my-unraid-kernel/build/modules-stage/lib/modules/6.18.44-Unraid/kernel/net/ipv6/ip6_udp_tunnel.ko
  XZ      /home/lain/codex/i915/my-unraid-kernel/build/modules-stage/lib/modules/6.18.44-Unraid/kernel/net/ipv6/ip6_udp_tunnel.ko.xz
  INSTALL /home/lain/codex/i915/my-unraid-kernel/build/modules-stage/lib/modules/6.18.44-Unraid/kernel/net/8021q/8021q.ko
  XZ      /home/lain/codex/i915/my-unraid-kernel/build/modules-stage/lib/modules/6.18.44-Unraid/kernel/net/8021q/8021q.ko.xz
  INSTALL /home/lain/codex/i915/my-unraid-kernel/build/modules-stage/lib/modules/6.18.44-Unraid/kernel/net/wireless/cfg80211.ko
  XZ      /home/lain/codex/i915/my-unraid-kernel/build/modules-stage/lib/modules/6.18.44-Unraid/kernel/net/wireless/cfg80211.ko.xz
  INSTALL /home/lain/codex/i915/my-unraid-kernel/build/modules-stage/lib/modules/6.18.44-Unraid/kernel/net/9p/9pnet_virtio.ko
  XZ      /home/lain/codex/i915/my-unraid-kernel/build/modules-stage/lib/modules/6.18.44-Unraid/kernel/net/9p/9pnet_virtio.ko.xz
  INSTALL /home/lain/codex/i915/my-unraid-kernel/build/modules-stage/lib/modules/6.18.44-Unraid/kernel/net/mpls/mpls_gso.ko
  XZ      /home/lain/codex/i915/my-unraid-kernel/build/modules-stage/lib/modules/6.18.44-Unraid/kernel/net/mpls/mpls_gso.ko.xz
  INSTALL /home/lain/codex/i915/my-unraid-kernel/build/modules-stage/lib/modules/6.18.44-Unraid/kernel/net/llc/llc.ko
  XZ      /home/lain/codex/i915/my-unraid-kernel/build/modules-stage/lib/modules/6.18.44-Unraid/kernel/net/llc/llc.ko.xz
  INSTALL /home/lain/codex/i915/my-unraid-kernel/build/modules-stage/lib/modules/6.18.44-Unraid/kernel/net/tls/tls.ko
  XZ      /home/lain/codex/i915/my-unraid-kernel/build/modules-stage/lib/modules/6.18.44-Unraid/kernel/net/tls/tls.ko.xz
  INSTALL /home/lain/codex/i915/my-unraid-kernel/build/modules-stage/lib/modules/6.18.44-Unraid/kernel/net/packet/af_packet.ko
  XZ      /home/lain/codex/i915/my-unraid-kernel/build/modules-stage/lib/modules/6.18.44-Unraid/kernel/net/packet/af_packet.ko.xz
  INSTALL /home/lain/codex/i915/my-unraid-kernel/build/modules-stage/lib/modules/6.18.44-Unraid/kernel/net/packet/af_packet_diag.ko
  XZ      /home/lain/codex/i915/my-unraid-kernel/build/modules-stage/lib/modules/6.18.44-Unraid/kernel/net/packet/af_packet_diag.ko.xz
  INSTALL /home/lain/codex/i915/my-unraid-kernel/build/modules-stage/lib/modules/6.18.44-Unraid/kernel/net/key/af_key.ko
  XZ      /home/lain/codex/i915/my-unraid-kernel/build/modules-stage/lib/modules/6.18.44-Unraid/kernel/net/key/af_key.ko.xz
  INSTALL /home/lain/codex/i915/my-unraid-kernel/build/modules-stage/lib/modules/6.18.44-Unraid/kernel/net/bridge/netfilter/nft_meta_bridge.ko
  XZ      /home/lain/codex/i915/my-unraid-kernel/build/modules-stage/lib/modules/6.18.44-Unraid/kernel/net/bridge/netfilter/nft_meta_bridge.ko.xz
  INSTALL /home/lain/codex/i915/my-unraid-kernel/build/modules-stage/lib/modules/6.18.44-Unraid/kernel/net/bridge/netfilter/nft_reject_bridge.ko
  XZ      /home/lain/codex/i915/my-unraid-kernel/build/modules-stage/lib/modules/6.18.44-Unraid/kernel/net/bridge/netfilter/nft_reject_bridge.ko.xz
  INSTALL /home/lain/codex/i915/my-unraid-kernel/build/modules-stage/lib/modules/6.18.44-Unraid/kernel/net/bridge/netfilter/nf_conntrack_bridge.ko
  XZ      /home/lain/codex/i915/my-unraid-kernel/build/modules-stage/lib/modules/6.18.44-Unraid/kernel/net/bridge/netfilter/nf_conntrack_bridge.ko.xz
  INSTALL /home/lain/codex/i915/my-unraid-kernel/build/modules-stage/lib/modules/6.18.44-Unraid/kernel/net/bridge/netfilter/ebt_802_3.ko
  XZ      /home/lain/codex/i915/my-unraid-kernel/build/modules-stage/lib/modules/6.18.44-Unraid/kernel/net/bridge/netfilter/ebt_802_3.ko.xz
  INSTALL /home/lain/codex/i915/my-unraid-kernel/build/modules-stage/lib/modules/6.18.44-Unraid/kernel/net/bridge/netfilter/ebt_among.ko
  XZ      /home/lain/codex/i915/my-unraid-kernel/build/modules-stage/lib/modules/6.18.44-Unraid/kernel/net/bridge/netfilter/ebt_among.ko.xz
  INSTALL /home/lain/codex/i915/my-unraid-kernel/build/modules-stage/lib/modules/6.18.44-Unraid/kernel/net/bridge/netfilter/ebt_arp.ko
  XZ      /home/lain/codex/i915/my-unraid-kernel/build/modules-stage/lib/modules/6.18.44-Unraid/kernel/net/bridge/netfilter/ebt_arp.ko.xz
  INSTALL /home/lain/codex/i915/my-unraid-kernel/build/modules-stage/lib/modules/6.18.44-Unraid/kernel/net/bridge/netfilter/ebt_ip.ko
  XZ      /home/lain/codex/i915/my-unraid-kernel/build/modules-stage/lib/modules/6.18.44-Unraid/kernel/net/bridge/netfilter/ebt_ip.ko.xz
  INSTALL /home/lain/codex/i915/my-unraid-kernel/build/modules-stage/lib/modules/6.18.44-Unraid/kernel/net/bridge/netfilter/ebt_ip6.ko
  XZ      /home/lain/codex/i915/my-unraid-kernel/build/modules-stage/lib/modules/6.18.44-Unraid/kernel/net/bridge/netfilter/ebt_ip6.ko.xz
  INSTALL /home/lain/codex/i915/my-unraid-kernel/build/modules-stage/lib/modules/6.18.44-Unraid/kernel/net/bridge/netfilter/ebt_limit.ko
  XZ      /home/lain/codex/i915/my-unraid-kernel/build/modules-stage/lib/modules/6.18.44-Unraid/kernel/net/bridge/netfilter/ebt_limit.ko.xz
  INSTALL /home/lain/codex/i915/my-unraid-kernel/build/modules-stage/lib/modules/6.18.44-Unraid/kernel/net/bridge/netfilter/ebt_mark_m.ko
  XZ      /home/lain/codex/i915/my-unraid-kernel/build/modules-stage/lib/modules/6.18.44-Unraid/kernel/net/bridge/netfilter/ebt_mark_m.ko.xz
  INSTALL /home/lain/codex/i915/my-unraid-kernel/build/modules-stage/lib/modules/6.18.44-Unraid/kernel/net/bridge/netfilter/ebt_pkttype.ko
  XZ      /home/lain/codex/i915/my-unraid-kernel/build/modules-stage/lib/modules/6.18.44-Unraid/kernel/net/bridge/netfilter/ebt_pkttype.ko.xz
  INSTALL /home/lain/codex/i915/my-unraid-kernel/build/modules-stage/lib/modules/6.18.44-Unraid/kernel/net/bridge/netfilter/ebt_stp.ko
  XZ      /home/lain/codex/i915/my-unraid-kernel/build/modules-stage/lib/modules/6.18.44-Unraid/kernel/net/bridge/netfilter/ebt_stp.ko.xz
  INSTALL /home/lain/codex/i915/my-unraid-kernel/build/modules-stage/lib/modules/6.18.44-Unraid/kernel/net/bridge/netfilter/ebt_vlan.ko
  XZ      /home/lain/codex/i915/my-unraid-kernel/build/modules-stage/lib/modules/6.18.44-Unraid/kernel/net/bridge/netfilter/ebt_vlan.ko.xz
  INSTALL /home/lain/codex/i915/my-unraid-kernel/build/modules-stage/lib/modules/6.18.44-Unraid/kernel/net/bridge/netfilter/ebt_arpreply.ko
  XZ      /home/lain/codex/i915/my-unraid-kernel/build/modules-stage/lib/modules/6.18.44-Unraid/kernel/net/bridge/netfilter/ebt_arpreply.ko.xz
  INSTALL /home/lain/codex/i915/my-unraid-kernel/build/modules-stage/lib/modules/6.18.44-Unraid/kernel/net/bridge/netfilter/ebt_mark.ko
  XZ      /home/lain/codex/i915/my-unraid-kernel/build/modules-stage/lib/modules/6.18.44-Unraid/kernel/net/bridge/netfilter/ebt_mark.ko.xz
  INSTALL /home/lain/codex/i915/my-unraid-kernel/build/modules-stage/lib/modules/6.18.44-Unraid/kernel/net/bridge/netfilter/ebt_dnat.ko
  XZ      /home/lain/codex/i915/my-unraid-kernel/build/modules-stage/lib/modules/6.18.44-Unraid/kernel/net/bridge/netfilter/ebt_dnat.ko.xz
  INSTALL /home/lain/codex/i915/my-unraid-kernel/build/modules-stage/lib/modules/6.18.44-Unraid/kernel/net/bridge/netfilter/ebt_redirect.ko
  XZ      /home/lain/codex/i915/my-unraid-kernel/build/modules-stage/lib/modules/6.18.44-Unraid/kernel/net/bridge/netfilter/ebt_redirect.ko.xz
  INSTALL /home/lain/codex/i915/my-unraid-kernel/build/modules-stage/lib/modules/6.18.44-Unraid/kernel/net/bridge/netfilter/ebt_snat.ko
  XZ      /home/lain/codex/i915/my-unraid-kernel/build/modules-stage/lib/modules/6.18.44-Unraid/kernel/net/bridge/netfilter/ebt_snat.ko.xz
  INSTALL /home/lain/codex/i915/my-unraid-kernel/build/modules-stage/lib/modules/6.18.44-Unraid/kernel/net/bridge/netfilter/ebt_log.ko
  XZ      /home/lain/codex/i915/my-unraid-kernel/build/modules-stage/lib/modules/6.18.44-Unraid/kernel/net/bridge/netfilter/ebt_log.ko.xz
  INSTALL /home/lain/codex/i915/my-unraid-kernel/build/modules-stage/lib/modules/6.18.44-Unraid/kernel/net/bridge/netfilter/ebt_nflog.ko
  XZ      /home/lain/codex/i915/my-unraid-kernel/build/modules-stage/lib/modules/6.18.44-Unraid/kernel/net/bridge/netfilter/ebt_nflog.ko.xz
  INSTALL /home/lain/codex/i915/my-unraid-kernel/build/modules-stage/lib/modules/6.18.44-Unraid/kernel/net/bridge/bridge.ko
  XZ      /home/lain/codex/i915/my-unraid-kernel/build/modules-stage/lib/modules/6.18.44-Unraid/kernel/net/bridge/bridge.ko.xz
  INSTALL /home/lain/codex/i915/my-unraid-kernel/build/modules-stage/lib/modules/6.18.44-Unraid/kernel/net/bridge/br_netfilter.ko
  XZ      /home/lain/codex/i915/my-unraid-kernel/build/modules-stage/lib/modules/6.18.44-Unraid/kernel/net/bridge/br_netfilter.ko.xz
  INSTALL /home/lain/codex/i915/my-unraid-kernel/build/modules-stage/lib/modules/6.18.44-Unraid/kernel/net/can/can.ko
  XZ      /home/lain/codex/i915/my-unraid-kernel/build/modules-stage/lib/modules/6.18.44-Unraid/kernel/net/can/can.ko.xz
  INSTALL /home/lain/codex/i915/my-unraid-kernel/build/modules-stage/lib/modules/6.18.44-Unraid/kernel/net/can/can-raw.ko
  XZ      /home/lain/codex/i915/my-unraid-kernel/build/modules-stage/lib/modules/6.18.44-Unraid/kernel/net/can/can-raw.ko.xz
  INSTALL /home/lain/codex/i915/my-unraid-kernel/build/modules-stage/lib/modules/6.18.44-Unraid/kernel/net/can/can-bcm.ko
  XZ      /home/lain/codex/i915/my-unraid-kernel/build/modules-stage/lib/modules/6.18.44-Unraid/kernel/net/can/can-bcm.ko.xz
  INSTALL /home/lain/codex/i915/my-unraid-kernel/build/modules-stage/lib/modules/6.18.44-Unraid/kernel/net/can/can-gw.ko
  XZ      /home/lain/codex/i915/my-unraid-kernel/build/modules-stage/lib/modules/6.18.44-Unraid/kernel/net/can/can-gw.ko.xz
  INSTALL /home/lain/codex/i915/my-unraid-kernel/build/modules-stage/lib/modules/6.18.44-Unraid/kernel/net/can/j1939/can-j1939.ko
  XZ      /home/lain/codex/i915/my-unraid-kernel/build/modules-stage/lib/modules/6.18.44-Unraid/kernel/net/can/j1939/can-j1939.ko.xz
  INSTALL /home/lain/codex/i915/my-unraid-kernel/build/modules-stage/lib/modules/6.18.44-Unraid/kernel/net/can/can-isotp.ko
  XZ      /home/lain/codex/i915/my-unraid-kernel/build/modules-stage/lib/modules/6.18.44-Unraid/kernel/net/can/can-isotp.ko.xz
  INSTALL /home/lain/codex/i915/my-unraid-kernel/build/modules-stage/lib/modules/6.18.44-Unraid/kernel/net/bluetooth/bluetooth.ko
  XZ      /home/lain/codex/i915/my-unraid-kernel/build/modules-stage/lib/modules/6.18.44-Unraid/kernel/net/bluetooth/bluetooth.ko.xz
  INSTALL /home/lain/codex/i915/my-unraid-kernel/build/modules-stage/lib/modules/6.18.44-Unraid/kernel/net/bluetooth/rfcomm/rfcomm.ko
  XZ      /home/lain/codex/i915/my-unraid-kernel/build/modules-stage/lib/modules/6.18.44-Unraid/kernel/net/bluetooth/rfcomm/rfcomm.ko.xz
  INSTALL /home/lain/codex/i915/my-unraid-kernel/build/modules-stage/lib/modules/6.18.44-Unraid/kernel/net/bluetooth/bnep/bnep.ko
  XZ      /home/lain/codex/i915/my-unraid-kernel/build/modules-stage/lib/modules/6.18.44-Unraid/kernel/net/bluetooth/bnep/bnep.ko.xz
  INSTALL /home/lain/codex/i915/my-unraid-kernel/build/modules-stage/lib/modules/6.18.44-Unraid/kernel/net/bluetooth/hidp/hidp.ko
  XZ      /home/lain/codex/i915/my-unraid-kernel/build/modules-stage/lib/modules/6.18.44-Unraid/kernel/net/bluetooth/hidp/hidp.ko.xz
  INSTALL /home/lain/codex/i915/my-unraid-kernel/build/modules-stage/lib/modules/6.18.44-Unraid/kernel/net/sunrpc/sunrpc.ko
  XZ      /home/lain/codex/i915/my-unraid-kernel/build/modules-stage/lib/modules/6.18.44-Unraid/kernel/net/sunrpc/sunrpc.ko.xz
  INSTALL /home/lain/codex/i915/my-unraid-kernel/build/modules-stage/lib/modules/6.18.44-Unraid/kernel/net/sunrpc/auth_gss/auth_rpcgss.ko
  XZ      /home/lain/codex/i915/my-unraid-kernel/build/modules-stage/lib/modules/6.18.44-Unraid/kernel/net/sunrpc/auth_gss/auth_rpcgss.ko.xz
  INSTALL /home/lain/codex/i915/my-unraid-kernel/build/modules-stage/lib/modules/6.18.44-Unraid/kernel/net/sunrpc/auth_gss/rpcsec_gss_krb5.ko
  XZ      /home/lain/codex/i915/my-unraid-kernel/build/modules-stage/lib/modules/6.18.44-Unraid/kernel/net/sunrpc/auth_gss/rpcsec_gss_krb5.ko.xz
  INSTALL /home/lain/codex/i915/my-unraid-kernel/build/modules-stage/lib/modules/6.18.44-Unraid/kernel/net/mac80211/mac80211.ko
  XZ      /home/lain/codex/i915/my-unraid-kernel/build/modules-stage/lib/modules/6.18.44-Unraid/kernel/net/mac80211/mac80211.ko.xz
  INSTALL /home/lain/codex/i915/my-unraid-kernel/build/modules-stage/lib/modules/6.18.44-Unraid/kernel/net/rfkill/rfkill.ko
  XZ      /home/lain/codex/i915/my-unraid-kernel/build/modules-stage/lib/modules/6.18.44-Unraid/kernel/net/rfkill/rfkill.ko.xz
  INSTALL /home/lain/codex/i915/my-unraid-kernel/build/modules-stage/lib/modules/6.18.44-Unraid/kernel/net/rfkill/rfkill-gpio.ko
  XZ      /home/lain/codex/i915/my-unraid-kernel/build/modules-stage/lib/modules/6.18.44-Unraid/kernel/net/rfkill/rfkill-gpio.ko.xz
  INSTALL /home/lain/codex/i915/my-unraid-kernel/build/modules-stage/lib/modules/6.18.44-Unraid/kernel/net/dns_resolver/dns_resolver.ko
  XZ      /home/lain/codex/i915/my-unraid-kernel/build/modules-stage/lib/modules/6.18.44-Unraid/kernel/net/dns_resolver/dns_resolver.ko.xz
  INSTALL /home/lain/codex/i915/my-unraid-kernel/build/modules-stage/lib/modules/6.18.44-Unraid/kernel/net/openvswitch/openvswitch.ko
  XZ      /home/lain/codex/i915/my-unraid-kernel/build/modules-stage/lib/modules/6.18.44-Unraid/kernel/net/openvswitch/openvswitch.ko.xz
  INSTALL /home/lain/codex/i915/my-unraid-kernel/build/modules-stage/lib/modules/6.18.44-Unraid/kernel/net/openvswitch/vport-vxlan.ko
  XZ      /home/lain/codex/i915/my-unraid-kernel/build/modules-stage/lib/modules/6.18.44-Unraid/kernel/net/openvswitch/vport-vxlan.ko.xz
  INSTALL /home/lain/codex/i915/my-unraid-kernel/build/modules-stage/lib/modules/6.18.44-Unraid/kernel/net/openvswitch/vport-gre.ko
  XZ      /home/lain/codex/i915/my-unraid-kernel/build/modules-stage/lib/modules/6.18.44-Unraid/kernel/net/openvswitch/vport-gre.ko.xz
  INSTALL /home/lain/codex/i915/my-unraid-kernel/build/modules-stage/lib/modules/6.18.44-Unraid/kernel/net/vmw_vsock/vsock.ko
  XZ      /home/lain/codex/i915/my-unraid-kernel/build/modules-stage/lib/modules/6.18.44-Unraid/kernel/net/vmw_vsock/vsock.ko.xz
  INSTALL /home/lain/codex/i915/my-unraid-kernel/build/modules-stage/lib/modules/6.18.44-Unraid/kernel/net/vmw_vsock/vsock_diag.ko
  XZ      /home/lain/codex/i915/my-unraid-kernel/build/modules-stage/lib/modules/6.18.44-Unraid/kernel/net/vmw_vsock/vsock_diag.ko.xz
  INSTALL /home/lain/codex/i915/my-unraid-kernel/build/modules-stage/lib/modules/6.18.44-Unraid/kernel/net/vmw_vsock/vmw_vsock_virtio_transport.ko
  XZ      /home/lain/codex/i915/my-unraid-kernel/build/modules-stage/lib/modules/6.18.44-Unraid/kernel/net/vmw_vsock/vmw_vsock_virtio_transport.ko.xz
  INSTALL /home/lain/codex/i915/my-unraid-kernel/build/modules-stage/lib/modules/6.18.44-Unraid/kernel/net/vmw_vsock/vmw_vsock_virtio_transport_common.ko
  XZ      /home/lain/codex/i915/my-unraid-kernel/build/modules-stage/lib/modules/6.18.44-Unraid/kernel/net/vmw_vsock/vmw_vsock_virtio_transport_common.ko.xz
  INSTALL /home/lain/codex/i915/my-unraid-kernel/build/modules-stage/lib/modules/6.18.44-Unraid/kernel/net/vmw_vsock/vsock_loopback.ko
  XZ      /home/lain/codex/i915/my-unraid-kernel/build/modules-stage/lib/modules/6.18.44-Unraid/kernel/net/vmw_vsock/vsock_loopback.ko.xz
  INSTALL /home/lain/codex/i915/my-unraid-kernel/build/modules-stage/lib/modules/6.18.44-Unraid/kernel/net/nsh/nsh.ko
  XZ      /home/lain/codex/i915/my-unraid-kernel/build/modules-stage/lib/modules/6.18.44-Unraid/kernel/net/nsh/nsh.ko.xz
  INSTALL /home/lain/codex/i915/my-unraid-kernel/build/modules-stage/lib/modules/6.18.44-Unraid/kernel/net/qrtr/qrtr.ko
  XZ      /home/lain/codex/i915/my-unraid-kernel/build/modules-stage/lib/modules/6.18.44-Unraid/kernel/net/qrtr/qrtr.ko.xz
  INSTALL /home/lain/codex/i915/my-unraid-kernel/build/modules-stage/lib/modules/6.18.44-Unraid/kernel/net/qrtr/qrtr-mhi.ko
  XZ      /home/lain/codex/i915/my-unraid-kernel/build/modules-stage/lib/modules/6.18.44-Unraid/kernel/net/qrtr/qrtr-mhi.ko.xz
  DEPMOD  /home/lain/codex/i915/my-unraid-kernel/build/modules-stage/lib/modules/6.18.44-Unraid
make: Leaving directory '/home/lain/codex/i915/my-unraid-kernel/build/linux-6.18.44'
